SET SQL_MODE = "NO_AUTO_VALUE_ON_ZERO";
SET time_zone = "+00:00";

/*!40101 SET @OLD_CHARACTER_SET_CLIENT=@@CHARACTER_SET_CLIENT */;
/*!40101 SET @OLD_CHARACTER_SET_RESULTS=@@CHARACTER_SET_RESULTS */;
/*!40101 SET @OLD_COLLATION_CONNECTION=@@COLLATION_CONNECTION */;
/*!40101 SET NAMES utf8mb4 */;

CREATE DATABASE IF NOT EXISTS `dibandeja` DEFAULT CHARACTER SET utf8 COLLATE utf8_general_ci;
USE `dibandeja`;

CREATE TABLE `bebidas` (
  `id` int(11) NOT NULL,
  `nome` varchar(255) COLLATE utf8_unicode_ci DEFAULT NULL,
  `teor_alcolico` int(11) DEFAULT NULL,
  `historico` text COLLATE utf8_unicode_ci
) ENGINE=InnoDB DEFAULT CHARSET=utf8 COLLATE=utf8_unicode_ci;

CREATE TABLE `caracteristicas` (
  `id` int(11) NOT NULL,
  `descricao` varchar(255) DEFAULT NULL,
  `created_at` datetime NOT NULL,
  `updated_at` datetime NOT NULL
) ENGINE=InnoDB DEFAULT CHARSET=utf8;

INSERT INTO `caracteristicas` (`id`, `descricao`, `created_at`, `updated_at`) VALUES
(1, 'abcde', '2017-03-08 21:25:19', '2017-03-08 21:25:19'),
(2, 'Comprido', '2017-03-08 21:35:45', '2017-03-08 21:35:45'),
(3, 'Curto', '2017-03-08 21:35:52', '2017-03-08 21:35:52'),
(4, 'Cura', '2017-03-08 21:36:07', '2017-03-08 21:36:07'),
(5, 'Teste de JSON', '2017-03-08 22:41:05', '2017-03-08 22:41:05'),
(6, 'teste 1', '2017-03-08 22:41:39', '2017-03-08 22:41:39'),
(7, 'teste', '2017-03-09 01:30:36', '2017-03-09 01:30:36'),
(8, 'amargo', '2017-03-22 13:53:56', '2017-03-22 13:53:56'),
(9, 'teste1', '2017-03-30 22:36:20', '2017-03-30 22:36:20'),
(10, 'teste2', '2017-03-30 22:38:42', '2017-03-30 22:38:42'),
(11, 'ededdeedededededde', '2017-03-30 22:47:16', '2017-03-30 22:47:16'),
(12, 'gfgffggffggfgf', '2017-03-30 22:48:02', '2017-03-30 22:48:02'),
(13, 'sdsdsddsds', '2017-03-30 22:48:33', '2017-03-30 22:48:33'),
(14, 'ertterertertertetr', '2017-03-30 22:49:07', '2017-03-30 22:49:07'),
(15, 'asdadsdsadsadsadsdas', '2017-03-30 22:53:26', '2017-03-30 22:53:26'),
(16, 'asdasdadsadsads', '2017-03-30 22:54:15', '2017-03-30 22:54:15'),
(17, 'ewweewweewweewewwe', '2017-03-30 22:57:11', '2017-03-30 22:57:11'),
(18, 'sdsddsdsaasdasadds', '2017-03-30 22:59:54', '2017-03-30 22:59:54'),
(19, 'sdfsdfsdfsdfsfd', '2017-03-30 23:00:41', '2017-03-30 23:00:41'),
(20, 'asadsdasdsadas', '2017-03-30 23:00:55', '2017-03-30 23:00:55'),
(21, 'testeeeeeeeee3333', '2017-03-30 23:01:49', '2017-03-30 23:01:49'),
(22, 'dsaasdasdasddassdadasadsadsdsadasdas', '2017-03-30 23:02:20', '2017-03-30 23:02:20'),
(23, 'sdassdweddeffewewfwewewfewfewfe', '2017-03-30 23:02:51', '2017-03-30 23:02:51'),
(24, 'aaaaaaaa', '2017-03-30 23:03:23', '2017-03-30 23:03:23'),
(25, 'wfewefefwfewfefewfe', '2017-03-30 23:05:25', '2017-03-30 23:05:25'),
(26, 'sfdsfdfdssfdsdfsfdfsd', '2017-03-30 23:06:24', '2017-03-30 23:06:24'),
(27, 'sddssdds', '2017-03-30 23:08:27', '2017-03-30 23:08:27'),
(28, 'dsaadsadsadsads', '2017-03-30 23:09:00', '2017-03-30 23:09:00'),
(29, 'sddssdsddssd', '2017-03-30 23:09:17', '2017-03-30 23:09:17'),
(30, 'dasadsdsadasdsa', '2017-03-30 23:09:34', '2017-03-30 23:09:34'),
(31, 'sdsdsddsdss', '2017-03-30 23:09:53', '2017-03-30 23:09:53'),
(32, 'sddsdsdssd', '2017-03-30 23:13:09', '2017-03-30 23:13:09'),
(33, 'dsdssddssd', '2017-03-30 23:14:12', '2017-03-30 23:14:12'),
(34, 'sddssddsds', '2017-03-30 23:15:12', '2017-03-30 23:15:12'),
(35, 'sddsdsdssdds', '2017-03-30 23:16:17', '2017-03-30 23:16:17'),
(36, 'dsdssdsdds', '2017-03-30 23:22:18', '2017-03-30 23:22:18'),
(37, 'sddsdsdssds', '2017-03-30 23:23:21', '2017-03-30 23:23:21'),
(38, 'aaaaaaa', '2017-03-30 23:23:50', '2017-03-30 23:23:50'),
(39, 'aaaa', '2017-03-30 23:24:02', '2017-03-30 23:24:02');

CREATE TABLE `cardapios` (
  `id` int(11) NOT NULL,
  `data` date DEFAULT NULL,
  `tipo_cardapio_id` int(11) DEFAULT NULL,
  `periodo_id` int(11) DEFAULT NULL,
  `calendario_key` int(11) DEFAULT NULL,
  `show_fornecedores` tinyint(1) DEFAULT NULL,
  `show_receitas` tinyint(1) DEFAULT NULL,
  `show_ingredientes` tinyint(1) DEFAULT NULL
) ENGINE=InnoDB DEFAULT CHARSET=utf8 COLLATE=utf8_unicode_ci;

CREATE TABLE `cardapios_momentos` (
  `momento_id` int(11) DEFAULT NULL,
  `cardapio_id` int(11) DEFAULT NULL
) ENGINE=InnoDB DEFAULT CHARSET=utf8 COLLATE=utf8_unicode_ci;

CREATE TABLE `cardapios_ocasiaos` (
  `ocasiao_id` int(11) DEFAULT NULL,
  `cardapio_id` int(11) DEFAULT NULL
) ENGINE=InnoDB DEFAULT CHARSET=utf8 COLLATE=utf8_unicode_ci;

CREATE TABLE `cidades` (
  `id` int(11) NOT NULL,
  `nome` varchar(120) COLLATE utf8_unicode_ci DEFAULT NULL,
  `estado_id` int(11) DEFAULT NULL
) ENGINE=InnoDB DEFAULT CHARSET=utf8 COLLATE=utf8_unicode_ci;

INSERT INTO `cidades` (`id`, `nome`, `estado_id`) VALUES
(1, 'Afonso Cláudio', 8),
(2, 'Água Doce do Norte', 8),
(3, 'Águia Branca', 8),
(4, 'Alegre', 8),
(5, 'Alfredo Chaves', 8),
(6, 'Alto Rio Novo', 8),
(7, 'Anchieta', 8),
(8, 'Apiacá', 8),
(9, 'Aracruz', 8),
(10, 'Atilio Vivacqua', 8),
(11, 'Baixo Guandu', 8),
(12, 'Barra de São Francisco', 8),
(13, 'Boa Esperança', 8),
(14, 'Bom Jesus do Norte', 8),
(15, 'Brejetuba', 8),
(16, 'Cachoeiro de Itapemirim', 8),
(17, 'Cariacica', 8),
(18, 'Castelo', 8),
(19, 'Colatina', 8),
(20, 'Conceição da Barra', 8),
(21, 'Conceição do Castelo', 8),
(22, 'Divino de São Lourenço', 8),
(23, 'Domingos Martins', 8),
(24, 'Dores do Rio Preto', 8),
(25, 'Ecoporanga', 8),
(26, 'Fundão', 8),
(27, 'Governador Lindenberg', 8),
(28, 'Guaçuí', 8),
(29, 'Guarapari', 8),
(30, 'Ibatiba', 8),
(31, 'Ibiraçu', 8),
(32, 'Ibitirama', 8),
(33, 'Iconha', 8),
(34, 'Irupi', 8),
(35, 'Itaguaçu', 8),
(36, 'Itapemirim', 8),
(37, 'Itarana', 8),
(38, 'Iúna', 8),
(39, 'Jaguaré', 8),
(40, 'Jerônimo Monteiro', 8),
(41, 'João Neiva', 8),
(42, 'Laranja da Terra', 8),
(43, 'Linhares', 8),
(44, 'Mantenópolis', 8),
(45, 'Marataízes', 8),
(46, 'Marechal Floriano', 8),
(47, 'Marilândia', 8),
(48, 'Mimoso do Sul', 8),
(49, 'Montanha', 8),
(50, 'Mucurici', 8),
(51, 'Muniz Freire', 8),
(52, 'Muqui', 8),
(53, 'Nova Venécia', 8),
(54, 'Pancas', 8),
(55, 'Pedro Canário', 8),
(56, 'Pinheiros', 8),
(57, 'Piúma', 8),
(58, 'Ponto Belo', 8),
(59, 'Presidente Kennedy', 8),
(60, 'Rio Bananal', 8),
(61, 'Rio Novo do Sul', 8),
(62, 'Santa Leopoldina', 8),
(63, 'Santa Maria de Jetibá', 8),
(64, 'Santa Teresa', 8),
(65, 'São Domingos do Norte', 8),
(66, 'São Gabriel da Palha', 8),
(67, 'São José do Calçado', 8),
(68, 'São Mateus', 8),
(69, 'São Roque do Canaã', 8),
(70, 'Serra', 8),
(71, 'Sooretama', 8),
(72, 'Vargem Alta', 8),
(73, 'Venda Nova do Imigrante', 8),
(74, 'Viana', 8),
(75, 'Vila Pavão', 8),
(76, 'Vila Valério', 8),
(77, 'Vila Velha', 8),
(78, 'Vitória', 8),
(79, 'Acrelândia', 1),
(80, 'Assis Brasil', 1),
(81, 'Brasiléia', 1),
(82, 'Bujari', 1),
(83, 'Capixaba', 1),
(84, 'Cruzeiro do Sul', 1),
(85, 'Epitaciolândia', 1),
(86, 'Feijó', 1),
(87, 'Jordão', 1),
(88, 'Mâncio Lima', 1),
(89, 'Manoel Urbano', 1),
(90, 'Marechal Thaumaturgo', 1),
(91, 'Plácido de Castro', 1),
(92, 'Porto Acre', 1),
(93, 'Porto Walter', 1),
(94, 'Rio Branco', 1),
(95, 'Rodrigues Alves', 1),
(96, 'Santa Rosa do Purus', 1),
(97, 'Sena Madureira', 1),
(98, 'Senador Guiomard', 1),
(99, 'Tarauacá', 1),
(100, 'Xapuri', 1),
(101, 'Água Branca', 2),
(102, 'Anadia', 2),
(103, 'Arapiraca', 2),
(104, 'Atalaia', 2),
(105, 'Barra de Santo Antônio', 2),
(106, 'Barra de São Miguel', 2),
(107, 'Batalha', 2),
(108, 'Belém', 2),
(109, 'Belo Monte', 2),
(110, 'Boca da Mata', 2),
(111, 'Branquinha', 2),
(112, 'Cacimbinhas', 2),
(113, 'Cajueiro', 2),
(114, 'Campestre', 2),
(115, 'Campo Alegre', 2),
(116, 'Campo Grande', 2),
(117, 'Canapi', 2),
(118, 'Capela', 2),
(119, 'Carneiros', 2),
(120, 'Chã Preta', 2),
(121, 'Coité do Nóia', 2),
(122, 'Colônia Leopoldina', 2),
(123, 'Coqueiro Seco', 2),
(124, 'Coruripe', 2),
(125, 'Craíbas', 2),
(126, 'Delmiro Gouveia', 2),
(127, 'Dois Riachos', 2),
(128, 'Estrela de Alagoas', 2),
(129, 'Feira Grande', 2),
(130, 'Feliz Deserto', 2),
(131, 'Flexeiras', 2),
(132, 'Girau do Ponciano', 2),
(133, 'Ibateguara', 2),
(134, 'Igaci', 2),
(135, 'Igreja Nova', 2),
(136, 'Inhapi', 2),
(137, 'Jacaré dos Homens', 2),
(138, 'Jacuípe', 2),
(139, 'Japaratinga', 2),
(140, 'Jaramataia', 2),
(141, 'Jequiá da Praia', 2),
(142, 'Joaquim Gomes', 2),
(143, 'Jundiá', 2),
(144, 'Junqueiro', 2),
(145, 'Lagoa da Canoa', 2),
(146, 'Limoeiro de Anadia', 2),
(147, 'Maceió', 2),
(148, 'Major Isidoro', 2),
(149, 'Mar Vermelho', 2),
(150, 'Maragogi', 2),
(151, 'Maravilha', 2),
(152, 'Marechal Deodoro', 2),
(153, 'Maribondo', 2),
(154, 'Mata Grande', 2),
(155, 'Matriz de Camaragibe', 2),
(156, 'Messias', 2),
(157, 'Minador do Negrão', 2),
(158, 'Monteirópolis', 2),
(159, 'Murici', 2),
(160, 'Novo Lino', 2),
(161, 'Olho d`Água das Flores', 2),
(162, 'Olho d`Água do Casado', 2),
(163, 'Olho d`Água Grande', 2),
(164, 'Olivença', 2),
(165, 'Ouro Branco', 2),
(166, 'Palestina', 2),
(167, 'Palmeira dos Índios', 2),
(168, 'Pão de Açúcar', 2),
(169, 'Pariconha', 2),
(170, 'Paripueira', 2),
(171, 'Passo de Camaragibe', 2),
(172, 'Paulo Jacinto', 2),
(173, 'Penedo', 2),
(174, 'Piaçabuçu', 2),
(175, 'Pilar', 2),
(176, 'Pindoba', 2),
(177, 'Piranhas', 2),
(178, 'Poço das Trincheiras', 2),
(179, 'Porto Calvo', 2),
(180, 'Porto de Pedras', 2),
(181, 'Porto Real do Colégio', 2),
(182, 'Quebrangulo', 2),
(183, 'Rio Largo', 2),
(184, 'Roteiro', 2),
(185, 'Santa Luzia do Norte', 2),
(186, 'Santana do Ipanema', 2),
(187, 'Santana do Mundaú', 2),
(188, 'São Brás', 2),
(189, 'São José da Laje', 2),
(190, 'São José da Tapera', 2),
(191, 'São Luís do Quitunde', 2),
(192, 'São Miguel dos Campos', 2),
(193, 'São Miguel dos Milagres', 2),
(194, 'São Sebastião', 2),
(195, 'Satuba', 2),
(196, 'Senador Rui Palmeira', 2),
(197, 'Tanque d`Arca', 2),
(198, 'Taquarana', 2),
(199, 'Teotônio Vilela', 2),
(200, 'Traipu', 2),
(201, 'União dos Palmares', 2),
(202, 'Viçosa', 2),
(203, 'Amapá', 4),
(204, 'Calçoene', 4),
(205, 'Cutias', 4),
(206, 'Ferreira Gomes', 4),
(207, 'Itaubal', 4),
(208, 'Laranjal do Jari', 4),
(209, 'Macapá', 4),
(210, 'Mazagão', 4),
(211, 'Oiapoque', 4),
(212, 'Pedra Branca do Amaparí', 4),
(213, 'Porto Grande', 4),
(214, 'Pracuúba', 4),
(215, 'Santana', 4),
(216, 'Serra do Navio', 4),
(217, 'Tartarugalzinho', 4),
(218, 'Vitória do Jari', 4),
(219, 'Alvarães', 3),
(220, 'Amaturá', 3),
(221, 'Anamã', 3),
(222, 'Anori', 3),
(223, 'Apuí', 3),
(224, 'Atalaia do Norte', 3),
(225, 'Autazes', 3),
(226, 'Barcelos', 3),
(227, 'Barreirinha', 3),
(228, 'Benjamin Constant', 3),
(229, 'Beruri', 3),
(230, 'Boa Vista do Ramos', 3),
(231, 'Boca do Acre', 3),
(232, 'Borba', 3),
(233, 'Caapiranga', 3),
(234, 'Canutama', 3),
(235, 'Carauari', 3),
(236, 'Careiro', 3),
(237, 'Careiro da Várzea', 3),
(238, 'Coari', 3),
(239, 'Codajás', 3),
(240, 'Eirunepé', 3),
(241, 'Envira', 3),
(242, 'Fonte Boa', 3),
(243, 'Guajará', 3),
(244, 'Humaitá', 3),
(245, 'Ipixuna', 3),
(246, 'Iranduba', 3),
(247, 'Itacoatiara', 3),
(248, 'Itamarati', 3),
(249, 'Itapiranga', 3),
(250, 'Japurá', 3),
(251, 'Juruá', 3),
(252, 'Jutaí', 3),
(253, 'Lábrea', 3),
(254, 'Manacapuru', 3),
(255, 'Manaquiri', 3),
(256, 'Manaus', 3),
(257, 'Manicoré', 3),
(258, 'Maraã', 3),
(259, 'Maués', 3),
(260, 'Nhamundá', 3),
(261, 'Nova Olinda do Norte', 3),
(262, 'Novo Airão', 3),
(263, 'Novo Aripuanã', 3),
(264, 'Parintins', 3),
(265, 'Pauini', 3),
(266, 'Presidente Figueiredo', 3),
(267, 'Rio Preto da Eva', 3),
(268, 'Santa Isabel do Rio Negro', 3),
(269, 'Santo Antônio do Içá', 3),
(270, 'São Gabriel da Cachoeira', 3),
(271, 'São Paulo de Olivença', 3),
(272, 'São Sebastião do Uatumã', 3),
(273, 'Silves', 3),
(274, 'Tabatinga', 3),
(275, 'Tapauá', 3),
(276, 'Tefé', 3),
(277, 'Tonantins', 3),
(278, 'Uarini', 3),
(279, 'Urucará', 3),
(280, 'Urucurituba', 3),
(281, 'Abaíra', 5),
(282, 'Abaré', 5),
(283, 'Acajutiba', 5),
(284, 'Adustina', 5),
(285, 'Água Fria', 5),
(286, 'Aiquara', 5),
(287, 'Alagoinhas', 5),
(288, 'Alcobaça', 5),
(289, 'Almadina', 5),
(290, 'Amargosa', 5),
(291, 'Amélia Rodrigues', 5),
(292, 'América Dourada', 5),
(293, 'Anagé', 5),
(294, 'Andaraí', 5),
(295, 'Andorinha', 5),
(296, 'Angical', 5),
(297, 'Anguera', 5),
(298, 'Antas', 5),
(299, 'Antônio Cardoso', 5),
(300, 'Antônio Gonçalves', 5),
(301, 'Aporá', 5),
(302, 'Apuarema', 5),
(303, 'Araças', 5),
(304, 'Aracatu', 5),
(305, 'Araci', 5),
(306, 'Aramari', 5),
(307, 'Arataca', 5),
(308, 'Aratuípe', 5),
(309, 'Aurelino Leal', 5),
(310, 'Baianópolis', 5),
(311, 'Baixa Grande', 5),
(312, 'Banzaê', 5),
(313, 'Barra', 5),
(314, 'Barra da Estiva', 5),
(315, 'Barra do Choça', 5),
(316, 'Barra do Mendes', 5),
(317, 'Barra do Rocha', 5),
(318, 'Barreiras', 5),
(319, 'Barro Alto', 5),
(320, 'Barro Preto (antigo Gov. Lomanto Jr.)', 5),
(321, 'Barrocas', 5),
(322, 'Belmonte', 5),
(323, 'Belo Campo', 5),
(324, 'Biritinga', 5),
(325, 'Boa Nova', 5),
(326, 'Boa Vista do Tupim', 5),
(327, 'Bom Jesus da Lapa', 5),
(328, 'Bom Jesus da Serra', 5),
(329, 'Boninal', 5),
(330, 'Bonito', 5),
(331, 'Boquira', 5),
(332, 'Botuporã', 5),
(333, 'Brejões', 5),
(334, 'Brejolândia', 5),
(335, 'Brotas de Macaúbas', 5),
(336, 'Brumado', 5),
(337, 'Buerarema', 5),
(338, 'Buritirama', 5),
(339, 'Caatiba', 5),
(340, 'Cabaceiras do Paraguaçu', 5),
(341, 'Cachoeira', 5),
(342, 'Caculé', 5),
(343, 'Caém', 5),
(344, 'Caetanos', 5),
(345, 'Caetité', 5),
(346, 'Cafarnaum', 5),
(347, 'Cairu', 5),
(348, 'Caldeirão Grande', 5),
(349, 'Camacan', 5),
(350, 'Camaçari', 5),
(351, 'Camamu', 5),
(352, 'Campo Alegre de Lourdes', 5),
(353, 'Campo Formoso', 5),
(354, 'Canápolis', 5),
(355, 'Canarana', 5),
(356, 'Canavieiras', 5),
(357, 'Candeal', 5),
(358, 'Candeias', 5),
(359, 'Candiba', 5),
(360, 'Cândido Sales', 5),
(361, 'Cansanção', 5),
(362, 'Canudos', 5),
(363, 'Capela do Alto Alegre', 5),
(364, 'Capim Grosso', 5),
(365, 'Caraíbas', 5),
(366, 'Caravelas', 5),
(367, 'Cardeal da Silva', 5),
(368, 'Carinhanha', 5),
(369, 'Casa Nova', 5),
(370, 'Castro Alves', 5),
(371, 'Catolândia', 5),
(372, 'Catu', 5),
(373, 'Caturama', 5),
(374, 'Central', 5),
(375, 'Chorrochó', 5),
(376, 'Cícero Dantas', 5),
(377, 'Cipó', 5),
(378, 'Coaraci', 5),
(379, 'Cocos', 5),
(380, 'Conceição da Feira', 5),
(381, 'Conceição do Almeida', 5),
(382, 'Conceição do Coité', 5),
(383, 'Conceição do Jacuípe', 5),
(384, 'Conde', 5),
(385, 'Condeúba', 5),
(386, 'Contendas do Sincorá', 5),
(387, 'Coração de Maria', 5),
(388, 'Cordeiros', 5),
(389, 'Coribe', 5),
(390, 'Coronel João Sá', 5),
(391, 'Correntina', 5),
(392, 'Cotegipe', 5),
(393, 'Cravolândia', 5),
(394, 'Crisópolis', 5),
(395, 'Cristópolis', 5),
(396, 'Cruz das Almas', 5),
(397, 'Curaçá', 5),
(398, 'Dário Meira', 5),
(399, 'Dias d`Ávila', 5),
(400, 'Dom Basílio', 5),
(401, 'Dom Macedo Costa', 5),
(402, 'Elísio Medrado', 5),
(403, 'Encruzilhada', 5),
(404, 'Entre Rios', 5),
(405, 'Érico Cardoso', 5),
(406, 'Esplanada', 5),
(407, 'Euclides da Cunha', 5),
(408, 'Eunápolis', 5),
(409, 'Fátima', 5),
(410, 'Feira da Mata', 5),
(411, 'Feira de Santana', 5),
(412, 'Filadélfia', 5),
(413, 'Firmino Alves', 5),
(414, 'Floresta Azul', 5),
(415, 'Formosa do Rio Preto', 5),
(416, 'Gandu', 5),
(417, 'Gavião', 5),
(418, 'Gentio do Ouro', 5),
(419, 'Glória', 5),
(420, 'Gongogi', 5),
(421, 'Governador Mangabeira', 5),
(422, 'Guajeru', 5),
(423, 'Guanambi', 5),
(424, 'Guaratinga', 5),
(425, 'Heliópolis', 5),
(426, 'Iaçu', 5),
(427, 'Ibiassucê', 5),
(428, 'Ibicaraí', 5),
(429, 'Ibicoara', 5),
(430, 'Ibicuí', 5),
(431, 'Ibipeba', 5),
(432, 'Ibipitanga', 5),
(433, 'Ibiquera', 5),
(434, 'Ibirapitanga', 5),
(435, 'Ibirapuã', 5),
(436, 'Ibirataia', 5),
(437, 'Ibitiara', 5),
(438, 'Ibititá', 5),
(439, 'Ibotirama', 5),
(440, 'Ichu', 5),
(441, 'Igaporã', 5),
(442, 'Igrapiúna', 5),
(443, 'Iguaí', 5),
(444, 'Ilhéus', 5),
(445, 'Inhambupe', 5),
(446, 'Ipecaetá', 5),
(447, 'Ipiaú', 5),
(448, 'Ipirá', 5),
(449, 'Ipupiara', 5),
(450, 'Irajuba', 5),
(451, 'Iramaia', 5),
(452, 'Iraquara', 5),
(453, 'Irará', 5),
(454, 'Irecê', 5),
(455, 'Itabela', 5),
(456, 'Itaberaba', 5),
(457, 'Itabuna', 5),
(458, 'Itacaré', 5),
(459, 'Itaeté', 5),
(460, 'Itagi', 5),
(461, 'Itagibá', 5),
(462, 'Itagimirim', 5),
(463, 'Itaguaçu da Bahia', 5),
(464, 'Itaju do Colônia', 5),
(465, 'Itajuípe', 5),
(466, 'Itamaraju', 5),
(467, 'Itamari', 5),
(468, 'Itambé', 5),
(469, 'Itanagra', 5),
(470, 'Itanhém', 5),
(471, 'Itaparica', 5),
(472, 'Itapé', 5),
(473, 'Itapebi', 5),
(474, 'Itapetinga', 5),
(475, 'Itapicuru', 5),
(476, 'Itapitanga', 5),
(477, 'Itaquara', 5),
(478, 'Itarantim', 5),
(479, 'Itatim', 5),
(480, 'Itiruçu', 5),
(481, 'Itiúba', 5),
(482, 'Itororó', 5),
(483, 'Ituaçu', 5),
(484, 'Ituberá', 5),
(485, 'Iuiú', 5),
(486, 'Jaborandi', 5),
(487, 'Jacaraci', 5),
(488, 'Jacobina', 5),
(489, 'Jaguaquara', 5),
(490, 'Jaguarari', 5),
(491, 'Jaguaripe', 5),
(492, 'Jandaíra', 5),
(493, 'Jequié', 5),
(494, 'Jeremoabo', 5),
(495, 'Jiquiriçá', 5),
(496, 'Jitaúna', 5),
(497, 'João Dourado', 5),
(498, 'Juazeiro', 5),
(499, 'Jucuruçu', 5),
(500, 'Jussara', 5),
(501, 'Jussari', 5),
(502, 'Jussiape', 5),
(503, 'Lafaiete Coutinho', 5),
(504, 'Lagoa Real', 5),
(505, 'Laje', 5),
(506, 'Lajedão', 5),
(507, 'Lajedinho', 5),
(508, 'Lajedo do Tabocal', 5),
(509, 'Lamarão', 5),
(510, 'Lapão', 5),
(511, 'Lauro de Freitas', 5),
(512, 'Lençóis', 5),
(513, 'Licínio de Almeida', 5),
(514, 'Livramento de Nossa Senhora', 5),
(515, 'Luís Eduardo Magalhães', 5),
(516, 'Macajuba', 5),
(517, 'Macarani', 5),
(518, 'Macaúbas', 5),
(519, 'Macururé', 5),
(520, 'Madre de Deus', 5),
(521, 'Maetinga', 5),
(522, 'Maiquinique', 5),
(523, 'Mairi', 5),
(524, 'Malhada', 5),
(525, 'Malhada de Pedras', 5),
(526, 'Manoel Vitorino', 5),
(527, 'Mansidão', 5),
(528, 'Maracás', 5),
(529, 'Maragogipe', 5),
(530, 'Maraú', 5),
(531, 'Marcionílio Souza', 5),
(532, 'Mascote', 5),
(533, 'Mata de São João', 5),
(534, 'Matina', 5),
(535, 'Medeiros Neto', 5),
(536, 'Miguel Calmon', 5),
(537, 'Milagres', 5),
(538, 'Mirangaba', 5),
(539, 'Mirante', 5),
(540, 'Monte Santo', 5),
(541, 'Morpará', 5),
(542, 'Morro do Chapéu', 5),
(543, 'Mortugaba', 5),
(544, 'Mucugê', 5),
(545, 'Mucuri', 5),
(546, 'Mulungu do Morro', 5),
(547, 'Mundo Novo', 5),
(548, 'Muniz Ferreira', 5),
(549, 'Muquém de São Francisco', 5),
(550, 'Muritiba', 5),
(551, 'Mutuípe', 5),
(552, 'Nazaré', 5),
(553, 'Nilo Peçanha', 5),
(554, 'Nordestina', 5),
(555, 'Nova Canaã', 5),
(556, 'Nova Fátima', 5),
(557, 'Nova Ibiá', 5),
(558, 'Nova Itarana', 5),
(559, 'Nova Redenção', 5),
(560, 'Nova Soure', 5),
(561, 'Nova Viçosa', 5),
(562, 'Novo Horizonte', 5),
(563, 'Novo Triunfo', 5),
(564, 'Olindina', 5),
(565, 'Oliveira dos Brejinhos', 5),
(566, 'Ouriçangas', 5),
(567, 'Ourolândia', 5),
(568, 'Palmas de Monte Alto', 5),
(569, 'Palmeiras', 5),
(570, 'Paramirim', 5),
(571, 'Paratinga', 5),
(572, 'Paripiranga', 5),
(573, 'Pau Brasil', 5),
(574, 'Paulo Afonso', 5),
(575, 'Pé de Serra', 5),
(576, 'Pedrão', 5),
(577, 'Pedro Alexandre', 5),
(578, 'Piatã', 5),
(579, 'Pilão Arcado', 5),
(580, 'Pindaí', 5),
(581, 'Pindobaçu', 5),
(582, 'Pintadas', 5),
(583, 'Piraí do Norte', 5),
(584, 'Piripá', 5),
(585, 'Piritiba', 5),
(586, 'Planaltino', 5),
(587, 'Planalto', 5),
(588, 'Poções', 5),
(589, 'Pojuca', 5),
(590, 'Ponto Novo', 5),
(591, 'Porto Seguro', 5),
(592, 'Potiraguá', 5),
(593, 'Prado', 5),
(594, 'Presidente Dutra', 5),
(595, 'Presidente Jânio Quadros', 5),
(596, 'Presidente Tancredo Neves', 5),
(597, 'Queimadas', 5),
(598, 'Quijingue', 5),
(599, 'Quixabeira', 5),
(600, 'Rafael Jambeiro', 5),
(601, 'Remanso', 5),
(602, 'Retirolândia', 5),
(603, 'Riachão das Neves', 5),
(604, 'Riachão do Jacuípe', 5),
(605, 'Riacho de Santana', 5),
(606, 'Ribeira do Amparo', 5),
(607, 'Ribeira do Pombal', 5),
(608, 'Ribeirão do Largo', 5),
(609, 'Rio de Contas', 5),
(610, 'Rio do Antônio', 5),
(611, 'Rio do Pires', 5),
(612, 'Rio Real', 5),
(613, 'Rodelas', 5),
(614, 'Ruy Barbosa', 5),
(615, 'Salinas da Margarida', 5),
(616, 'Salvador', 5),
(617, 'Santa Bárbara', 5),
(618, 'Santa Brígida', 5),
(619, 'Santa Cruz Cabrália', 5),
(620, 'Santa Cruz da Vitória', 5),
(621, 'Santa Inês', 5),
(622, 'Santa Luzia', 5),
(623, 'Santa Maria da Vitória', 5),
(624, 'Santa Rita de Cássia', 5),
(625, 'Santa Teresinha', 5),
(626, 'Santaluz', 5),
(627, 'Santana', 5),
(628, 'Santanópolis', 5),
(629, 'Santo Amaro', 5),
(630, 'Santo Antônio de Jesus', 5),
(631, 'Santo Estêvão', 5),
(632, 'São Desidério', 5),
(633, 'São Domingos', 5),
(634, 'São Felipe', 5),
(635, 'São Félix', 5),
(636, 'São Félix do Coribe', 5),
(637, 'São Francisco do Conde', 5),
(638, 'São Gabriel', 5),
(639, 'São Gonçalo dos Campos', 5),
(640, 'São José da Vitória', 5),
(641, 'São José do Jacuípe', 5),
(642, 'São Miguel das Matas', 5),
(643, 'São Sebastião do Passé', 5),
(644, 'Sapeaçu', 5),
(645, 'Sátiro Dias', 5),
(646, 'Saubara', 5),
(647, 'Saúde', 5),
(648, 'Seabra', 5),
(649, 'Sebastião Laranjeiras', 5),
(650, 'Senhor do Bonfim', 5),
(651, 'Sento Sé', 5),
(652, 'Serra do Ramalho', 5),
(653, 'Serra Dourada', 5),
(654, 'Serra Preta', 5),
(655, 'Serrinha', 5),
(656, 'Serrolândia', 5),
(657, 'Simões Filho', 5),
(658, 'Sítio do Mato', 5),
(659, 'Sítio do Quinto', 5),
(660, 'Sobradinho', 5),
(661, 'Souto Soares', 5),
(662, 'Tabocas do Brejo Velho', 5),
(663, 'Tanhaçu', 5),
(664, 'Tanque Novo', 5),
(665, 'Tanquinho', 5),
(666, 'Taperoá', 5),
(667, 'Tapiramutá', 5),
(668, 'Teixeira de Freitas', 5),
(669, 'Teodoro Sampaio', 5),
(670, 'Teofilândia', 5),
(671, 'Teolândia', 5),
(672, 'Terra Nova', 5),
(673, 'Tremedal', 5),
(674, 'Tucano', 5),
(675, 'Uauá', 5),
(676, 'Ubaíra', 5),
(677, 'Ubaitaba', 5),
(678, 'Ubatã', 5),
(679, 'Uibaí', 5),
(680, 'Umburanas', 5),
(681, 'Una', 5),
(682, 'Urandi', 5),
(683, 'Uruçuca', 5),
(684, 'Utinga', 5),
(685, 'Valença', 5),
(686, 'Valente', 5),
(687, 'Várzea da Roça', 5),
(688, 'Várzea do Poço', 5),
(689, 'Várzea Nova', 5),
(690, 'Varzedo', 5),
(691, 'Vera Cruz', 5),
(692, 'Vereda', 5),
(693, 'Vitória da Conquista', 5),
(694, 'Wagner', 5),
(695, 'Wanderley', 5),
(696, 'Wenceslau Guimarães', 5),
(697, 'Xique-Xique', 5),
(698, 'Abaiara', 6),
(699, 'Acarape', 6),
(700, 'Acaraú', 6),
(701, 'Acopiara', 6),
(702, 'Aiuaba', 6),
(703, 'Alcântaras', 6),
(704, 'Altaneira', 6),
(705, 'Alto Santo', 6),
(706, 'Amontada', 6),
(707, 'Antonina do Norte', 6),
(708, 'Apuiarés', 6),
(709, 'Aquiraz', 6),
(710, 'Aracati', 6),
(711, 'Aracoiaba', 6),
(712, 'Ararendá', 6),
(713, 'Araripe', 6),
(714, 'Aratuba', 6),
(715, 'Arneiroz', 6),
(716, 'Assaré', 6),
(717, 'Aurora', 6),
(718, 'Baixio', 6),
(719, 'Banabuiú', 6),
(720, 'Barbalha', 6),
(721, 'Barreira', 6),
(722, 'Barro', 6),
(723, 'Barroquinha', 6),
(724, 'Baturité', 6),
(725, 'Beberibe', 6),
(726, 'Bela Cruz', 6),
(727, 'Boa Viagem', 6),
(728, 'Brejo Santo', 6),
(729, 'Camocim', 6),
(730, 'Campos Sales', 6),
(731, 'Canindé', 6),
(732, 'Capistrano', 6),
(733, 'Caridade', 6),
(734, 'Cariré', 6),
(735, 'Caririaçu', 6),
(736, 'Cariús', 6),
(737, 'Carnaubal', 6),
(738, 'Cascavel', 6),
(739, 'Catarina', 6),
(740, 'Catunda', 6),
(741, 'Caucaia', 6),
(742, 'Cedro', 6),
(743, 'Chaval', 6),
(744, 'Choró', 6),
(745, 'Chorozinho', 6),
(746, 'Coreaú', 6),
(747, 'Crateús', 6),
(748, 'Crato', 6),
(749, 'Croatá', 6),
(750, 'Cruz', 6),
(751, 'Deputado Irapuan Pinheiro', 6),
(752, 'Ererê', 6),
(753, 'Eusébio', 6),
(754, 'Farias Brito', 6),
(755, 'Forquilha', 6),
(756, 'Fortaleza', 6),
(757, 'Fortim', 6),
(758, 'Frecheirinha', 6),
(759, 'General Sampaio', 6),
(760, 'Graça', 6),
(761, 'Granja', 6),
(762, 'Granjeiro', 6),
(763, 'Groaíras', 6),
(764, 'Guaiúba', 6),
(765, 'Guaraciaba do Norte', 6),
(766, 'Guaramiranga', 6),
(767, 'Hidrolândia', 6),
(768, 'Horizonte', 6),
(769, 'Ibaretama', 6),
(770, 'Ibiapina', 6),
(771, 'Ibicuitinga', 6),
(772, 'Icapuí', 6),
(773, 'Icó', 6),
(774, 'Iguatu', 6),
(775, 'Independência', 6),
(776, 'Ipaporanga', 6),
(777, 'Ipaumirim', 6),
(778, 'Ipu', 6),
(779, 'Ipueiras', 6),
(780, 'Iracema', 6),
(781, 'Irauçuba', 6),
(782, 'Itaiçaba', 6),
(783, 'Itaitinga', 6),
(784, 'Itapagé', 6),
(785, 'Itapipoca', 6),
(786, 'Itapiúna', 6),
(787, 'Itarema', 6),
(788, 'Itatira', 6),
(789, 'Jaguaretama', 6),
(790, 'Jaguaribara', 6),
(791, 'Jaguaribe', 6),
(792, 'Jaguaruana', 6),
(793, 'Jardim', 6),
(794, 'Jati', 6),
(795, 'Jijoca de Jericoacoara', 6),
(796, 'Juazeiro do Norte', 6),
(797, 'Jucás', 6),
(798, 'Lavras da Mangabeira', 6),
(799, 'Limoeiro do Norte', 6),
(800, 'Madalena', 6),
(801, 'Maracanaú', 6),
(802, 'Maranguape', 6),
(803, 'Marco', 6),
(804, 'Martinópole', 6),
(805, 'Massapê', 6),
(806, 'Mauriti', 6),
(807, 'Meruoca', 6),
(808, 'Milagres', 6),
(809, 'Milhã', 6),
(810, 'Miraíma', 6),
(811, 'Missão Velha', 6),
(812, 'Mombaça', 6),
(813, 'Monsenhor Tabosa', 6),
(814, 'Morada Nova', 6),
(815, 'Moraújo', 6),
(816, 'Morrinhos', 6),
(817, 'Mucambo', 6),
(818, 'Mulungu', 6),
(819, 'Nova Olinda', 6),
(820, 'Nova Russas', 6),
(821, 'Novo Oriente', 6),
(822, 'Ocara', 6),
(823, 'Orós', 6),
(824, 'Pacajus', 6),
(825, 'Pacatuba', 6),
(826, 'Pacoti', 6),
(827, 'Pacujá', 6),
(828, 'Palhano', 6),
(829, 'Palmácia', 6),
(830, 'Paracuru', 6),
(831, 'Paraipaba', 6),
(832, 'Parambu', 6),
(833, 'Paramoti', 6),
(834, 'Pedra Branca', 6),
(835, 'Penaforte', 6),
(836, 'Pentecoste', 6),
(837, 'Pereiro', 6),
(838, 'Pindoretama', 6),
(839, 'Piquet Carneiro', 6),
(840, 'Pires Ferreira', 6),
(841, 'Poranga', 6),
(842, 'Porteiras', 6),
(843, 'Potengi', 6),
(844, 'Potiretama', 6),
(845, 'Quiterianópolis', 6),
(846, 'Quixadá', 6),
(847, 'Quixelô', 6),
(848, 'Quixeramobim', 6),
(849, 'Quixeré', 6),
(850, 'Redenção', 6),
(851, 'Reriutaba', 6),
(852, 'Russas', 6),
(853, 'Saboeiro', 6),
(854, 'Salitre', 6),
(855, 'Santa Quitéria', 6),
(856, 'Santana do Acaraú', 6),
(857, 'Santana do Cariri', 6),
(858, 'São Benedito', 6),
(859, 'São Gonçalo do Amarante', 6),
(860, 'São João do Jaguaribe', 6),
(861, 'São Luís do Curu', 6),
(862, 'Senador Pompeu', 6),
(863, 'Senador Sá', 6),
(864, 'Sobral', 6),
(865, 'Solonópole', 6),
(866, 'Tabuleiro do Norte', 6),
(867, 'Tamboril', 6),
(868, 'Tarrafas', 6),
(869, 'Tauá', 6),
(870, 'Tejuçuoca', 6),
(871, 'Tianguá', 6),
(872, 'Trairi', 6),
(873, 'Tururu', 6),
(874, 'Ubajara', 6),
(875, 'Umari', 6),
(876, 'Umirim', 6),
(877, 'Uruburetama', 6),
(878, 'Uruoca', 6),
(879, 'Varjota', 6),
(880, 'Várzea Alegre', 6),
(881, 'Viçosa do Ceará', 6),
(882, 'Brasília', 7),
(883, 'Abadia de Goiás', 9),
(884, 'Abadiânia', 9),
(885, 'Acreúna', 9),
(886, 'Adelândia', 9),
(887, 'Água Fria de Goiás', 9),
(888, 'Água Limpa', 9),
(889, 'Águas Lindas de Goiás', 9),
(890, 'Alexânia', 9),
(891, 'Aloândia', 9),
(892, 'Alto Horizonte', 9),
(893, 'Alto Paraíso de Goiás', 9),
(894, 'Alvorada do Norte', 9),
(895, 'Amaralina', 9),
(896, 'Americano do Brasil', 9),
(897, 'Amorinópolis', 9),
(898, 'Anápolis', 9),
(899, 'Anhanguera', 9),
(900, 'Anicuns', 9),
(901, 'Aparecida de Goiânia', 9),
(902, 'Aparecida do Rio Doce', 9),
(903, 'Aporé', 9),
(904, 'Araçu', 9),
(905, 'Aragarças', 9),
(906, 'Aragoiânia', 9),
(907, 'Araguapaz', 9),
(908, 'Arenópolis', 9),
(909, 'Aruanã', 9),
(910, 'Aurilândia', 9),
(911, 'Avelinópolis', 9),
(912, 'Baliza', 9),
(913, 'Barro Alto', 9),
(914, 'Bela Vista de Goiás', 9),
(915, 'Bom Jardim de Goiás', 9),
(916, 'Bom Jesus de Goiás', 9),
(917, 'Bonfinópolis', 9),
(918, 'Bonópolis', 9),
(919, 'Brazabrantes', 9),
(920, 'Britânia', 9),
(921, 'Buriti Alegre', 9),
(922, 'Buriti de Goiás', 9),
(923, 'Buritinópolis', 9),
(924, 'Cabeceiras', 9),
(925, 'Cachoeira Alta', 9),
(926, 'Cachoeira de Goiás', 9),
(927, 'Cachoeira Dourada', 9),
(928, 'Caçu', 9),
(929, 'Caiapônia', 9),
(930, 'Caldas Novas', 9),
(931, 'Caldazinha', 9),
(932, 'Campestre de Goiás', 9),
(933, 'Campinaçu', 9),
(934, 'Campinorte', 9),
(935, 'Campo Alegre de Goiás', 9),
(936, 'Campo Limpo de Goiás', 9),
(937, 'Campos Belos', 9),
(938, 'Campos Verdes', 9),
(939, 'Carmo do Rio Verde', 9),
(940, 'Castelândia', 9),
(941, 'Catalão', 9),
(942, 'Caturaí', 9),
(943, 'Cavalcante', 9),
(944, 'Ceres', 9),
(945, 'Cezarina', 9),
(946, 'Chapadão do Céu', 9),
(947, 'Cidade Ocidental', 9),
(948, 'Cocalzinho de Goiás', 9),
(949, 'Colinas do Sul', 9),
(950, 'Córrego do Ouro', 9),
(951, 'Corumbá de Goiás', 9),
(952, 'Corumbaíba', 9),
(953, 'Cristalina', 9),
(954, 'Cristianópolis', 9),
(955, 'Crixás', 9),
(956, 'Cromínia', 9),
(957, 'Cumari', 9),
(958, 'Damianópolis', 9),
(959, 'Damolândia', 9),
(960, 'Davinópolis', 9),
(961, 'Diorama', 9),
(962, 'Divinópolis de Goiás', 9),
(963, 'Doverlândia', 9),
(964, 'Edealina', 9),
(965, 'Edéia', 9),
(966, 'Estrela do Norte', 9),
(967, 'Faina', 9),
(968, 'Fazenda Nova', 9),
(969, 'Firminópolis', 9),
(970, 'Flores de Goiás', 9),
(971, 'Formosa', 9),
(972, 'Formoso', 9),
(973, 'Gameleira de Goiás', 9),
(974, 'Goianápolis', 9),
(975, 'Goiandira', 9),
(976, 'Goianésia', 9),
(977, 'Goiânia', 9),
(978, 'Goianira', 9),
(979, 'Goiás', 9),
(980, 'Goiatuba', 9),
(981, 'Gouvelândia', 9),
(982, 'Guapó', 9),
(983, 'Guaraíta', 9),
(984, 'Guarani de Goiás', 9),
(985, 'Guarinos', 9),
(986, 'Heitoraí', 9),
(987, 'Hidrolândia', 9),
(988, 'Hidrolina', 9),
(989, 'Iaciara', 9),
(990, 'Inaciolândia', 9),
(991, 'Indiara', 9),
(992, 'Inhumas', 9),
(993, 'Ipameri', 9),
(994, 'Ipiranga de Goiás', 9),
(995, 'Iporá', 9),
(996, 'Israelândia', 9),
(997, 'Itaberaí', 9),
(998, 'Itaguari', 9),
(999, 'Itaguaru', 9),
(1000, 'Itajá', 9),
(1001, 'Itapaci', 9),
(1002, 'Itapirapuã', 9),
(1003, 'Itapuranga', 9),
(1004, 'Itarumã', 9),
(1005, 'Itauçu', 9),
(1006, 'Itumbiara', 9),
(1007, 'Ivolândia', 9),
(1008, 'Jandaia', 9),
(1009, 'Jaraguá', 9),
(1010, 'Jataí', 9),
(1011, 'Jaupaci', 9),
(1012, 'Jesúpolis', 9),
(1013, 'Joviânia', 9),
(1014, 'Jussara', 9),
(1015, 'Lagoa Santa', 9),
(1016, 'Leopoldo de Bulhões', 9),
(1017, 'Luziânia', 9),
(1018, 'Mairipotaba', 9),
(1019, 'Mambaí', 9),
(1020, 'Mara Rosa', 9),
(1021, 'Marzagão', 9),
(1022, 'Matrinchã', 9),
(1023, 'Maurilândia', 9),
(1024, 'Mimoso de Goiás', 9),
(1025, 'Minaçu', 9),
(1026, 'Mineiros', 9),
(1027, 'Moiporá', 9),
(1028, 'Monte Alegre de Goiás', 9),
(1029, 'Montes Claros de Goiás', 9),
(1030, 'Montividiu', 9),
(1031, 'Montividiu do Norte', 9),
(1032, 'Morrinhos', 9),
(1033, 'Morro Agudo de Goiás', 9),
(1034, 'Mossâmedes', 9),
(1035, 'Mozarlândia', 9),
(1036, 'Mundo Novo', 9),
(1037, 'Mutunópolis', 9),
(1038, 'Nazário', 9),
(1039, 'Nerópolis', 9),
(1040, 'Niquelândia', 9),
(1041, 'Nova América', 9),
(1042, 'Nova Aurora', 9),
(1043, 'Nova Crixás', 9),
(1044, 'Nova Glória', 9),
(1045, 'Nova Iguaçu de Goiás', 9),
(1046, 'Nova Roma', 9),
(1047, 'Nova Veneza', 9),
(1048, 'Novo Brasil', 9),
(1049, 'Novo Gama', 9),
(1050, 'Novo Planalto', 9),
(1051, 'Orizona', 9),
(1052, 'Ouro Verde de Goiás', 9),
(1053, 'Ouvidor', 9),
(1054, 'Padre Bernardo', 9),
(1055, 'Palestina de Goiás', 9),
(1056, 'Palmeiras de Goiás', 9),
(1057, 'Palmelo', 9),
(1058, 'Palminópolis', 9),
(1059, 'Panamá', 9),
(1060, 'Paranaiguara', 9),
(1061, 'Paraúna', 9),
(1062, 'Perolândia', 9),
(1063, 'Petrolina de Goiás', 9),
(1064, 'Pilar de Goiás', 9),
(1065, 'Piracanjuba', 9),
(1066, 'Piranhas', 9),
(1067, 'Pirenópolis', 9),
(1068, 'Pires do Rio', 9),
(1069, 'Planaltina', 9),
(1070, 'Pontalina', 9),
(1071, 'Porangatu', 9),
(1072, 'Porteirão', 9),
(1073, 'Portelândia', 9),
(1074, 'Posse', 9),
(1075, 'Professor Jamil', 9),
(1076, 'Quirinópolis', 9),
(1077, 'Rialma', 9),
(1078, 'Rianápolis', 9),
(1079, 'Rio Quente', 9),
(1080, 'Rio Verde', 9),
(1081, 'Rubiataba', 9),
(1082, 'Sanclerlândia', 9),
(1083, 'Santa Bárbara de Goiás', 9),
(1084, 'Santa Cruz de Goiás', 9),
(1085, 'Santa Fé de Goiás', 9),
(1086, 'Santa Helena de Goiás', 9),
(1087, 'Santa Isabel', 9),
(1088, 'Santa Rita do Araguaia', 9),
(1089, 'Santa Rita do Novo Destino', 9),
(1090, 'Santa Rosa de Goiás', 9),
(1091, 'Santa Tereza de Goiás', 9),
(1092, 'Santa Terezinha de Goiás', 9),
(1093, 'Santo Antônio da Barra', 9),
(1094, 'Santo Antônio de Goiás', 9),
(1095, 'Santo Antônio do Descoberto', 9),
(1096, 'São Domingos', 9),
(1097, 'São Francisco de Goiás', 9),
(1098, 'São João d`Aliança', 9),
(1099, 'São João da Paraúna', 9),
(1100, 'São Luís de Montes Belos', 9),
(1101, 'São Luíz do Norte', 9),
(1102, 'São Miguel do Araguaia', 9),
(1103, 'São Miguel do Passa Quatro', 9),
(1104, 'São Patrício', 9),
(1105, 'São Simão', 9),
(1106, 'Senador Canedo', 9),
(1107, 'Serranópolis', 9),
(1108, 'Silvânia', 9),
(1109, 'Simolândia', 9),
(1110, 'Sítio d`Abadia', 9),
(1111, 'Taquaral de Goiás', 9),
(1112, 'Teresina de Goiás', 9),
(1113, 'Terezópolis de Goiás', 9),
(1114, 'Três Ranchos', 9),
(1115, 'Trindade', 9),
(1116, 'Trombas', 9),
(1117, 'Turvânia', 9),
(1118, 'Turvelândia', 9),
(1119, 'Uirapuru', 9),
(1120, 'Uruaçu', 9),
(1121, 'Uruana', 9),
(1122, 'Urutaí', 9),
(1123, 'Valparaíso de Goiás', 9),
(1124, 'Varjão', 9),
(1125, 'Vianópolis', 9),
(1126, 'Vicentinópolis', 9),
(1127, 'Vila Boa', 9),
(1128, 'Vila Propício', 9),
(1129, 'Açailândia', 10),
(1130, 'Afonso Cunha', 10),
(1131, 'Água Doce do Maranhão', 10),
(1132, 'Alcântara', 10),
(1133, 'Aldeias Altas', 10),
(1134, 'Altamira do Maranhão', 10),
(1135, 'Alto Alegre do Maranhão', 10),
(1136, 'Alto Alegre do Pindaré', 10),
(1137, 'Alto Parnaíba', 10),
(1138, 'Amapá do Maranhão', 10),
(1139, 'Amarante do Maranhão', 10),
(1140, 'Anajatuba', 10),
(1141, 'Anapurus', 10),
(1142, 'Apicum-Açu', 10),
(1143, 'Araguanã', 10),
(1144, 'Araioses', 10),
(1145, 'Arame', 10),
(1146, 'Arari', 10),
(1147, 'Axixá', 10),
(1148, 'Bacabal', 10),
(1149, 'Bacabeira', 10),
(1150, 'Bacuri', 10),
(1151, 'Bacurituba', 10),
(1152, 'Balsas', 10),
(1153, 'Barão de Grajaú', 10),
(1154, 'Barra do Corda', 10),
(1155, 'Barreirinhas', 10),
(1156, 'Bela Vista do Maranhão', 10),
(1157, 'Belágua', 10),
(1158, 'Benedito Leite', 10),
(1159, 'Bequimão', 10),
(1160, 'Bernardo do Mearim', 10),
(1161, 'Boa Vista do Gurupi', 10),
(1162, 'Bom Jardim', 10),
(1163, 'Bom Jesus das Selvas', 10),
(1164, 'Bom Lugar', 10),
(1165, 'Brejo', 10),
(1166, 'Brejo de Areia', 10),
(1167, 'Buriti', 10),
(1168, 'Buriti Bravo', 10),
(1169, 'Buriticupu', 10),
(1170, 'Buritirana', 10),
(1171, 'Cachoeira Grande', 10),
(1172, 'Cajapió', 10),
(1173, 'Cajari', 10),
(1174, 'Campestre do Maranhão', 10),
(1175, 'Cândido Mendes', 10),
(1176, 'Cantanhede', 10),
(1177, 'Capinzal do Norte', 10),
(1178, 'Carolina', 10),
(1179, 'Carutapera', 10),
(1180, 'Caxias', 10),
(1181, 'Cedral', 10),
(1182, 'Central do Maranhão', 10),
(1183, 'Centro do Guilherme', 10),
(1184, 'Centro Novo do Maranhão', 10),
(1185, 'Chapadinha', 10),
(1186, 'Cidelândia', 10),
(1187, 'Codó', 10),
(1188, 'Coelho Neto', 10),
(1189, 'Colinas', 10),
(1190, 'Conceição do Lago-Açu', 10),
(1191, 'Coroatá', 10),
(1192, 'Cururupu', 10),
(1193, 'Davinópolis', 10),
(1194, 'Dom Pedro', 10),
(1195, 'Duque Bacelar', 10),
(1196, 'Esperantinópolis', 10),
(1197, 'Estreito', 10),
(1198, 'Feira Nova do Maranhão', 10),
(1199, 'Fernando Falcão', 10),
(1200, 'Formosa da Serra Negra', 10),
(1201, 'Fortaleza dos Nogueiras', 10),
(1202, 'Fortuna', 10),
(1203, 'Godofredo Viana', 10),
(1204, 'Gonçalves Dias', 10),
(1205, 'Governador Archer', 10),
(1206, 'Governador Edison Lobão', 10),
(1207, 'Governador Eugênio Barros', 10),
(1208, 'Governador Luiz Rocha', 10),
(1209, 'Governador Newton Bello', 10),
(1210, 'Governador Nunes Freire', 10),
(1211, 'Graça Aranha', 10),
(1212, 'Grajaú', 10),
(1213, 'Guimarães', 10),
(1214, 'Humberto de Campos', 10),
(1215, 'Icatu', 10),
(1216, 'Igarapé do Meio', 10),
(1217, 'Igarapé Grande', 10),
(1218, 'Imperatriz', 10),
(1219, 'Itaipava do Grajaú', 10),
(1220, 'Itapecuru Mirim', 10),
(1221, 'Itinga do Maranhão', 10),
(1222, 'Jatobá', 10),
(1223, 'Jenipapo dos Vieiras', 10),
(1224, 'João Lisboa', 10),
(1225, 'Joselândia', 10),
(1226, 'Junco do Maranhão', 10),
(1227, 'Lago da Pedra', 10),
(1228, 'Lago do Junco', 10),
(1229, 'Lago dos Rodrigues', 10),
(1230, 'Lago Verde', 10),
(1231, 'Lagoa do Mato', 10),
(1232, 'Lagoa Grande do Maranhão', 10),
(1233, 'Lajeado Novo', 10),
(1234, 'Lima Campos', 10),
(1235, 'Loreto', 10),
(1236, 'Luís Domingues', 10),
(1237, 'Magalhães de Almeida', 10),
(1238, 'Maracaçumé', 10),
(1239, 'Marajá do Sena', 10),
(1240, 'Maranhãozinho', 10),
(1241, 'Mata Roma', 10),
(1242, 'Matinha', 10),
(1243, 'Matões', 10),
(1244, 'Matões do Norte', 10),
(1245, 'Milagres do Maranhão', 10),
(1246, 'Mirador', 10),
(1247, 'Miranda do Norte', 10),
(1248, 'Mirinzal', 10),
(1249, 'Monção', 10),
(1250, 'Montes Altos', 10),
(1251, 'Morros', 10),
(1252, 'Nina Rodrigues', 10),
(1253, 'Nova Colinas', 10),
(1254, 'Nova Iorque', 10),
(1255, 'Nova Olinda do Maranhão', 10),
(1256, 'Olho d`Água das Cunhãs', 10),
(1257, 'Olinda Nova do Maranhão', 10),
(1258, 'Paço do Lumiar', 10),
(1259, 'Palmeirândia', 10),
(1260, 'Paraibano', 10),
(1261, 'Parnarama', 10),
(1262, 'Passagem Franca', 10),
(1263, 'Pastos Bons', 10),
(1264, 'Paulino Neves', 10),
(1265, 'Paulo Ramos', 10),
(1266, 'Pedreiras', 10),
(1267, 'Pedro do Rosário', 10),
(1268, 'Penalva', 10),
(1269, 'Peri Mirim', 10),
(1270, 'Peritoró', 10),
(1271, 'Pindaré-Mirim', 10),
(1272, 'Pinheiro', 10),
(1273, 'Pio XII', 10),
(1274, 'Pirapemas', 10),
(1275, 'Poção de Pedras', 10),
(1276, 'Porto Franco', 10),
(1277, 'Porto Rico do Maranhão', 10),
(1278, 'Presidente Dutra', 10),
(1279, 'Presidente Juscelino', 10),
(1280, 'Presidente Médici', 10),
(1281, 'Presidente Sarney', 10),
(1282, 'Presidente Vargas', 10),
(1283, 'Primeira Cruz', 10),
(1284, 'Raposa', 10),
(1285, 'Riachão', 10),
(1286, 'Ribamar Fiquene', 10),
(1287, 'Rosário', 10),
(1288, 'Sambaíba', 10),
(1289, 'Santa Filomena do Maranhão', 10),
(1290, 'Santa Helena', 10),
(1291, 'Santa Inês', 10),
(1292, 'Santa Luzia', 10),
(1293, 'Santa Luzia do Paruá', 10),
(1294, 'Santa Quitéria do Maranhão', 10),
(1295, 'Santa Rita', 10),
(1296, 'Santana do Maranhão', 10),
(1297, 'Santo Amaro do Maranhão', 10),
(1298, 'Santo Antônio dos Lopes', 10),
(1299, 'São Benedito do Rio Preto', 10),
(1300, 'São Bento', 10),
(1301, 'São Bernardo', 10),
(1302, 'São Domingos do Azeitão', 10),
(1303, 'São Domingos do Maranhão', 10),
(1304, 'São Félix de Balsas', 10),
(1305, 'São Francisco do Brejão', 10),
(1306, 'São Francisco do Maranhão', 10),
(1307, 'São João Batista', 10),
(1308, 'São João do Carú', 10),
(1309, 'São João do Paraíso', 10),
(1310, 'São João do Soter', 10),
(1311, 'São João dos Patos', 10),
(1312, 'São José de Ribamar', 10),
(1313, 'São José dos Basílios', 10),
(1314, 'São Luís', 10),
(1315, 'São Luís Gonzaga do Maranhão', 10),
(1316, 'São Mateus do Maranhão', 10),
(1317, 'São Pedro da Água Branca', 10),
(1318, 'São Pedro dos Crentes', 10),
(1319, 'São Raimundo das Mangabeiras', 10),
(1320, 'São Raimundo do Doca Bezerra', 10),
(1321, 'São Roberto', 10),
(1322, 'São Vicente Ferrer', 10),
(1323, 'Satubinha', 10),
(1324, 'Senador Alexandre Costa', 10),
(1325, 'Senador La Rocque', 10),
(1326, 'Serrano do Maranhão', 10),
(1327, 'Sítio Novo', 10),
(1328, 'Sucupira do Norte', 10),
(1329, 'Sucupira do Riachão', 10),
(1330, 'Tasso Fragoso', 10),
(1331, 'Timbiras', 10),
(1332, 'Timon', 10),
(1333, 'Trizidela do Vale', 10),
(1334, 'Tufilândia', 10),
(1335, 'Tuntum', 10),
(1336, 'Turiaçu', 10),
(1337, 'Turilândia', 10),
(1338, 'Tutóia', 10),
(1339, 'Urbano Santos', 10),
(1340, 'Vargem Grande', 10),
(1341, 'Viana', 10),
(1342, 'Vila Nova dos Martírios', 10),
(1343, 'Vitória do Mearim', 10),
(1344, 'Vitorino Freire', 10),
(1345, 'Zé Doca', 10),
(1346, 'Acorizal', 13),
(1347, 'Água Boa', 13),
(1348, 'Alta Floresta', 13),
(1349, 'Alto Araguaia', 13),
(1350, 'Alto Boa Vista', 13),
(1351, 'Alto Garças', 13),
(1352, 'Alto Paraguai', 13),
(1353, 'Alto Taquari', 13),
(1354, 'Apiacás', 13),
(1355, 'Araguaiana', 13),
(1356, 'Araguainha', 13),
(1357, 'Araputanga', 13),
(1358, 'Arenápolis', 13),
(1359, 'Aripuanã', 13),
(1360, 'Barão de Melgaço', 13),
(1361, 'Barra do Bugres', 13),
(1362, 'Barra do Garças', 13),
(1363, 'Bom Jesus do Araguaia', 13),
(1364, 'Brasnorte', 13),
(1365, 'Cáceres', 13),
(1366, 'Campinápolis', 13),
(1367, 'Campo Novo do Parecis', 13),
(1368, 'Campo Verde', 13),
(1369, 'Campos de Júlio', 13),
(1370, 'Canabrava do Norte', 13),
(1371, 'Canarana', 13),
(1372, 'Carlinda', 13),
(1373, 'Castanheira', 13),
(1374, 'Chapada dos Guimarães', 13),
(1375, 'Cláudia', 13),
(1376, 'Cocalinho', 13),
(1377, 'Colíder', 13),
(1378, 'Colniza', 13),
(1379, 'Comodoro', 13),
(1380, 'Confresa', 13),
(1381, 'Conquista d`Oeste', 13),
(1382, 'Cotriguaçu', 13),
(1383, 'Cuiabá', 13),
(1384, 'Curvelândia', 13),
(1385, 'Curvelândia', 13),
(1386, 'Denise', 13),
(1387, 'Diamantino', 13),
(1388, 'Dom Aquino', 13),
(1389, 'Feliz Natal', 13),
(1390, 'Figueirópolis d`Oeste', 13),
(1391, 'Gaúcha do Norte', 13),
(1392, 'General Carneiro', 13),
(1393, 'Glória d`Oeste', 13),
(1394, 'Guarantã do Norte', 13),
(1395, 'Guiratinga', 13),
(1396, 'Indiavaí', 13),
(1397, 'Ipiranga do Norte', 13),
(1398, 'Itanhangá', 13),
(1399, 'Itaúba', 13),
(1400, 'Itiquira', 13),
(1401, 'Jaciara', 13),
(1402, 'Jangada', 13),
(1403, 'Jauru', 13),
(1404, 'Juara', 13),
(1405, 'Juína', 13),
(1406, 'Juruena', 13),
(1407, 'Juscimeira', 13),
(1408, 'Lambari d`Oeste', 13),
(1409, 'Lucas do Rio Verde', 13),
(1410, 'Luciára', 13),
(1411, 'Marcelândia', 13),
(1412, 'Matupá', 13),
(1413, 'Mirassol d`Oeste', 13),
(1414, 'Nobres', 13),
(1415, 'Nortelândia', 13),
(1416, 'Nossa Senhora do Livramento', 13),
(1417, 'Nova Bandeirantes', 13),
(1418, 'Nova Brasilândia', 13),
(1419, 'Nova Canaã do Norte', 13),
(1420, 'Nova Guarita', 13),
(1421, 'Nova Lacerda', 13),
(1422, 'Nova Marilândia', 13),
(1423, 'Nova Maringá', 13),
(1424, 'Nova Monte verde', 13),
(1425, 'Nova Mutum', 13),
(1426, 'Nova Olímpia', 13),
(1427, 'Nova Santa Helena', 13),
(1428, 'Nova Ubiratã', 13),
(1429, 'Nova Xavantina', 13),
(1430, 'Novo Horizonte do Norte', 13),
(1431, 'Novo Mundo', 13),
(1432, 'Novo Santo Antônio', 13),
(1433, 'Novo São Joaquim', 13),
(1434, 'Paranaíta', 13),
(1435, 'Paranatinga', 13),
(1436, 'Pedra Preta', 13),
(1437, 'Peixoto de Azevedo', 13),
(1438, 'Planalto da Serra', 13),
(1439, 'Poconé', 13),
(1440, 'Pontal do Araguaia', 13),
(1441, 'Ponte Branca', 13),
(1442, 'Pontes e Lacerda', 13),
(1443, 'Porto Alegre do Norte', 13),
(1444, 'Porto dos Gaúchos', 13),
(1445, 'Porto Esperidião', 13),
(1446, 'Porto Estrela', 13),
(1447, 'Poxoréo', 13),
(1448, 'Primavera do Leste', 13),
(1449, 'Querência', 13),
(1450, 'Reserva do Cabaçal', 13),
(1451, 'Ribeirão Cascalheira', 13),
(1452, 'Ribeirãozinho', 13),
(1453, 'Rio Branco', 13),
(1454, 'Rondolândia', 13),
(1455, 'Rondonópolis', 13),
(1456, 'Rosário Oeste', 13),
(1457, 'Salto do Céu', 13),
(1458, 'Santa Carmem', 13),
(1459, 'Santa Cruz do Xingu', 13),
(1460, 'Santa Rita do Trivelato', 13),
(1461, 'Santa Terezinha', 13),
(1462, 'Santo Afonso', 13),
(1463, 'Santo Antônio do Leste', 13),
(1464, 'Santo Antônio do Leverger', 13),
(1465, 'São Félix do Araguaia', 13),
(1466, 'São José do Povo', 13),
(1467, 'São José do Rio Claro', 13),
(1468, 'São José do Xingu', 13),
(1469, 'São José dos Quatro Marcos', 13),
(1470, 'São Pedro da Cipa', 13),
(1471, 'Sapezal', 13),
(1472, 'Serra Nova Dourada', 13),
(1473, 'Sinop', 13),
(1474, 'Sorriso', 13),
(1475, 'Tabaporã', 13),
(1476, 'Tangará da Serra', 13),
(1477, 'Tapurah', 13),
(1478, 'Terra Nova do Norte', 13),
(1479, 'Tesouro', 13),
(1480, 'Torixoréu', 13),
(1481, 'União do Sul', 13),
(1482, 'Vale de São Domingos', 13),
(1483, 'Várzea Grande', 13),
(1484, 'Vera', 13),
(1485, 'Vila Bela da Santíssima Trindade', 13),
(1486, 'Vila Rica', 13),
(1487, 'Água Clara', 12),
(1488, 'Alcinópolis', 12),
(1489, 'Amambaí', 12),
(1490, 'Anastácio', 12),
(1491, 'Anaurilândia', 12),
(1492, 'Angélica', 12),
(1493, 'Antônio João', 12),
(1494, 'Aparecida do Taboado', 12),
(1495, 'Aquidauana', 12),
(1496, 'Aral Moreira', 12),
(1497, 'Bandeirantes', 12),
(1498, 'Bataguassu', 12),
(1499, 'Bataiporã', 12),
(1500, 'Bela Vista', 12),
(1501, 'Bodoquena', 12),
(1502, 'Bonito', 12),
(1503, 'Brasilândia', 12),
(1504, 'Caarapó', 12),
(1505, 'Camapuã', 12),
(1506, 'Campo Grande', 12),
(1507, 'Caracol', 12),
(1508, 'Cassilândia', 12),
(1509, 'Chapadão do Sul', 12),
(1510, 'Corguinho', 12),
(1511, 'Coronel Sapucaia', 12),
(1512, 'Corumbá', 12),
(1513, 'Costa Rica', 12),
(1514, 'Coxim', 12),
(1515, 'Deodápolis', 12),
(1516, 'Dois Irmãos do Buriti', 12),
(1517, 'Douradina', 12),
(1518, 'Dourados', 12),
(1519, 'Eldorado', 12),
(1520, 'Fátima do Sul', 12),
(1521, 'Figueirão', 12),
(1522, 'Glória de Dourados', 12),
(1523, 'Guia Lopes da Laguna', 12),
(1524, 'Iguatemi', 12),
(1525, 'Inocência', 12),
(1526, 'Itaporã', 12),
(1527, 'Itaquiraí', 12),
(1528, 'Ivinhema', 12),
(1529, 'Japorã', 12),
(1530, 'Jaraguari', 12),
(1531, 'Jardim', 12),
(1532, 'Jateí', 12),
(1533, 'Juti', 12),
(1534, 'Ladário', 12),
(1535, 'Laguna Carapã', 12),
(1536, 'Maracaju', 12),
(1537, 'Miranda', 12),
(1538, 'Mundo Novo', 12),
(1539, 'Naviraí', 12),
(1540, 'Nioaque', 12),
(1541, 'Nova Alvorada do Sul', 12),
(1542, 'Nova Andradina', 12),
(1543, 'Novo Horizonte do Sul', 12),
(1544, 'Paranaíba', 12),
(1545, 'Paranhos', 12),
(1546, 'Pedro Gomes', 12),
(1547, 'Ponta Porã', 12),
(1548, 'Porto Murtinho', 12),
(1549, 'Ribas do Rio Pardo', 12),
(1550, 'Rio Brilhante', 12),
(1551, 'Rio Negro', 12),
(1552, 'Rio Verde de Mato Grosso', 12),
(1553, 'Rochedo', 12),
(1554, 'Santa Rita do Pardo', 12),
(1555, 'São Gabriel do Oeste', 12),
(1556, 'Selvíria', 12),
(1557, 'Sete Quedas', 12),
(1558, 'Sidrolândia', 12),
(1559, 'Sonora', 12),
(1560, 'Tacuru', 12),
(1561, 'Taquarussu', 12),
(1562, 'Terenos', 12),
(1563, 'Três Lagoas', 12),
(1564, 'Vicentina', 12),
(1565, 'Abadia dos Dourados', 11),
(1566, 'Abaeté', 11),
(1567, 'Abre Campo', 11),
(1568, 'Acaiaca', 11),
(1569, 'Açucena', 11),
(1570, 'Água Boa', 11),
(1571, 'Água Comprida', 11),
(1572, 'Aguanil', 11),
(1573, 'Águas Formosas', 11),
(1574, 'Águas Vermelhas', 11),
(1575, 'Aimorés', 11),
(1576, 'Aiuruoca', 11),
(1577, 'Alagoa', 11),
(1578, 'Albertina', 11),
(1579, 'Além Paraíba', 11),
(1580, 'Alfenas', 11),
(1581, 'Alfredo Vasconcelos', 11),
(1582, 'Almenara', 11),
(1583, 'Alpercata', 11),
(1584, 'Alpinópolis', 11),
(1585, 'Alterosa', 11),
(1586, 'Alto Caparaó', 11),
(1587, 'Alto Jequitibá', 11),
(1588, 'Alto Rio Doce', 11),
(1589, 'Alvarenga', 11),
(1590, 'Alvinópolis', 11),
(1591, 'Alvorada de Minas', 11),
(1592, 'Amparo do Serra', 11),
(1593, 'Andradas', 11),
(1594, 'Andrelândia', 11),
(1595, 'Angelândia', 11),
(1596, 'Antônio Carlos', 11),
(1597, 'Antônio Dias', 11),
(1598, 'Antônio Prado de Minas', 11),
(1599, 'Araçaí', 11),
(1600, 'Aracitaba', 11),
(1601, 'Araçuaí', 11),
(1602, 'Araguari', 11),
(1603, 'Arantina', 11),
(1604, 'Araponga', 11),
(1605, 'Araporã', 11),
(1606, 'Arapuá', 11),
(1607, 'Araújos', 11),
(1608, 'Araxá', 11),
(1609, 'Arceburgo', 11),
(1610, 'Arcos', 11),
(1611, 'Areado', 11),
(1612, 'Argirita', 11),
(1613, 'Aricanduva', 11),
(1614, 'Arinos', 11),
(1615, 'Astolfo Dutra', 11),
(1616, 'Ataléia', 11),
(1617, 'Augusto de Lima', 11),
(1618, 'Baependi', 11),
(1619, 'Baldim', 11),
(1620, 'Bambuí', 11),
(1621, 'Bandeira', 11),
(1622, 'Bandeira do Sul', 11),
(1623, 'Barão de Cocais', 11),
(1624, 'Barão de Monte Alto', 11),
(1625, 'Barbacena', 11),
(1626, 'Barra Longa', 11),
(1627, 'Barroso', 11),
(1628, 'Bela Vista de Minas', 11),
(1629, 'Belmiro Braga', 11),
(1630, 'Belo Horizonte', 11),
(1631, 'Belo Oriente', 11),
(1632, 'Belo Vale', 11),
(1633, 'Berilo', 11),
(1634, 'Berizal', 11),
(1635, 'Bertópolis', 11),
(1636, 'Betim', 11),
(1637, 'Bias Fortes', 11),
(1638, 'Bicas', 11),
(1639, 'Biquinhas', 11),
(1640, 'Boa Esperança', 11),
(1641, 'Bocaina de Minas', 11),
(1642, 'Bocaiúva', 11),
(1643, 'Bom Despacho', 11),
(1644, 'Bom Jardim de Minas', 11),
(1645, 'Bom Jesus da Penha', 11),
(1646, 'Bom Jesus do Amparo', 11),
(1647, 'Bom Jesus do Galho', 11),
(1648, 'Bom Repouso', 11),
(1649, 'Bom Sucesso', 11),
(1650, 'Bonfim', 11),
(1651, 'Bonfinópolis de Minas', 11),
(1652, 'Bonito de Minas', 11),
(1653, 'Borda da Mata', 11),
(1654, 'Botelhos', 11),
(1655, 'Botumirim', 11),
(1656, 'Brás Pires', 11),
(1657, 'Brasilândia de Minas', 11),
(1658, 'Brasília de Minas', 11),
(1659, 'Brasópolis', 11),
(1660, 'Braúnas', 11),
(1661, 'Brumadinho', 11),
(1662, 'Bueno Brandão', 11),
(1663, 'Buenópolis', 11),
(1664, 'Bugre', 11),
(1665, 'Buritis', 11),
(1666, 'Buritizeiro', 11),
(1667, 'Cabeceira Grande', 11),
(1668, 'Cabo Verde', 11),
(1669, 'Cachoeira da Prata', 11),
(1670, 'Cachoeira de Minas', 11),
(1671, 'Cachoeira de Pajeú', 11),
(1672, 'Cachoeira Dourada', 11),
(1673, 'Caetanópolis', 11),
(1674, 'Caeté', 11),
(1675, 'Caiana', 11),
(1676, 'Cajuri', 11),
(1677, 'Caldas', 11),
(1678, 'Camacho', 11),
(1679, 'Camanducaia', 11),
(1680, 'Cambuí', 11),
(1681, 'Cambuquira', 11),
(1682, 'Campanário', 11),
(1683, 'Campanha', 11),
(1684, 'Campestre', 11),
(1685, 'Campina Verde', 11),
(1686, 'Campo Azul', 11),
(1687, 'Campo Belo', 11),
(1688, 'Campo do Meio', 11),
(1689, 'Campo Florido', 11),
(1690, 'Campos Altos', 11),
(1691, 'Campos Gerais', 11),
(1692, 'Cana Verde', 11),
(1693, 'Canaã', 11),
(1694, 'Canápolis', 11),
(1695, 'Candeias', 11),
(1696, 'Cantagalo', 11),
(1697, 'Caparaó', 11),
(1698, 'Capela Nova', 11),
(1699, 'Capelinha', 11),
(1700, 'Capetinga', 11),
(1701, 'Capim Branco', 11),
(1702, 'Capinópolis', 11),
(1703, 'Capitão Andrade', 11),
(1704, 'Capitão Enéas', 11),
(1705, 'Capitólio', 11),
(1706, 'Caputira', 11),
(1707, 'Caraí', 11),
(1708, 'Caranaíba', 11),
(1709, 'Carandaí', 11),
(1710, 'Carangola', 11),
(1711, 'Caratinga', 11),
(1712, 'Carbonita', 11),
(1713, 'Careaçu', 11),
(1714, 'Carlos Chagas', 11),
(1715, 'Carmésia', 11),
(1716, 'Carmo da Cachoeira', 11),
(1717, 'Carmo da Mata', 11),
(1718, 'Carmo de Minas', 11),
(1719, 'Carmo do Cajuru', 11),
(1720, 'Carmo do Paranaíba', 11),
(1721, 'Carmo do Rio Claro', 11),
(1722, 'Carmópolis de Minas', 11),
(1723, 'Carneirinho', 11),
(1724, 'Carrancas', 11),
(1725, 'Carvalhópolis', 11),
(1726, 'Carvalhos', 11),
(1727, 'Casa Grande', 11),
(1728, 'Cascalho Rico', 11),
(1729, 'Cássia', 11),
(1730, 'Cataguases', 11),
(1731, 'Catas Altas', 11),
(1732, 'Catas Altas da Noruega', 11),
(1733, 'Catuji', 11),
(1734, 'Catuti', 11),
(1735, 'Caxambu', 11),
(1736, 'Cedro do Abaeté', 11),
(1737, 'Central de Minas', 11),
(1738, 'Centralina', 11),
(1739, 'Chácara', 11),
(1740, 'Chalé', 11),
(1741, 'Chapada do Norte', 11),
(1742, 'Chapada Gaúcha', 11),
(1743, 'Chiador', 11),
(1744, 'Cipotânea', 11),
(1745, 'Claraval', 11),
(1746, 'Claro dos Poções', 11),
(1747, 'Cláudio', 11),
(1748, 'Coimbra', 11),
(1749, 'Coluna', 11),
(1750, 'Comendador Gomes', 11),
(1751, 'Comercinho', 11),
(1752, 'Conceição da Aparecida', 11),
(1753, 'Conceição da Barra de Minas', 11),
(1754, 'Conceição das Alagoas', 11),
(1755, 'Conceição das Pedras', 11),
(1756, 'Conceição de Ipanema', 11),
(1757, 'Conceição do Mato Dentro', 11),
(1758, 'Conceição do Pará', 11),
(1759, 'Conceição do Rio Verde', 11),
(1760, 'Conceição dos Ouros', 11),
(1761, 'Cônego Marinho', 11),
(1762, 'Confins', 11),
(1763, 'Congonhal', 11),
(1764, 'Congonhas', 11),
(1765, 'Congonhas do Norte', 11),
(1766, 'Conquista', 11),
(1767, 'Conselheiro Lafaiete', 11),
(1768, 'Conselheiro Pena', 11),
(1769, 'Consolação', 11),
(1770, 'Contagem', 11),
(1771, 'Coqueiral', 11),
(1772, 'Coração de Jesus', 11),
(1773, 'Cordisburgo', 11),
(1774, 'Cordislândia', 11),
(1775, 'Corinto', 11),
(1776, 'Coroaci', 11),
(1777, 'Coromandel', 11),
(1778, 'Coronel Fabriciano', 11),
(1779, 'Coronel Murta', 11),
(1780, 'Coronel Pacheco', 11),
(1781, 'Coronel Xavier Chaves', 11),
(1782, 'Córrego Danta', 11),
(1783, 'Córrego do Bom Jesus', 11),
(1784, 'Córrego Fundo', 11),
(1785, 'Córrego Novo', 11),
(1786, 'Couto de Magalhães de Minas', 11),
(1787, 'Crisólita', 11),
(1788, 'Cristais', 11),
(1789, 'Cristália', 11),
(1790, 'Cristiano Otoni', 11),
(1791, 'Cristina', 11),
(1792, 'Crucilândia', 11),
(1793, 'Cruzeiro da Fortaleza', 11),
(1794, 'Cruzília', 11),
(1795, 'Cuparaque', 11),
(1796, 'Curral de Dentro', 11),
(1797, 'Curvelo', 11),
(1798, 'Datas', 11),
(1799, 'Delfim Moreira', 11),
(1800, 'Delfinópolis', 11),
(1801, 'Delta', 11),
(1802, 'Descoberto', 11),
(1803, 'Desterro de Entre Rios', 11),
(1804, 'Desterro do Melo', 11),
(1805, 'Diamantina', 11),
(1806, 'Diogo de Vasconcelos', 11),
(1807, 'Dionísio', 11),
(1808, 'Divinésia', 11),
(1809, 'Divino', 11),
(1810, 'Divino das Laranjeiras', 11),
(1811, 'Divinolândia de Minas', 11),
(1812, 'Divinópolis', 11),
(1813, 'Divisa Alegre', 11),
(1814, 'Divisa Nova', 11),
(1815, 'Divisópolis', 11),
(1816, 'Dom Bosco', 11),
(1817, 'Dom Cavati', 11),
(1818, 'Dom Joaquim', 11),
(1819, 'Dom Silvério', 11),
(1820, 'Dom Viçoso', 11),
(1821, 'Dona Eusébia', 11),
(1822, 'Dores de Campos', 11),
(1823, 'Dores de Guanhães', 11),
(1824, 'Dores do Indaiá', 11),
(1825, 'Dores do Turvo', 11),
(1826, 'Doresópolis', 11),
(1827, 'Douradoquara', 11),
(1828, 'Durandé', 11),
(1829, 'Elói Mendes', 11),
(1830, 'Engenheiro Caldas', 11),
(1831, 'Engenheiro Navarro', 11),
(1832, 'Entre Folhas', 11),
(1833, 'Entre Rios de Minas', 11),
(1834, 'Ervália', 11),
(1835, 'Esmeraldas', 11),
(1836, 'Espera Feliz', 11),
(1837, 'Espinosa', 11),
(1838, 'Espírito Santo do Dourado', 11),
(1839, 'Estiva', 11),
(1840, 'Estrela Dalva', 11),
(1841, 'Estrela do Indaiá', 11),
(1842, 'Estrela do Sul', 11),
(1843, 'Eugenópolis', 11),
(1844, 'Ewbank da Câmara', 11),
(1845, 'Extrema', 11),
(1846, 'Fama', 11),
(1847, 'Faria Lemos', 11),
(1848, 'Felício dos Santos', 11),
(1849, 'Felisburgo', 11),
(1850, 'Felixlândia', 11),
(1851, 'Fernandes Tourinho', 11),
(1852, 'Ferros', 11),
(1853, 'Fervedouro', 11),
(1854, 'Florestal', 11),
(1855, 'Formiga', 11),
(1856, 'Formoso', 11),
(1857, 'Fortaleza de Minas', 11),
(1858, 'Fortuna de Minas', 11),
(1859, 'Francisco Badaró', 11),
(1860, 'Francisco Dumont', 11),
(1861, 'Francisco Sá', 11),
(1862, 'Franciscópolis', 11),
(1863, 'Frei Gaspar', 11),
(1864, 'Frei Inocêncio', 11),
(1865, 'Frei Lagonegro', 11),
(1866, 'Fronteira', 11),
(1867, 'Fronteira dos Vales', 11),
(1868, 'Fruta de Leite', 11),
(1869, 'Frutal', 11),
(1870, 'Funilândia', 11),
(1871, 'Galiléia', 11),
(1872, 'Gameleiras', 11),
(1873, 'Glaucilândia', 11),
(1874, 'Goiabeira', 11),
(1875, 'Goianá', 11),
(1876, 'Gonçalves', 11),
(1877, 'Gonzaga', 11),
(1878, 'Gouveia', 11),
(1879, 'Governador Valadares', 11),
(1880, 'Grão Mogol', 11),
(1881, 'Grupiara', 11),
(1882, 'Guanhães', 11),
(1883, 'Guapé', 11),
(1884, 'Guaraciaba', 11),
(1885, 'Guaraciama', 11),
(1886, 'Guaranésia', 11),
(1887, 'Guarani', 11),
(1888, 'Guarará', 11),
(1889, 'Guarda-Mor', 11),
(1890, 'Guaxupé', 11),
(1891, 'Guidoval', 11),
(1892, 'Guimarânia', 11),
(1893, 'Guiricema', 11),
(1894, 'Gurinhatã', 11),
(1895, 'Heliodora', 11),
(1896, 'Iapu', 11),
(1897, 'Ibertioga', 11),
(1898, 'Ibiá', 11),
(1899, 'Ibiaí', 11),
(1900, 'Ibiracatu', 11),
(1901, 'Ibiraci', 11),
(1902, 'Ibirité', 11),
(1903, 'Ibitiúra de Minas', 11),
(1904, 'Ibituruna', 11),
(1905, 'Icaraí de Minas', 11),
(1906, 'Igarapé', 11),
(1907, 'Igaratinga', 11),
(1908, 'Iguatama', 11),
(1909, 'Ijaci', 11),
(1910, 'Ilicínea', 11),
(1911, 'Imbé de Minas', 11),
(1912, 'Inconfidentes', 11),
(1913, 'Indaiabira', 11),
(1914, 'Indianópolis', 11),
(1915, 'Ingaí', 11),
(1916, 'Inhapim', 11),
(1917, 'Inhaúma', 11),
(1918, 'Inimutaba', 11),
(1919, 'Ipaba', 11),
(1920, 'Ipanema', 11),
(1921, 'Ipatinga', 11),
(1922, 'Ipiaçu', 11),
(1923, 'Ipuiúna', 11),
(1924, 'Iraí de Minas', 11),
(1925, 'Itabira', 11),
(1926, 'Itabirinha de Mantena', 11),
(1927, 'Itabirito', 11),
(1928, 'Itacambira', 11),
(1929, 'Itacarambi', 11),
(1930, 'Itaguara', 11),
(1931, 'Itaipé', 11),
(1932, 'Itajubá', 11),
(1933, 'Itamarandiba', 11),
(1934, 'Itamarati de Minas', 11),
(1935, 'Itambacuri', 11),
(1936, 'Itambé do Mato Dentro', 11),
(1937, 'Itamogi', 11),
(1938, 'Itamonte', 11),
(1939, 'Itanhandu', 11),
(1940, 'Itanhomi', 11),
(1941, 'Itaobim', 11),
(1942, 'Itapagipe', 11),
(1943, 'Itapecerica', 11),
(1944, 'Itapeva', 11),
(1945, 'Itatiaiuçu', 11),
(1946, 'Itaú de Minas', 11),
(1947, 'Itaúna', 11),
(1948, 'Itaverava', 11),
(1949, 'Itinga', 11),
(1950, 'Itueta', 11),
(1951, 'Ituiutaba', 11),
(1952, 'Itumirim', 11),
(1953, 'Iturama', 11),
(1954, 'Itutinga', 11),
(1955, 'Jaboticatubas', 11),
(1956, 'Jacinto', 11),
(1957, 'Jacuí', 11),
(1958, 'Jacutinga', 11),
(1959, 'Jaguaraçu', 11),
(1960, 'Jaíba', 11),
(1961, 'Jampruca', 11),
(1962, 'Janaúba', 11),
(1963, 'Januária', 11),
(1964, 'Japaraíba', 11),
(1965, 'Japonvar', 11),
(1966, 'Jeceaba', 11),
(1967, 'Jenipapo de Minas', 11),
(1968, 'Jequeri', 11),
(1969, 'Jequitaí', 11),
(1970, 'Jequitibá', 11),
(1971, 'Jequitinhonha', 11),
(1972, 'Jesuânia', 11),
(1973, 'Joaíma', 11),
(1974, 'Joanésia', 11),
(1975, 'João Monlevade', 11),
(1976, 'João Pinheiro', 11),
(1977, 'Joaquim Felício', 11),
(1978, 'Jordânia', 11),
(1979, 'José Gonçalves de Minas', 11),
(1980, 'José Raydan', 11),
(1981, 'Josenópolis', 11),
(1982, 'Juatuba', 11),
(1983, 'Juiz de Fora', 11),
(1984, 'Juramento', 11),
(1985, 'Juruaia', 11),
(1986, 'Juvenília', 11),
(1987, 'Ladainha', 11),
(1988, 'Lagamar', 11),
(1989, 'Lagoa da Prata', 11),
(1990, 'Lagoa dos Patos', 11),
(1991, 'Lagoa Dourada', 11),
(1992, 'Lagoa Formosa', 11),
(1993, 'Lagoa Grande', 11),
(1994, 'Lagoa Santa', 11),
(1995, 'Lajinha', 11),
(1996, 'Lambari', 11),
(1997, 'Lamim', 11),
(1998, 'Laranjal', 11),
(1999, 'Lassance', 11),
(2000, 'Lavras', 11),
(2001, 'Leandro Ferreira', 11),
(2002, 'Leme do Prado', 11),
(2003, 'Leopoldina', 11),
(2004, 'Liberdade', 11),
(2005, 'Lima Duarte', 11),
(2006, 'Limeira do Oeste', 11),
(2007, 'Lontra', 11),
(2008, 'Luisburgo', 11),
(2009, 'Luislândia', 11),
(2010, 'Luminárias', 11),
(2011, 'Luz', 11),
(2012, 'Machacalis', 11),
(2013, 'Machado', 11),
(2014, 'Madre de Deus de Minas', 11),
(2015, 'Malacacheta', 11),
(2016, 'Mamonas', 11),
(2017, 'Manga', 11),
(2018, 'Manhuaçu', 11),
(2019, 'Manhumirim', 11),
(2020, 'Mantena', 11),
(2021, 'Mar de Espanha', 11),
(2022, 'Maravilhas', 11),
(2023, 'Maria da Fé', 11),
(2024, 'Mariana', 11),
(2025, 'Marilac', 11),
(2026, 'Mário Campos', 11),
(2027, 'Maripá de Minas', 11),
(2028, 'Marliéria', 11),
(2029, 'Marmelópolis', 11),
(2030, 'Martinho Campos', 11),
(2031, 'Martins Soares', 11),
(2032, 'Mata Verde', 11),
(2033, 'Materlândia', 11),
(2034, 'Mateus Leme', 11),
(2035, 'Mathias Lobato', 11),
(2036, 'Matias Barbosa', 11),
(2037, 'Matias Cardoso', 11),
(2038, 'Matipó', 11),
(2039, 'Mato Verde', 11),
(2040, 'Matozinhos', 11),
(2041, 'Matutina', 11),
(2042, 'Medeiros', 11),
(2043, 'Medina', 11),
(2044, 'Mendes Pimentel', 11),
(2045, 'Mercês', 11),
(2046, 'Mesquita', 11),
(2047, 'Minas Novas', 11),
(2048, 'Minduri', 11),
(2049, 'Mirabela', 11),
(2050, 'Miradouro', 11),
(2051, 'Miraí', 11),
(2052, 'Miravânia', 11),
(2053, 'Moeda', 11),
(2054, 'Moema', 11),
(2055, 'Monjolos', 11),
(2056, 'Monsenhor Paulo', 11),
(2057, 'Montalvânia', 11),
(2058, 'Monte Alegre de Minas', 11),
(2059, 'Monte Azul', 11),
(2060, 'Monte Belo', 11),
(2061, 'Monte Carmelo', 11),
(2062, 'Monte Formoso', 11),
(2063, 'Monte Santo de Minas', 11),
(2064, 'Monte Sião', 11),
(2065, 'Montes Claros', 11),
(2066, 'Montezuma', 11),
(2067, 'Morada Nova de Minas', 11);
INSERT INTO `cidades` (`id`, `nome`, `estado_id`) VALUES
(2068, 'Morro da Garça', 11),
(2069, 'Morro do Pilar', 11),
(2070, 'Munhoz', 11),
(2071, 'Muriaé', 11),
(2072, 'Mutum', 11),
(2073, 'Muzambinho', 11),
(2074, 'Nacip Raydan', 11),
(2075, 'Nanuque', 11),
(2076, 'Naque', 11),
(2077, 'Natalândia', 11),
(2078, 'Natércia', 11),
(2079, 'Nazareno', 11),
(2080, 'Nepomuceno', 11),
(2081, 'Ninheira', 11),
(2082, 'Nova Belém', 11),
(2083, 'Nova Era', 11),
(2084, 'Nova Lima', 11),
(2085, 'Nova Módica', 11),
(2086, 'Nova Ponte', 11),
(2087, 'Nova Porteirinha', 11),
(2088, 'Nova Resende', 11),
(2089, 'Nova Serrana', 11),
(2090, 'Nova União', 11),
(2091, 'Novo Cruzeiro', 11),
(2092, 'Novo Oriente de Minas', 11),
(2093, 'Novorizonte', 11),
(2094, 'Olaria', 11),
(2095, 'Olhos-d`Água', 11),
(2096, 'Olímpio Noronha', 11),
(2097, 'Oliveira', 11),
(2098, 'Oliveira Fortes', 11),
(2099, 'Onça de Pitangui', 11),
(2100, 'Oratórios', 11),
(2101, 'Orizânia', 11),
(2102, 'Ouro Branco', 11),
(2103, 'Ouro Fino', 11),
(2104, 'Ouro Preto', 11),
(2105, 'Ouro Verde de Minas', 11),
(2106, 'Padre Carvalho', 11),
(2107, 'Padre Paraíso', 11),
(2108, 'Pai Pedro', 11),
(2109, 'Paineiras', 11),
(2110, 'Pains', 11),
(2111, 'Paiva', 11),
(2112, 'Palma', 11),
(2113, 'Palmópolis', 11),
(2114, 'Papagaios', 11),
(2115, 'Pará de Minas', 11),
(2116, 'Paracatu', 11),
(2117, 'Paraguaçu', 11),
(2118, 'Paraisópolis', 11),
(2119, 'Paraopeba', 11),
(2120, 'Passa Quatro', 11),
(2121, 'Passa Tempo', 11),
(2122, 'Passabém', 11),
(2123, 'Passa-Vinte', 11),
(2124, 'Passos', 11),
(2125, 'Patis', 11),
(2126, 'Patos de Minas', 11),
(2127, 'Patrocínio', 11),
(2128, 'Patrocínio do Muriaé', 11),
(2129, 'Paula Cândido', 11),
(2130, 'Paulistas', 11),
(2131, 'Pavão', 11),
(2132, 'Peçanha', 11),
(2133, 'Pedra Azul', 11),
(2134, 'Pedra Bonita', 11),
(2135, 'Pedra do Anta', 11),
(2136, 'Pedra do Indaiá', 11),
(2137, 'Pedra Dourada', 11),
(2138, 'Pedralva', 11),
(2139, 'Pedras de Maria da Cruz', 11),
(2140, 'Pedrinópolis', 11),
(2141, 'Pedro Leopoldo', 11),
(2142, 'Pedro Teixeira', 11),
(2143, 'Pequeri', 11),
(2144, 'Pequi', 11),
(2145, 'Perdigão', 11),
(2146, 'Perdizes', 11),
(2147, 'Perdões', 11),
(2148, 'Periquito', 11),
(2149, 'Pescador', 11),
(2150, 'Piau', 11),
(2151, 'Piedade de Caratinga', 11),
(2152, 'Piedade de Ponte Nova', 11),
(2153, 'Piedade do Rio Grande', 11),
(2154, 'Piedade dos Gerais', 11),
(2155, 'Pimenta', 11),
(2156, 'Pingo-d`Água', 11),
(2157, 'Pintópolis', 11),
(2158, 'Piracema', 11),
(2159, 'Pirajuba', 11),
(2160, 'Piranga', 11),
(2161, 'Piranguçu', 11),
(2162, 'Piranguinho', 11),
(2163, 'Pirapetinga', 11),
(2164, 'Pirapora', 11),
(2165, 'Piraúba', 11),
(2166, 'Pitangui', 11),
(2167, 'Piumhi', 11),
(2168, 'Planura', 11),
(2169, 'Poço Fundo', 11),
(2170, 'Poços de Caldas', 11),
(2171, 'Pocrane', 11),
(2172, 'Pompéu', 11),
(2173, 'Ponte Nova', 11),
(2174, 'Ponto Chique', 11),
(2175, 'Ponto dos Volantes', 11),
(2176, 'Porteirinha', 11),
(2177, 'Porto Firme', 11),
(2178, 'Poté', 11),
(2179, 'Pouso Alegre', 11),
(2180, 'Pouso Alto', 11),
(2181, 'Prados', 11),
(2182, 'Prata', 11),
(2183, 'Pratápolis', 11),
(2184, 'Pratinha', 11),
(2185, 'Presidente Bernardes', 11),
(2186, 'Presidente Juscelino', 11),
(2187, 'Presidente Kubitschek', 11),
(2188, 'Presidente Olegário', 11),
(2189, 'Prudente de Morais', 11),
(2190, 'Quartel Geral', 11),
(2191, 'Queluzito', 11),
(2192, 'Raposos', 11),
(2193, 'Raul Soares', 11),
(2194, 'Recreio', 11),
(2195, 'Reduto', 11),
(2196, 'Resende Costa', 11),
(2197, 'Resplendor', 11),
(2198, 'Ressaquinha', 11),
(2199, 'Riachinho', 11),
(2200, 'Riacho dos Machados', 11),
(2201, 'Ribeirão das Neves', 11),
(2202, 'Ribeirão Vermelho', 11),
(2203, 'Rio Acima', 11),
(2204, 'Rio Casca', 11),
(2205, 'Rio do Prado', 11),
(2206, 'Rio Doce', 11),
(2207, 'Rio Espera', 11),
(2208, 'Rio Manso', 11),
(2209, 'Rio Novo', 11),
(2210, 'Rio Paranaíba', 11),
(2211, 'Rio Pardo de Minas', 11),
(2212, 'Rio Piracicaba', 11),
(2213, 'Rio Pomba', 11),
(2214, 'Rio Preto', 11),
(2215, 'Rio Vermelho', 11),
(2216, 'Ritápolis', 11),
(2217, 'Rochedo de Minas', 11),
(2218, 'Rodeiro', 11),
(2219, 'Romaria', 11),
(2220, 'Rosário da Limeira', 11),
(2221, 'Rubelita', 11),
(2222, 'Rubim', 11),
(2223, 'Sabará', 11),
(2224, 'Sabinópolis', 11),
(2225, 'Sacramento', 11),
(2226, 'Salinas', 11),
(2227, 'Salto da Divisa', 11),
(2228, 'Santa Bárbara', 11),
(2229, 'Santa Bárbara do Leste', 11),
(2230, 'Santa Bárbara do Monte Verde', 11),
(2231, 'Santa Bárbara do Tugúrio', 11),
(2232, 'Santa Cruz de Minas', 11),
(2233, 'Santa Cruz de Salinas', 11),
(2234, 'Santa Cruz do Escalvado', 11),
(2235, 'Santa Efigênia de Minas', 11),
(2236, 'Santa Fé de Minas', 11),
(2237, 'Santa Helena de Minas', 11),
(2238, 'Santa Juliana', 11),
(2239, 'Santa Luzia', 11),
(2240, 'Santa Margarida', 11),
(2241, 'Santa Maria de Itabira', 11),
(2242, 'Santa Maria do Salto', 11),
(2243, 'Santa Maria do Suaçuí', 11),
(2244, 'Santa Rita de Caldas', 11),
(2245, 'Santa Rita de Ibitipoca', 11),
(2246, 'Santa Rita de Jacutinga', 11),
(2247, 'Santa Rita de Minas', 11),
(2248, 'Santa Rita do Itueto', 11),
(2249, 'Santa Rita do Sapucaí', 11),
(2250, 'Santa Rosa da Serra', 11),
(2251, 'Santa Vitória', 11),
(2252, 'Santana da Vargem', 11),
(2253, 'Santana de Cataguases', 11),
(2254, 'Santana de Pirapama', 11),
(2255, 'Santana do Deserto', 11),
(2256, 'Santana do Garambéu', 11),
(2257, 'Santana do Jacaré', 11),
(2258, 'Santana do Manhuaçu', 11),
(2259, 'Santana do Paraíso', 11),
(2260, 'Santana do Riacho', 11),
(2261, 'Santana dos Montes', 11),
(2262, 'Santo Antônio do Amparo', 11),
(2263, 'Santo Antônio do Aventureiro', 11),
(2264, 'Santo Antônio do Grama', 11),
(2265, 'Santo Antônio do Itambé', 11),
(2266, 'Santo Antônio do Jacinto', 11),
(2267, 'Santo Antônio do Monte', 11),
(2268, 'Santo Antônio do Retiro', 11),
(2269, 'Santo Antônio do Rio Abaixo', 11),
(2270, 'Santo Hipólito', 11),
(2271, 'Santos Dumont', 11),
(2272, 'São Bento Abade', 11),
(2273, 'São Brás do Suaçuí', 11),
(2274, 'São Domingos das Dores', 11),
(2275, 'São Domingos do Prata', 11),
(2276, 'São Félix de Minas', 11),
(2277, 'São Francisco', 11),
(2278, 'São Francisco de Paula', 11),
(2279, 'São Francisco de Sales', 11),
(2280, 'São Francisco do Glória', 11),
(2281, 'São Geraldo', 11),
(2282, 'São Geraldo da Piedade', 11),
(2283, 'São Geraldo do Baixio', 11),
(2284, 'São Gonçalo do Abaeté', 11),
(2285, 'São Gonçalo do Pará', 11),
(2286, 'São Gonçalo do Rio Abaixo', 11),
(2287, 'São Gonçalo do Rio Preto', 11),
(2288, 'São Gonçalo do Sapucaí', 11),
(2289, 'São Gotardo', 11),
(2290, 'São João Batista do Glória', 11),
(2291, 'São João da Lagoa', 11),
(2292, 'São João da Mata', 11),
(2293, 'São João da Ponte', 11),
(2294, 'São João das Missões', 11),
(2295, 'São João del Rei', 11),
(2296, 'São João do Manhuaçu', 11),
(2297, 'São João do Manteninha', 11),
(2298, 'São João do Oriente', 11),
(2299, 'São João do Pacuí', 11),
(2300, 'São João do Paraíso', 11),
(2301, 'São João Evangelista', 11),
(2302, 'São João Nepomuceno', 11),
(2303, 'São Joaquim de Bicas', 11),
(2304, 'São José da Barra', 11),
(2305, 'São José da Lapa', 11),
(2306, 'São José da Safira', 11),
(2307, 'São José da Varginha', 11),
(2308, 'São José do Alegre', 11),
(2309, 'São José do Divino', 11),
(2310, 'São José do Goiabal', 11),
(2311, 'São José do Jacuri', 11),
(2312, 'São José do Mantimento', 11),
(2313, 'São Lourenço', 11),
(2314, 'São Miguel do Anta', 11),
(2315, 'São Pedro da União', 11),
(2316, 'São Pedro do Suaçuí', 11),
(2317, 'São Pedro dos Ferros', 11),
(2318, 'São Romão', 11),
(2319, 'São Roque de Minas', 11),
(2320, 'São Sebastião da Bela Vista', 11),
(2321, 'São Sebastião da Vargem Alegre', 11),
(2322, 'São Sebastião do Anta', 11),
(2323, 'São Sebastião do Maranhão', 11),
(2324, 'São Sebastião do Oeste', 11),
(2325, 'São Sebastião do Paraíso', 11),
(2326, 'São Sebastião do Rio Preto', 11),
(2327, 'São Sebastião do Rio Verde', 11),
(2328, 'São Thomé das Letras', 11),
(2329, 'São Tiago', 11),
(2330, 'São Tomás de Aquino', 11),
(2331, 'São Vicente de Minas', 11),
(2332, 'Sapucaí-Mirim', 11),
(2333, 'Sardoá', 11),
(2334, 'Sarzedo', 11),
(2335, 'Sem-Peixe', 11),
(2336, 'Senador Amaral', 11),
(2337, 'Senador Cortes', 11),
(2338, 'Senador Firmino', 11),
(2339, 'Senador José Bento', 11),
(2340, 'Senador Modestino Gonçalves', 11),
(2341, 'Senhora de Oliveira', 11),
(2342, 'Senhora do Porto', 11),
(2343, 'Senhora dos Remédios', 11),
(2344, 'Sericita', 11),
(2345, 'Seritinga', 11),
(2346, 'Serra Azul de Minas', 11),
(2347, 'Serra da Saudade', 11),
(2348, 'Serra do Salitre', 11),
(2349, 'Serra dos Aimorés', 11),
(2350, 'Serrania', 11),
(2351, 'Serranópolis de Minas', 11),
(2352, 'Serranos', 11),
(2353, 'Serro', 11),
(2354, 'Sete Lagoas', 11),
(2355, 'Setubinha', 11),
(2356, 'Silveirânia', 11),
(2357, 'Silvianópolis', 11),
(2358, 'Simão Pereira', 11),
(2359, 'Simonésia', 11),
(2360, 'Sobrália', 11),
(2361, 'Soledade de Minas', 11),
(2362, 'Tabuleiro', 11),
(2363, 'Taiobeiras', 11),
(2364, 'Taparuba', 11),
(2365, 'Tapira', 11),
(2366, 'Tapiraí', 11),
(2367, 'Taquaraçu de Minas', 11),
(2368, 'Tarumirim', 11),
(2369, 'Teixeiras', 11),
(2370, 'Teófilo Otoni', 11),
(2371, 'Timóteo', 11),
(2372, 'Tiradentes', 11),
(2373, 'Tiros', 11),
(2374, 'Tocantins', 11),
(2375, 'Tocos do Moji', 11),
(2376, 'Toledo', 11),
(2377, 'Tombos', 11),
(2378, 'Três Corações', 11),
(2379, 'Três Marias', 11),
(2380, 'Três Pontas', 11),
(2381, 'Tumiritinga', 11),
(2382, 'Tupaciguara', 11),
(2383, 'Turmalina', 11),
(2384, 'Turvolândia', 11),
(2385, 'Ubá', 11),
(2386, 'Ubaí', 11),
(2387, 'Ubaporanga', 11),
(2388, 'Uberaba', 11),
(2389, 'Uberlândia', 11),
(2390, 'Umburatiba', 11),
(2391, 'Unaí', 11),
(2392, 'União de Minas', 11),
(2393, 'Uruana de Minas', 11),
(2394, 'Urucânia', 11),
(2395, 'Urucuia', 11),
(2396, 'Vargem Alegre', 11),
(2397, 'Vargem Bonita', 11),
(2398, 'Vargem Grande do Rio Pardo', 11),
(2399, 'Varginha', 11),
(2400, 'Varjão de Minas', 11),
(2401, 'Várzea da Palma', 11),
(2402, 'Varzelândia', 11),
(2403, 'Vazante', 11),
(2404, 'Verdelândia', 11),
(2405, 'Veredinha', 11),
(2406, 'Veríssimo', 11),
(2407, 'Vermelho Novo', 11),
(2408, 'Vespasiano', 11),
(2409, 'Viçosa', 11),
(2410, 'Vieiras', 11),
(2411, 'Virgem da Lapa', 11),
(2412, 'Virgínia', 11),
(2413, 'Virginópolis', 11),
(2414, 'Virgolândia', 11),
(2415, 'Visconde do Rio Branco', 11),
(2416, 'Volta Grande', 11),
(2417, 'Wenceslau Braz', 11),
(2418, 'Abaetetuba', 14),
(2419, 'Abel Figueiredo', 14),
(2420, 'Acará', 14),
(2421, 'Afuá', 14),
(2422, 'Água Azul do Norte', 14),
(2423, 'Alenquer', 14),
(2424, 'Almeirim', 14),
(2425, 'Altamira', 14),
(2426, 'Anajás', 14),
(2427, 'Ananindeua', 14),
(2428, 'Anapu', 14),
(2429, 'Augusto Corrêa', 14),
(2430, 'Aurora do Pará', 14),
(2431, 'Aveiro', 14),
(2432, 'Bagre', 14),
(2433, 'Baião', 14),
(2434, 'Bannach', 14),
(2435, 'Barcarena', 14),
(2436, 'Belém', 14),
(2437, 'Belterra', 14),
(2438, 'Benevides', 14),
(2439, 'Bom Jesus do Tocantins', 14),
(2440, 'Bonito', 14),
(2441, 'Bragança', 14),
(2442, 'Brasil Novo', 14),
(2443, 'Brejo Grande do Araguaia', 14),
(2444, 'Breu Branco', 14),
(2445, 'Breves', 14),
(2446, 'Bujaru', 14),
(2447, 'Cachoeira do Arari', 14),
(2448, 'Cachoeira do Piriá', 14),
(2449, 'Cametá', 14),
(2450, 'Canaã dos Carajás', 14),
(2451, 'Capanema', 14),
(2452, 'Capitão Poço', 14),
(2453, 'Castanhal', 14),
(2454, 'Chaves', 14),
(2455, 'Colares', 14),
(2456, 'Conceição do Araguaia', 14),
(2457, 'Concórdia do Pará', 14),
(2458, 'Cumaru do Norte', 14),
(2459, 'Curionópolis', 14),
(2460, 'Curralinho', 14),
(2461, 'Curuá', 14),
(2462, 'Curuçá', 14),
(2463, 'Dom Eliseu', 14),
(2464, 'Eldorado dos Carajás', 14),
(2465, 'Faro', 14),
(2466, 'Floresta do Araguaia', 14),
(2467, 'Garrafão do Norte', 14),
(2468, 'Goianésia do Pará', 14),
(2469, 'Gurupá', 14),
(2470, 'Igarapé-Açu', 14),
(2471, 'Igarapé-Miri', 14),
(2472, 'Inhangapi', 14),
(2473, 'Ipixuna do Pará', 14),
(2474, 'Irituia', 14),
(2475, 'Itaituba', 14),
(2476, 'Itupiranga', 14),
(2477, 'Jacareacanga', 14),
(2478, 'Jacundá', 14),
(2479, 'Juruti', 14),
(2480, 'Limoeiro do Ajuru', 14),
(2481, 'Mãe do Rio', 14),
(2482, 'Magalhães Barata', 14),
(2483, 'Marabá', 14),
(2484, 'Maracanã', 14),
(2485, 'Marapanim', 14),
(2486, 'Marituba', 14),
(2487, 'Medicilândia', 14),
(2488, 'Melgaço', 14),
(2489, 'Mocajuba', 14),
(2490, 'Moju', 14),
(2491, 'Monte Alegre', 14),
(2492, 'Muaná', 14),
(2493, 'Nova Esperança do Piriá', 14),
(2494, 'Nova Ipixuna', 14),
(2495, 'Nova Timboteua', 14),
(2496, 'Novo Progresso', 14),
(2497, 'Novo Repartimento', 14),
(2498, 'Óbidos', 14),
(2499, 'Oeiras do Pará', 14),
(2500, 'Oriximiná', 14),
(2501, 'Ourém', 14),
(2502, 'Ourilândia do Norte', 14),
(2503, 'Pacajá', 14),
(2504, 'Palestina do Pará', 14),
(2505, 'Paragominas', 14),
(2506, 'Parauapebas', 14),
(2507, 'Pau d`Arco', 14),
(2508, 'Peixe-Boi', 14),
(2509, 'Piçarra', 14),
(2510, 'Placas', 14),
(2511, 'Ponta de Pedras', 14),
(2512, 'Portel', 14),
(2513, 'Porto de Moz', 14),
(2514, 'Prainha', 14),
(2515, 'Primavera', 14),
(2516, 'Quatipuru', 14),
(2517, 'Redenção', 14),
(2518, 'Rio Maria', 14),
(2519, 'Rondon do Pará', 14),
(2520, 'Rurópolis', 14),
(2521, 'Salinópolis', 14),
(2522, 'Salvaterra', 14),
(2523, 'Santa Bárbara do Pará', 14),
(2524, 'Santa Cruz do Arari', 14),
(2525, 'Santa Isabel do Pará', 14),
(2526, 'Santa Luzia do Pará', 14),
(2527, 'Santa Maria das Barreiras', 14),
(2528, 'Santa Maria do Pará', 14),
(2529, 'Santana do Araguaia', 14),
(2530, 'Santarém', 14),
(2531, 'Santarém Novo', 14),
(2532, 'Santo Antônio do Tauá', 14),
(2533, 'São Caetano de Odivelas', 14),
(2534, 'São Domingos do Araguaia', 14),
(2535, 'São Domingos do Capim', 14),
(2536, 'São Félix do Xingu', 14),
(2537, 'São Francisco do Pará', 14),
(2538, 'São Geraldo do Araguaia', 14),
(2539, 'São João da Ponta', 14),
(2540, 'São João de Pirabas', 14),
(2541, 'São João do Araguaia', 14),
(2542, 'São Miguel do Guamá', 14),
(2543, 'São Sebastião da Boa Vista', 14),
(2544, 'Sapucaia', 14),
(2545, 'Senador José Porfírio', 14),
(2546, 'Soure', 14),
(2547, 'Tailândia', 14),
(2548, 'Terra Alta', 14),
(2549, 'Terra Santa', 14),
(2550, 'Tomé-Açu', 14),
(2551, 'Tracuateua', 14),
(2552, 'Trairão', 14),
(2553, 'Tucumã', 14),
(2554, 'Tucuruí', 14),
(2555, 'Ulianópolis', 14),
(2556, 'Uruará', 14),
(2557, 'Vigia', 14),
(2558, 'Viseu', 14),
(2559, 'Vitória do Xingu', 14),
(2560, 'Xinguara', 14),
(2561, 'Água Branca', 15),
(2562, 'Aguiar', 15),
(2563, 'Alagoa Grande', 15),
(2564, 'Alagoa Nova', 15),
(2565, 'Alagoinha', 15),
(2566, 'Alcantil', 15),
(2567, 'Algodão de Jandaíra', 15),
(2568, 'Alhandra', 15),
(2569, 'Amparo', 15),
(2570, 'Aparecida', 15),
(2571, 'Araçagi', 15),
(2572, 'Arara', 15),
(2573, 'Araruna', 15),
(2574, 'Areia', 15),
(2575, 'Areia de Baraúnas', 15),
(2576, 'Areial', 15),
(2577, 'Aroeiras', 15),
(2578, 'Assunção', 15),
(2579, 'Baía da Traição', 15),
(2580, 'Bananeiras', 15),
(2581, 'Baraúna', 15),
(2582, 'Barra de Santa Rosa', 15),
(2583, 'Barra de Santana', 15),
(2584, 'Barra de São Miguel', 15),
(2585, 'Bayeux', 15),
(2586, 'Belém', 15),
(2587, 'Belém do Brejo do Cruz', 15),
(2588, 'Bernardino Batista', 15),
(2589, 'Boa Ventura', 15),
(2590, 'Boa Vista', 15),
(2591, 'Bom Jesus', 15),
(2592, 'Bom Sucesso', 15),
(2593, 'Bonito de Santa Fé', 15),
(2594, 'Boqueirão', 15),
(2595, 'Borborema', 15),
(2596, 'Brejo do Cruz', 15),
(2597, 'Brejo dos Santos', 15),
(2598, 'Caaporã', 15),
(2599, 'Cabaceiras', 15),
(2600, 'Cabedelo', 15),
(2601, 'Cachoeira dos Índios', 15),
(2602, 'Cacimba de Areia', 15),
(2603, 'Cacimba de Dentro', 15),
(2604, 'Cacimbas', 15),
(2605, 'Caiçara', 15),
(2606, 'Cajazeiras', 15),
(2607, 'Cajazeirinhas', 15),
(2608, 'Caldas Brandão', 15),
(2609, 'Camalaú', 15),
(2610, 'Campina Grande', 15),
(2611, 'Campo de Santana', 15),
(2612, 'Capim', 15),
(2613, 'Caraúbas', 15),
(2614, 'Carrapateira', 15),
(2615, 'Casserengue', 15),
(2616, 'Catingueira', 15),
(2617, 'Catolé do Rocha', 15),
(2618, 'Caturité', 15),
(2619, 'Conceição', 15),
(2620, 'Condado', 15),
(2621, 'Conde', 15),
(2622, 'Congo', 15),
(2623, 'Coremas', 15),
(2624, 'Coxixola', 15),
(2625, 'Cruz do Espírito Santo', 15),
(2626, 'Cubati', 15),
(2627, 'Cuité', 15),
(2628, 'Cuité de Mamanguape', 15),
(2629, 'Cuitegi', 15),
(2630, 'Curral de Cima', 15),
(2631, 'Curral Velho', 15),
(2632, 'Damião', 15),
(2633, 'Desterro', 15),
(2634, 'Diamante', 15),
(2635, 'Dona Inês', 15),
(2636, 'Duas Estradas', 15),
(2637, 'Emas', 15),
(2638, 'Esperança', 15),
(2639, 'Fagundes', 15),
(2640, 'Frei Martinho', 15),
(2641, 'Gado Bravo', 15),
(2642, 'Guarabira', 15),
(2643, 'Gurinhém', 15),
(2644, 'Gurjão', 15),
(2645, 'Ibiara', 15),
(2646, 'Igaracy', 15),
(2647, 'Imaculada', 15),
(2648, 'Ingá', 15),
(2649, 'Itabaiana', 15),
(2650, 'Itaporanga', 15),
(2651, 'Itapororoca', 15),
(2652, 'Itatuba', 15),
(2653, 'Jacaraú', 15),
(2654, 'Jericó', 15),
(2655, 'João Pessoa', 15),
(2656, 'Juarez Távora', 15),
(2657, 'Juazeirinho', 15),
(2658, 'Junco do Seridó', 15),
(2659, 'Juripiranga', 15),
(2660, 'Juru', 15),
(2661, 'Lagoa', 15),
(2662, 'Lagoa de Dentro', 15),
(2663, 'Lagoa Seca', 15),
(2664, 'Lastro', 15),
(2665, 'Livramento', 15),
(2666, 'Logradouro', 15),
(2667, 'Lucena', 15),
(2668, 'Mãe d`Água', 15),
(2669, 'Malta', 15),
(2670, 'Mamanguape', 15),
(2671, 'Manaíra', 15),
(2672, 'Marcação', 15),
(2673, 'Mari', 15),
(2674, 'Marizópolis', 15),
(2675, 'Massaranduba', 15),
(2676, 'Mataraca', 15),
(2677, 'Matinhas', 15),
(2678, 'Mato Grosso', 15),
(2679, 'Maturéia', 15),
(2680, 'Mogeiro', 15),
(2681, 'Montadas', 15),
(2682, 'Monte Horebe', 15),
(2683, 'Monteiro', 15),
(2684, 'Mulungu', 15),
(2685, 'Natuba', 15),
(2686, 'Nazarezinho', 15),
(2687, 'Nova Floresta', 15),
(2688, 'Nova Olinda', 15),
(2689, 'Nova Palmeira', 15),
(2690, 'Olho d`Água', 15),
(2691, 'Olivedos', 15),
(2692, 'Ouro Velho', 15),
(2693, 'Parari', 15),
(2694, 'Passagem', 15),
(2695, 'Patos', 15),
(2696, 'Paulista', 15),
(2697, 'Pedra Branca', 15),
(2698, 'Pedra Lavrada', 15),
(2699, 'Pedras de Fogo', 15),
(2700, 'Pedro Régis', 15),
(2701, 'Piancó', 15),
(2702, 'Picuí', 15),
(2703, 'Pilar', 15),
(2704, 'Pilões', 15),
(2705, 'Pilõezinhos', 15),
(2706, 'Pirpirituba', 15),
(2707, 'Pitimbu', 15),
(2708, 'Pocinhos', 15),
(2709, 'Poço Dantas', 15),
(2710, 'Poço de José de Moura', 15),
(2711, 'Pombal', 15),
(2712, 'Prata', 15),
(2713, 'Princesa Isabel', 15),
(2714, 'Puxinanã', 15),
(2715, 'Queimadas', 15),
(2716, 'Quixabá', 15),
(2717, 'Remígio', 15),
(2718, 'Riachão', 15),
(2719, 'Riachão do Bacamarte', 15),
(2720, 'Riachão do Poço', 15),
(2721, 'Riacho de Santo Antônio', 15),
(2722, 'Riacho dos Cavalos', 15),
(2723, 'Rio Tinto', 15),
(2724, 'Salgadinho', 15),
(2725, 'Salgado de São Félix', 15),
(2726, 'Santa Cecília', 15),
(2727, 'Santa Cruz', 15),
(2728, 'Santa Helena', 15),
(2729, 'Santa Inês', 15),
(2730, 'Santa Luzia', 15),
(2731, 'Santa Rita', 15),
(2732, 'Santa Teresinha', 15),
(2733, 'Santana de Mangueira', 15),
(2734, 'Santana dos Garrotes', 15),
(2735, 'Santarém', 15),
(2736, 'Santo André', 15),
(2737, 'São Bentinho', 15),
(2738, 'São Bento', 15),
(2739, 'São Domingos de Pombal', 15),
(2740, 'São Domingos do Cariri', 15),
(2741, 'São Francisco', 15),
(2742, 'São João do Cariri', 15),
(2743, 'São João do Rio do Peixe', 15),
(2744, 'São João do Tigre', 15),
(2745, 'São José da Lagoa Tapada', 15),
(2746, 'São José de Caiana', 15),
(2747, 'São José de Espinharas', 15),
(2748, 'São José de Piranhas', 15),
(2749, 'São José de Princesa', 15),
(2750, 'São José do Bonfim', 15),
(2751, 'São José do Brejo do Cruz', 15),
(2752, 'São José do Sabugi', 15),
(2753, 'São José dos Cordeiros', 15),
(2754, 'São José dos Ramos', 15),
(2755, 'São Mamede', 15),
(2756, 'São Miguel de Taipu', 15),
(2757, 'São Sebastião de Lagoa de Roça', 15),
(2758, 'São Sebastião do Umbuzeiro', 15),
(2759, 'Sapé', 15),
(2760, 'Seridó', 15),
(2761, 'Serra Branca', 15),
(2762, 'Serra da Raiz', 15),
(2763, 'Serra Grande', 15),
(2764, 'Serra Redonda', 15),
(2765, 'Serraria', 15),
(2766, 'Sertãozinho', 15),
(2767, 'Sobrado', 15),
(2768, 'Solânea', 15),
(2769, 'Soledade', 15),
(2770, 'Sossêgo', 15),
(2771, 'Sousa', 15),
(2772, 'Sumé', 15),
(2773, 'Taperoá', 15),
(2774, 'Tavares', 15),
(2775, 'Teixeira', 15),
(2776, 'Tenório', 15),
(2777, 'Triunfo', 15),
(2778, 'Uiraúna', 15),
(2779, 'Umbuzeiro', 15),
(2780, 'Várzea', 15),
(2781, 'Vieirópolis', 15),
(2782, 'Vista Serrana', 15),
(2783, 'Zabelê', 15),
(2784, 'Abatiá', 18),
(2785, 'Adrianópolis', 18),
(2786, 'Agudos do Sul', 18),
(2787, 'Almirante Tamandaré', 18),
(2788, 'Altamira do Paraná', 18),
(2789, 'Alto Paraíso', 18),
(2790, 'Alto Paraná', 18),
(2791, 'Alto Piquiri', 18),
(2792, 'Altônia', 18),
(2793, 'Alvorada do Sul', 18),
(2794, 'Amaporã', 18),
(2795, 'Ampére', 18),
(2796, 'Anahy', 18),
(2797, 'Andirá', 18),
(2798, 'Ângulo', 18),
(2799, 'Antonina', 18),
(2800, 'Antônio Olinto', 18),
(2801, 'Apucarana', 18),
(2802, 'Arapongas', 18),
(2803, 'Arapoti', 18),
(2804, 'Arapuã', 18),
(2805, 'Araruna', 18),
(2806, 'Araucária', 18),
(2807, 'Ariranha do Ivaí', 18),
(2808, 'Assaí', 18),
(2809, 'Assis Chateaubriand', 18),
(2810, 'Astorga', 18),
(2811, 'Atalaia', 18),
(2812, 'Balsa Nova', 18),
(2813, 'Bandeirantes', 18),
(2814, 'Barbosa Ferraz', 18),
(2815, 'Barra do Jacaré', 18),
(2816, 'Barracão', 18),
(2817, 'Bela Vista da Caroba', 18),
(2818, 'Bela Vista do Paraíso', 18),
(2819, 'Bituruna', 18),
(2820, 'Boa Esperança', 18),
(2821, 'Boa Esperança do Iguaçu', 18),
(2822, 'Boa Ventura de São Roque', 18),
(2823, 'Boa Vista da Aparecida', 18),
(2824, 'Bocaiúva do Sul', 18),
(2825, 'Bom Jesus do Sul', 18),
(2826, 'Bom Sucesso', 18),
(2827, 'Bom Sucesso do Sul', 18),
(2828, 'Borrazópolis', 18),
(2829, 'Braganey', 18),
(2830, 'Brasilândia do Sul', 18),
(2831, 'Cafeara', 18),
(2832, 'Cafelândia', 18),
(2833, 'Cafezal do Sul', 18),
(2834, 'Califórnia', 18),
(2835, 'Cambará', 18),
(2836, 'Cambé', 18),
(2837, 'Cambira', 18),
(2838, 'Campina da Lagoa', 18),
(2839, 'Campina do Simão', 18),
(2840, 'Campina Grande do Sul', 18),
(2841, 'Campo Bonito', 18),
(2842, 'Campo do Tenente', 18),
(2843, 'Campo Largo', 18),
(2844, 'Campo Magro', 18),
(2845, 'Campo Mourão', 18),
(2846, 'Cândido de Abreu', 18),
(2847, 'Candói', 18),
(2848, 'Cantagalo', 18),
(2849, 'Capanema', 18),
(2850, 'Capitão Leônidas Marques', 18),
(2851, 'Carambeí', 18),
(2852, 'Carlópolis', 18),
(2853, 'Cascavel', 18),
(2854, 'Castro', 18),
(2855, 'Catanduvas', 18),
(2856, 'Centenário do Sul', 18),
(2857, 'Cerro Azul', 18),
(2858, 'Céu Azul', 18),
(2859, 'Chopinzinho', 18),
(2860, 'Cianorte', 18),
(2861, 'Cidade Gaúcha', 18),
(2862, 'Clevelândia', 18),
(2863, 'Colombo', 18),
(2864, 'Colorado', 18),
(2865, 'Congonhinhas', 18),
(2866, 'Conselheiro Mairinck', 18),
(2867, 'Contenda', 18),
(2868, 'Corbélia', 18),
(2869, 'Cornélio Procópio', 18),
(2870, 'Coronel Domingos Soares', 18),
(2871, 'Coronel Vivida', 18),
(2872, 'Corumbataí do Sul', 18),
(2873, 'Cruz Machado', 18),
(2874, 'Cruzeiro do Iguaçu', 18),
(2875, 'Cruzeiro do Oeste', 18),
(2876, 'Cruzeiro do Sul', 18),
(2877, 'Cruzmaltina', 18),
(2878, 'Curitiba', 18),
(2879, 'Curiúva', 18),
(2880, 'Diamante d`Oeste', 18),
(2881, 'Diamante do Norte', 18),
(2882, 'Diamante do Sul', 18),
(2883, 'Dois Vizinhos', 18),
(2884, 'Douradina', 18),
(2885, 'Doutor Camargo', 18),
(2886, 'Doutor Ulysses', 18),
(2887, 'Enéas Marques', 18),
(2888, 'Engenheiro Beltrão', 18),
(2889, 'Entre Rios do Oeste', 18),
(2890, 'Esperança Nova', 18),
(2891, 'Espigão Alto do Iguaçu', 18),
(2892, 'Farol', 18),
(2893, 'Faxinal', 18),
(2894, 'Fazenda Rio Grande', 18),
(2895, 'Fênix', 18),
(2896, 'Fernandes Pinheiro', 18),
(2897, 'Figueira', 18),
(2898, 'Flor da Serra do Sul', 18),
(2899, 'Floraí', 18),
(2900, 'Floresta', 18),
(2901, 'Florestópolis', 18),
(2902, 'Flórida', 18),
(2903, 'Formosa do Oeste', 18),
(2904, 'Foz do Iguaçu', 18),
(2905, 'Foz do Jordão', 18),
(2906, 'Francisco Alves', 18),
(2907, 'Francisco Beltrão', 18),
(2908, 'General Carneiro', 18),
(2909, 'Godoy Moreira', 18),
(2910, 'Goioerê', 18),
(2911, 'Goioxim', 18),
(2912, 'Grandes Rios', 18),
(2913, 'Guaíra', 18),
(2914, 'Guairaçá', 18),
(2915, 'Guamiranga', 18),
(2916, 'Guapirama', 18),
(2917, 'Guaporema', 18),
(2918, 'Guaraci', 18),
(2919, 'Guaraniaçu', 18),
(2920, 'Guarapuava', 18),
(2921, 'Guaraqueçaba', 18),
(2922, 'Guaratuba', 18),
(2923, 'Honório Serpa', 18),
(2924, 'Ibaiti', 18),
(2925, 'Ibema', 18),
(2926, 'Ibiporã', 18),
(2927, 'Icaraíma', 18),
(2928, 'Iguaraçu', 18),
(2929, 'Iguatu', 18),
(2930, 'Imbaú', 18),
(2931, 'Imbituva', 18),
(2932, 'Inácio Martins', 18),
(2933, 'Inajá', 18),
(2934, 'Indianópolis', 18),
(2935, 'Ipiranga', 18),
(2936, 'Iporã', 18),
(2937, 'Iracema do Oeste', 18),
(2938, 'Irati', 18),
(2939, 'Iretama', 18),
(2940, 'Itaguajé', 18),
(2941, 'Itaipulândia', 18),
(2942, 'Itambaracá', 18),
(2943, 'Itambé', 18),
(2944, 'Itapejara d`Oeste', 18),
(2945, 'Itaperuçu', 18),
(2946, 'Itaúna do Sul', 18),
(2947, 'Ivaí', 18),
(2948, 'Ivaiporã', 18),
(2949, 'Ivaté', 18),
(2950, 'Ivatuba', 18),
(2951, 'Jaboti', 18),
(2952, 'Jacarezinho', 18),
(2953, 'Jaguapitã', 18),
(2954, 'Jaguariaíva', 18),
(2955, 'Jandaia do Sul', 18),
(2956, 'Janiópolis', 18),
(2957, 'Japira', 18),
(2958, 'Japurá', 18),
(2959, 'Jardim Alegre', 18),
(2960, 'Jardim Olinda', 18),
(2961, 'Jataizinho', 18),
(2962, 'Jesuítas', 18),
(2963, 'Joaquim Távora', 18),
(2964, 'Jundiaí do Sul', 18),
(2965, 'Juranda', 18),
(2966, 'Jussara', 18),
(2967, 'Kaloré', 18),
(2968, 'Lapa', 18),
(2969, 'Laranjal', 18),
(2970, 'Laranjeiras do Sul', 18),
(2971, 'Leópolis', 18),
(2972, 'Lidianópolis', 18),
(2973, 'Lindoeste', 18),
(2974, 'Loanda', 18),
(2975, 'Lobato', 18),
(2976, 'Londrina', 18),
(2977, 'Luiziana', 18),
(2978, 'Lunardelli', 18),
(2979, 'Lupionópolis', 18),
(2980, 'Mallet', 18),
(2981, 'Mamborê', 18),
(2982, 'Mandaguaçu', 18),
(2983, 'Mandaguari', 18),
(2984, 'Mandirituba', 18),
(2985, 'Manfrinópolis', 18),
(2986, 'Mangueirinha', 18),
(2987, 'Manoel Ribas', 18),
(2988, 'Marechal Cândido Rondon', 18),
(2989, 'Maria Helena', 18),
(2990, 'Marialva', 18),
(2991, 'Marilândia do Sul', 18),
(2992, 'Marilena', 18),
(2993, 'Mariluz', 18),
(2994, 'Maringá', 18),
(2995, 'Mariópolis', 18),
(2996, 'Maripá', 18),
(2997, 'Marmeleiro', 18),
(2998, 'Marquinho', 18),
(2999, 'Marumbi', 18),
(3000, 'Matelândia', 18),
(3001, 'Matinhos', 18),
(3002, 'Mato Rico', 18),
(3003, 'Mauá da Serra', 18),
(3004, 'Medianeira', 18),
(3005, 'Mercedes', 18),
(3006, 'Mirador', 18),
(3007, 'Miraselva', 18),
(3008, 'Missal', 18),
(3009, 'Moreira Sales', 18),
(3010, 'Morretes', 18),
(3011, 'Munhoz de Melo', 18),
(3012, 'Nossa Senhora das Graças', 18),
(3013, 'Nova Aliança do Ivaí', 18),
(3014, 'Nova América da Colina', 18),
(3015, 'Nova Aurora', 18),
(3016, 'Nova Cantu', 18),
(3017, 'Nova Esperança', 18),
(3018, 'Nova Esperança do Sudoeste', 18),
(3019, 'Nova Fátima', 18),
(3020, 'Nova Laranjeiras', 18),
(3021, 'Nova Londrina', 18),
(3022, 'Nova Olímpia', 18),
(3023, 'Nova Prata do Iguaçu', 18),
(3024, 'Nova Santa Bárbara', 18),
(3025, 'Nova Santa Rosa', 18),
(3026, 'Nova Tebas', 18),
(3027, 'Novo Itacolomi', 18),
(3028, 'Ortigueira', 18),
(3029, 'Ourizona', 18),
(3030, 'Ouro Verde do Oeste', 18),
(3031, 'Paiçandu', 18),
(3032, 'Palmas', 18),
(3033, 'Palmeira', 18),
(3034, 'Palmital', 18),
(3035, 'Palotina', 18),
(3036, 'Paraíso do Norte', 18),
(3037, 'Paranacity', 18),
(3038, 'Paranaguá', 18),
(3039, 'Paranapoema', 18),
(3040, 'Paranavaí', 18),
(3041, 'Pato Bragado', 18),
(3042, 'Pato Branco', 18),
(3043, 'Paula Freitas', 18),
(3044, 'Paulo Frontin', 18),
(3045, 'Peabiru', 18),
(3046, 'Perobal', 18),
(3047, 'Pérola', 18),
(3048, 'Pérola d`Oeste', 18),
(3049, 'Piên', 18),
(3050, 'Pinhais', 18),
(3051, 'Pinhal de São Bento', 18),
(3052, 'Pinhalão', 18),
(3053, 'Pinhão', 18),
(3054, 'Piraí do Sul', 18),
(3055, 'Piraquara', 18),
(3056, 'Pitanga', 18),
(3057, 'Pitangueiras', 18),
(3058, 'Planaltina do Paraná', 18),
(3059, 'Planalto', 18),
(3060, 'Ponta Grossa', 18),
(3061, 'Pontal do Paraná', 18),
(3062, 'Porecatu', 18),
(3063, 'Porto Amazonas', 18),
(3064, 'Porto Barreiro', 18),
(3065, 'Porto Rico', 18),
(3066, 'Porto Vitória', 18),
(3067, 'Prado Ferreira', 18),
(3068, 'Pranchita', 18),
(3069, 'Presidente Castelo Branco', 18),
(3070, 'Primeiro de Maio', 18),
(3071, 'Prudentópolis', 18),
(3072, 'Quarto Centenário', 18),
(3073, 'Quatiguá', 18),
(3074, 'Quatro Barras', 18),
(3075, 'Quatro Pontes', 18),
(3076, 'Quedas do Iguaçu', 18),
(3077, 'Querência do Norte', 18),
(3078, 'Quinta do Sol', 18),
(3079, 'Quitandinha', 18),
(3080, 'Ramilândia', 18),
(3081, 'Rancho Alegre', 18),
(3082, 'Rancho Alegre d`Oeste', 18),
(3083, 'Realeza', 18),
(3084, 'Rebouças', 18),
(3085, 'Renascença', 18),
(3086, 'Reserva', 18),
(3087, 'Reserva do Iguaçu', 18),
(3088, 'Ribeirão Claro', 18),
(3089, 'Ribeirão do Pinhal', 18),
(3090, 'Rio Azul', 18),
(3091, 'Rio Bom', 18),
(3092, 'Rio Bonito do Iguaçu', 18),
(3093, 'Rio Branco do Ivaí', 18),
(3094, 'Rio Branco do Sul', 18),
(3095, 'Rio Negro', 18),
(3096, 'Rolândia', 18),
(3097, 'Roncador', 18),
(3098, 'Rondon', 18),
(3099, 'Rosário do Ivaí', 18),
(3100, 'Sabáudia', 18),
(3101, 'Salgado Filho', 18),
(3102, 'Salto do Itararé', 18),
(3103, 'Salto do Lontra', 18),
(3104, 'Santa Amélia', 18),
(3105, 'Santa Cecília do Pavão', 18),
(3106, 'Santa Cruz de Monte Castelo', 18),
(3107, 'Santa Fé', 18),
(3108, 'Santa Helena', 18),
(3109, 'Santa Inês', 18),
(3110, 'Santa Isabel do Ivaí', 18),
(3111, 'Santa Izabel do Oeste', 18),
(3112, 'Santa Lúcia', 18),
(3113, 'Santa Maria do Oeste', 18),
(3114, 'Santa Mariana', 18),
(3115, 'Santa Mônica', 18),
(3116, 'Santa Tereza do Oeste', 18),
(3117, 'Santa Terezinha de Itaipu', 18),
(3118, 'Santana do Itararé', 18),
(3119, 'Santo Antônio da Platina', 18),
(3120, 'Santo Antônio do Caiuá', 18),
(3121, 'Santo Antônio do Paraíso', 18),
(3122, 'Santo Antônio do Sudoeste', 18),
(3123, 'Santo Inácio', 18),
(3124, 'São Carlos do Ivaí', 18),
(3125, 'São Jerônimo da Serra', 18),
(3126, 'São João', 18),
(3127, 'São João do Caiuá', 18),
(3128, 'São João do Ivaí', 18),
(3129, 'São João do Triunfo', 18),
(3130, 'São Jorge d`Oeste', 18),
(3131, 'São Jorge do Ivaí', 18),
(3132, 'São Jorge do Patrocínio', 18),
(3133, 'São José da Boa Vista', 18),
(3134, 'São José das Palmeiras', 18),
(3135, 'São José dos Pinhais', 18),
(3136, 'São Manoel do Paraná', 18),
(3137, 'São Mateus do Sul', 18),
(3138, 'São Miguel do Iguaçu', 18),
(3139, 'São Pedro do Iguaçu', 18),
(3140, 'São Pedro do Ivaí', 18),
(3141, 'São Pedro do Paraná', 18),
(3142, 'São Sebastião da Amoreira', 18),
(3143, 'São Tomé', 18),
(3144, 'Sapopema', 18),
(3145, 'Sarandi', 18),
(3146, 'Saudade do Iguaçu', 18),
(3147, 'Sengés', 18),
(3148, 'Serranópolis do Iguaçu', 18),
(3149, 'Sertaneja', 18),
(3150, 'Sertanópolis', 18),
(3151, 'Siqueira Campos', 18),
(3152, 'Sulina', 18),
(3153, 'Tamarana', 18),
(3154, 'Tamboara', 18),
(3155, 'Tapejara', 18),
(3156, 'Tapira', 18),
(3157, 'Teixeira Soares', 18),
(3158, 'Telêmaco Borba', 18),
(3159, 'Terra Boa', 18),
(3160, 'Terra Rica', 18),
(3161, 'Terra Roxa', 18),
(3162, 'Tibagi', 18),
(3163, 'Tijucas do Sul', 18),
(3164, 'Toledo', 18),
(3165, 'Tomazina', 18),
(3166, 'Três Barras do Paraná', 18),
(3167, 'Tunas do Paraná', 18),
(3168, 'Tuneiras do Oeste', 18),
(3169, 'Tupãssi', 18),
(3170, 'Turvo', 18),
(3171, 'Ubiratã', 18),
(3172, 'Umuarama', 18),
(3173, 'União da Vitória', 18),
(3174, 'Uniflor', 18),
(3175, 'Uraí', 18),
(3176, 'Ventania', 18),
(3177, 'Vera Cruz do Oeste', 18),
(3178, 'Verê', 18),
(3179, 'Virmond', 18),
(3180, 'Vitorino', 18),
(3181, 'Wenceslau Braz', 18),
(3182, 'Xambrê', 18),
(3183, 'Abreu e Lima', 16),
(3184, 'Afogados da Ingazeira', 16),
(3185, 'Afrânio', 16),
(3186, 'Agrestina', 16),
(3187, 'Água Preta', 16),
(3188, 'Águas Belas', 16),
(3189, 'Alagoinha', 16),
(3190, 'Aliança', 16),
(3191, 'Altinho', 16),
(3192, 'Amaraji', 16),
(3193, 'Angelim', 16),
(3194, 'Araçoiaba', 16),
(3195, 'Araripina', 16),
(3196, 'Arcoverde', 16),
(3197, 'Barra de Guabiraba', 16),
(3198, 'Barreiros', 16),
(3199, 'Belém de Maria', 16),
(3200, 'Belém de São Francisco', 16),
(3201, 'Belo Jardim', 16),
(3202, 'Betânia', 16),
(3203, 'Bezerros', 16),
(3204, 'Bodocó', 16),
(3205, 'Bom Conselho', 16),
(3206, 'Bom Jardim', 16),
(3207, 'Bonito', 16),
(3208, 'Brejão', 16),
(3209, 'Brejinho', 16),
(3210, 'Brejo da Madre de Deus', 16),
(3211, 'Buenos Aires', 16),
(3212, 'Buíque', 16),
(3213, 'Cabo de Santo Agostinho', 16),
(3214, 'Cabrobó', 16),
(3215, 'Cachoeirinha', 16),
(3216, 'Caetés', 16),
(3217, 'Calçado', 16),
(3218, 'Calumbi', 16),
(3219, 'Camaragibe', 16),
(3220, 'Camocim de São Félix', 16),
(3221, 'Camutanga', 16),
(3222, 'Canhotinho', 16),
(3223, 'Capoeiras', 16),
(3224, 'Carnaíba', 16),
(3225, 'Carnaubeira da Penha', 16),
(3226, 'Carpina', 16),
(3227, 'Caruaru', 16),
(3228, 'Casinhas', 16),
(3229, 'Catende', 16),
(3230, 'Cedro', 16),
(3231, 'Chã de Alegria', 16),
(3232, 'Chã Grande', 16),
(3233, 'Condado', 16),
(3234, 'Correntes', 16),
(3235, 'Cortês', 16),
(3236, 'Cumaru', 16),
(3237, 'Cupira', 16),
(3238, 'Custódia', 16),
(3239, 'Dormentes', 16),
(3240, 'Escada', 16),
(3241, 'Exu', 16),
(3242, 'Feira Nova', 16),
(3243, 'Fernando de Noronha', 16),
(3244, 'Ferreiros', 16),
(3245, 'Flores', 16),
(3246, 'Floresta', 16),
(3247, 'Frei Miguelinho', 16),
(3248, 'Gameleira', 16),
(3249, 'Garanhuns', 16),
(3250, 'Glória do Goitá', 16),
(3251, 'Goiana', 16),
(3252, 'Granito', 16),
(3253, 'Gravatá', 16),
(3254, 'Iati', 16),
(3255, 'Ibimirim', 16),
(3256, 'Ibirajuba', 16),
(3257, 'Igarassu', 16),
(3258, 'Iguaraci', 16),
(3259, 'Ilha de Itamaracá', 16),
(3260, 'Inajá', 16),
(3261, 'Ingazeira', 16),
(3262, 'Ipojuca', 16),
(3263, 'Ipubi', 16),
(3264, 'Itacuruba', 16),
(3265, 'Itaíba', 16),
(3266, 'Itambé', 16),
(3267, 'Itapetim', 16),
(3268, 'Itapissuma', 16),
(3269, 'Itaquitinga', 16),
(3270, 'Jaboatão dos Guararapes', 16),
(3271, 'Jaqueira', 16),
(3272, 'Jataúba', 16),
(3273, 'Jatobá', 16),
(3274, 'João Alfredo', 16),
(3275, 'Joaquim Nabuco', 16),
(3276, 'Jucati', 16),
(3277, 'Jupi', 16),
(3278, 'Jurema', 16),
(3279, 'Lagoa do Carro', 16),
(3280, 'Lagoa do Itaenga', 16),
(3281, 'Lagoa do Ouro', 16),
(3282, 'Lagoa dos Gatos', 16),
(3283, 'Lagoa Grande', 16),
(3284, 'Lajedo', 16),
(3285, 'Limoeiro', 16),
(3286, 'Macaparana', 16),
(3287, 'Machados', 16),
(3288, 'Manari', 16),
(3289, 'Maraial', 16),
(3290, 'Mirandiba', 16),
(3291, 'Moreilândia', 16),
(3292, 'Moreno', 16),
(3293, 'Nazaré da Mata', 16),
(3294, 'Olinda', 16),
(3295, 'Orobó', 16),
(3296, 'Orocó', 16),
(3297, 'Ouricuri', 16),
(3298, 'Palmares', 16),
(3299, 'Palmeirina', 16),
(3300, 'Panelas', 16),
(3301, 'Paranatama', 16),
(3302, 'Parnamirim', 16),
(3303, 'Passira', 16),
(3304, 'Paudalho', 16),
(3305, 'Paulista', 16),
(3306, 'Pedra', 16),
(3307, 'Pesqueira', 16),
(3308, 'Petrolândia', 16),
(3309, 'Petrolina', 16),
(3310, 'Poção', 16),
(3311, 'Pombos', 16),
(3312, 'Primavera', 16),
(3313, 'Quipapá', 16),
(3314, 'Quixaba', 16),
(3315, 'Recife', 16),
(3316, 'Riacho das Almas', 16),
(3317, 'Ribeirão', 16),
(3318, 'Rio Formoso', 16),
(3319, 'Sairé', 16),
(3320, 'Salgadinho', 16),
(3321, 'Salgueiro', 16),
(3322, 'Saloá', 16),
(3323, 'Sanharó', 16),
(3324, 'Santa Cruz', 16),
(3325, 'Santa Cruz da Baixa Verde', 16),
(3326, 'Santa Cruz do Capibaribe', 16),
(3327, 'Santa Filomena', 16),
(3328, 'Santa Maria da Boa Vista', 16),
(3329, 'Santa Maria do Cambucá', 16),
(3330, 'Santa Terezinha', 16),
(3331, 'São Benedito do Sul', 16),
(3332, 'São Bento do Una', 16),
(3333, 'São Caitano', 16),
(3334, 'São João', 16),
(3335, 'São Joaquim do Monte', 16),
(3336, 'São José da Coroa Grande', 16),
(3337, 'São José do Belmonte', 16),
(3338, 'São José do Egito', 16),
(3339, 'São Lourenço da Mata', 16),
(3340, 'São Vicente Ferrer', 16),
(3341, 'Serra Talhada', 16),
(3342, 'Serrita', 16),
(3343, 'Sertânia', 16),
(3344, 'Sirinhaém', 16),
(3345, 'Solidão', 16),
(3346, 'Surubim', 16),
(3347, 'Tabira', 16),
(3348, 'Tacaimbó', 16),
(3349, 'Tacaratu', 16),
(3350, 'Tamandaré', 16),
(3351, 'Taquaritinga do Norte', 16),
(3352, 'Terezinha', 16),
(3353, 'Terra Nova', 16),
(3354, 'Timbaúba', 16),
(3355, 'Toritama', 16),
(3356, 'Tracunhaém', 16),
(3357, 'Trindade', 16),
(3358, 'Triunfo', 16),
(3359, 'Tupanatinga', 16),
(3360, 'Tuparetama', 16),
(3361, 'Venturosa', 16),
(3362, 'Verdejante', 16),
(3363, 'Vertente do Lério', 16),
(3364, 'Vertentes', 16),
(3365, 'Vicência', 16),
(3366, 'Vitória de Santo Antão', 16),
(3367, 'Xexéu', 16),
(3368, 'Acauã', 17),
(3369, 'Agricolândia', 17),
(3370, 'Água Branca', 17),
(3371, 'Alagoinha do Piauí', 17),
(3372, 'Alegrete do Piauí', 17),
(3373, 'Alto Longá', 17),
(3374, 'Altos', 17),
(3375, 'Alvorada do Gurguéia', 17),
(3376, 'Amarante', 17),
(3377, 'Angical do Piauí', 17),
(3378, 'Anísio de Abreu', 17),
(3379, 'Antônio Almeida', 17),
(3380, 'Aroazes', 17),
(3381, 'Aroeiras do Itaim', 17),
(3382, 'Arraial', 17),
(3383, 'Assunção do Piauí', 17),
(3384, 'Avelino Lopes', 17),
(3385, 'Baixa Grande do Ribeiro', 17),
(3386, 'Barra d`Alcântara', 17),
(3387, 'Barras', 17),
(3388, 'Barreiras do Piauí', 17),
(3389, 'Barro Duro', 17),
(3390, 'Batalha', 17),
(3391, 'Bela Vista do Piauí', 17),
(3392, 'Belém do Piauí', 17),
(3393, 'Beneditinos', 17),
(3394, 'Bertolínia', 17),
(3395, 'Betânia do Piauí', 17),
(3396, 'Boa Hora', 17),
(3397, 'Bocaina', 17),
(3398, 'Bom Jesus', 17),
(3399, 'Bom Princípio do Piauí', 17),
(3400, 'Bonfim do Piauí', 17),
(3401, 'Boqueirão do Piauí', 17),
(3402, 'Brasileira', 17),
(3403, 'Brejo do Piauí', 17),
(3404, 'Buriti dos Lopes', 17),
(3405, 'Buriti dos Montes', 17),
(3406, 'Cabeceiras do Piauí', 17),
(3407, 'Cajazeiras do Piauí', 17),
(3408, 'Cajueiro da Praia', 17),
(3409, 'Caldeirão Grande do Piauí', 17),
(3410, 'Campinas do Piauí', 17),
(3411, 'Campo Alegre do Fidalgo', 17),
(3412, 'Campo Grande do Piauí', 17),
(3413, 'Campo Largo do Piauí', 17),
(3414, 'Campo Maior', 17),
(3415, 'Canavieira', 17),
(3416, 'Canto do Buriti', 17),
(3417, 'Capitão de Campos', 17),
(3418, 'Capitão Gervásio Oliveira', 17),
(3419, 'Caracol', 17),
(3420, 'Caraúbas do Piauí', 17),
(3421, 'Caridade do Piauí', 17),
(3422, 'Castelo do Piauí', 17),
(3423, 'Caxingó', 17),
(3424, 'Cocal', 17),
(3425, 'Cocal de Telha', 17),
(3426, 'Cocal dos Alves', 17),
(3427, 'Coivaras', 17),
(3428, 'Colônia do Gurguéia', 17),
(3429, 'Colônia do Piauí', 17),
(3430, 'Conceição do Canindé', 17),
(3431, 'Coronel José Dias', 17),
(3432, 'Corrente', 17),
(3433, 'Cristalândia do Piauí', 17),
(3434, 'Cristino Castro', 17),
(3435, 'Curimatá', 17),
(3436, 'Currais', 17),
(3437, 'Curral Novo do Piauí', 17),
(3438, 'Curralinhos', 17),
(3439, 'Demerval Lobão', 17),
(3440, 'Dirceu Arcoverde', 17),
(3441, 'Dom Expedito Lopes', 17),
(3442, 'Dom Inocêncio', 17),
(3443, 'Domingos Mourão', 17),
(3444, 'Elesbão Veloso', 17),
(3445, 'Eliseu Martins', 17),
(3446, 'Esperantina', 17),
(3447, 'Fartura do Piauí', 17),
(3448, 'Flores do Piauí', 17),
(3449, 'Floresta do Piauí', 17),
(3450, 'Floriano', 17),
(3451, 'Francinópolis', 17),
(3452, 'Francisco Ayres', 17),
(3453, 'Francisco Macedo', 17),
(3454, 'Francisco Santos', 17),
(3455, 'Fronteiras', 17),
(3456, 'Geminiano', 17),
(3457, 'Gilbués', 17),
(3458, 'Guadalupe', 17),
(3459, 'Guaribas', 17),
(3460, 'Hugo Napoleão', 17),
(3461, 'Ilha Grande', 17),
(3462, 'Inhuma', 17),
(3463, 'Ipiranga do Piauí', 17),
(3464, 'Isaías Coelho', 17),
(3465, 'Itainópolis', 17),
(3466, 'Itaueira', 17),
(3467, 'Jacobina do Piauí', 17),
(3468, 'Jaicós', 17),
(3469, 'Jardim do Mulato', 17),
(3470, 'Jatobá do Piauí', 17),
(3471, 'Jerumenha', 17),
(3472, 'João Costa', 17),
(3473, 'Joaquim Pires', 17),
(3474, 'Joca Marques', 17),
(3475, 'José de Freitas', 17),
(3476, 'Juazeiro do Piauí', 17),
(3477, 'Júlio Borges', 17),
(3478, 'Jurema', 17),
(3479, 'Lagoa Alegre', 17),
(3480, 'Lagoa de São Francisco', 17),
(3481, 'Lagoa do Barro do Piauí', 17),
(3482, 'Lagoa do Piauí', 17),
(3483, 'Lagoa do Sítio', 17),
(3484, 'Lagoinha do Piauí', 17),
(3485, 'Landri Sales', 17),
(3486, 'Luís Correia', 17),
(3487, 'Luzilândia', 17),
(3488, 'Madeiro', 17),
(3489, 'Manoel Emídio', 17),
(3490, 'Marcolândia', 17),
(3491, 'Marcos Parente', 17),
(3492, 'Massapê do Piauí', 17),
(3493, 'Matias Olímpio', 17),
(3494, 'Miguel Alves', 17),
(3495, 'Miguel Leão', 17),
(3496, 'Milton Brandão', 17),
(3497, 'Monsenhor Gil', 17),
(3498, 'Monsenhor Hipólito', 17),
(3499, 'Monte Alegre do Piauí', 17),
(3500, 'Morro Cabeça no Tempo', 17),
(3501, 'Morro do Chapéu do Piauí', 17),
(3502, 'Murici dos Portelas', 17),
(3503, 'Nazaré do Piauí', 17),
(3504, 'Nossa Senhora de Nazaré', 17),
(3505, 'Nossa Senhora dos Remédios', 17),
(3506, 'Nova Santa Rita', 17),
(3507, 'Novo Oriente do Piauí', 17),
(3508, 'Novo Santo Antônio', 17),
(3509, 'Oeiras', 17),
(3510, 'Olho d`Água do Piauí', 17),
(3511, 'Padre Marcos', 17),
(3512, 'Paes Landim', 17),
(3513, 'Pajeú do Piauí', 17),
(3514, 'Palmeira do Piauí', 17),
(3515, 'Palmeirais', 17),
(3516, 'Paquetá', 17),
(3517, 'Parnaguá', 17),
(3518, 'Parnaíba', 17),
(3519, 'Passagem Franca do Piauí', 17),
(3520, 'Patos do Piauí', 17),
(3521, 'Pau d`Arco do Piauí', 17),
(3522, 'Paulistana', 17),
(3523, 'Pavussu', 17),
(3524, 'Pedro II', 17),
(3525, 'Pedro Laurentino', 17),
(3526, 'Picos', 17),
(3527, 'Pimenteiras', 17),
(3528, 'Pio IX', 17),
(3529, 'Piracuruca', 17),
(3530, 'Piripiri', 17),
(3531, 'Porto', 17),
(3532, 'Porto Alegre do Piauí', 17),
(3533, 'Prata do Piauí', 17),
(3534, 'Queimada Nova', 17),
(3535, 'Redenção do Gurguéia', 17),
(3536, 'Regeneração', 17),
(3537, 'Riacho Frio', 17),
(3538, 'Ribeira do Piauí', 17),
(3539, 'Ribeiro Gonçalves', 17),
(3540, 'Rio Grande do Piauí', 17),
(3541, 'Santa Cruz do Piauí', 17),
(3542, 'Santa Cruz dos Milagres', 17),
(3543, 'Santa Filomena', 17),
(3544, 'Santa Luz', 17),
(3545, 'Santa Rosa do Piauí', 17),
(3546, 'Santana do Piauí', 17),
(3547, 'Santo Antônio de Lisboa', 17),
(3548, 'Santo Antônio dos Milagres', 17),
(3549, 'Santo Inácio do Piauí', 17),
(3550, 'São Braz do Piauí', 17),
(3551, 'São Félix do Piauí', 17),
(3552, 'São Francisco de Assis do Piauí', 17),
(3553, 'São Francisco do Piauí', 17),
(3554, 'São Gonçalo do Gurguéia', 17),
(3555, 'São Gonçalo do Piauí', 17),
(3556, 'São João da Canabrava', 17),
(3557, 'São João da Fronteira', 17),
(3558, 'São João da Serra', 17),
(3559, 'São João da Varjota', 17),
(3560, 'São João do Arraial', 17),
(3561, 'São João do Piauí', 17),
(3562, 'São José do Divino', 17),
(3563, 'São José do Peixe', 17),
(3564, 'São José do Piauí', 17),
(3565, 'São Julião', 17),
(3566, 'São Lourenço do Piauí', 17),
(3567, 'São Luis do Piauí', 17),
(3568, 'São Miguel da Baixa Grande', 17),
(3569, 'São Miguel do Fidalgo', 17),
(3570, 'São Miguel do Tapuio', 17),
(3571, 'São Pedro do Piauí', 17),
(3572, 'São Raimundo Nonato', 17),
(3573, 'Sebastião Barros', 17),
(3574, 'Sebastião Leal', 17),
(3575, 'Sigefredo Pacheco', 17),
(3576, 'Simões', 17),
(3577, 'Simplício Mendes', 17),
(3578, 'Socorro do Piauí', 17),
(3579, 'Sussuapara', 17),
(3580, 'Tamboril do Piauí', 17),
(3581, 'Tanque do Piauí', 17),
(3582, 'Teresina', 17),
(3583, 'União', 17),
(3584, 'Uruçuí', 17),
(3585, 'Valença do Piauí', 17),
(3586, 'Várzea Branca', 17),
(3587, 'Várzea Grande', 17),
(3588, 'Vera Mendes', 17),
(3589, 'Vila Nova do Piauí', 17),
(3590, 'Wall Ferraz', 17),
(3591, 'Angra dos Reis', 19),
(3592, 'Aperibé', 19),
(3593, 'Araruama', 19),
(3594, 'Areal', 19),
(3595, 'Armação dos Búzios', 19),
(3596, 'Arraial do Cabo', 19),
(3597, 'Barra do Piraí', 19),
(3598, 'Barra Mansa', 19),
(3599, 'Belford Roxo', 19),
(3600, 'Bom Jardim', 19),
(3601, 'Bom Jesus do Itabapoana', 19),
(3602, 'Cabo Frio', 19),
(3603, 'Cachoeiras de Macacu', 19),
(3604, 'Cambuci', 19),
(3605, 'Campos dos Goytacazes', 19),
(3606, 'Cantagalo', 19),
(3607, 'Carapebus', 19),
(3608, 'Cardoso Moreira', 19),
(3609, 'Carmo', 19),
(3610, 'Casimiro de Abreu', 19),
(3611, 'Comendador Levy Gasparian', 19),
(3612, 'Conceição de Macabu', 19),
(3613, 'Cordeiro', 19),
(3614, 'Duas Barras', 19),
(3615, 'Duque de Caxias', 19),
(3616, 'Engenheiro Paulo de Frontin', 19),
(3617, 'Guapimirim', 19),
(3618, 'Iguaba Grande', 19),
(3619, 'Itaboraí', 19),
(3620, 'Itaguaí', 19),
(3621, 'Italva', 19),
(3622, 'Itaocara', 19),
(3623, 'Itaperuna', 19),
(3624, 'Itatiaia', 19),
(3625, 'Japeri', 19),
(3626, 'Laje do Muriaé', 19),
(3627, 'Macaé', 19),
(3628, 'Macuco', 19),
(3629, 'Magé', 19),
(3630, 'Mangaratiba', 19),
(3631, 'Maricá', 19),
(3632, 'Mendes', 19),
(3633, 'Mesquita', 19),
(3634, 'Miguel Pereira', 19),
(3635, 'Miracema', 19),
(3636, 'Natividade', 19),
(3637, 'Nilópolis', 19),
(3638, 'Niterói', 19),
(3639, 'Nova Friburgo', 19),
(3640, 'Nova Iguaçu', 19),
(3641, 'Paracambi', 19),
(3642, 'Paraíba do Sul', 19),
(3643, 'Parati', 19),
(3644, 'Paty do Alferes', 19),
(3645, 'Petrópolis', 19),
(3646, 'Pinheiral', 19),
(3647, 'Piraí', 19),
(3648, 'Porciúncula', 19),
(3649, 'Porto Real', 19),
(3650, 'Quatis', 19),
(3651, 'Queimados', 19),
(3652, 'Quissamã', 19),
(3653, 'Resende', 19),
(3654, 'Rio Bonito', 19),
(3655, 'Rio Claro', 19),
(3656, 'Rio das Flores', 19),
(3657, 'Rio das Ostras', 19),
(3658, 'Rio de Janeiro', 19),
(3659, 'Santa Maria Madalena', 19),
(3660, 'Santo Antônio de Pádua', 19),
(3661, 'São Fidélis', 19),
(3662, 'São Francisco de Itabapoana', 19),
(3663, 'São Gonçalo', 19),
(3664, 'São João da Barra', 19),
(3665, 'São João de Meriti', 19),
(3666, 'São José de Ubá', 19),
(3667, 'São José do Vale do Rio Pret', 19),
(3668, 'São Pedro da Aldeia', 19),
(3669, 'São Sebastião do Alto', 19),
(3670, 'Sapucaia', 19),
(3671, 'Saquarema', 19),
(3672, 'Seropédica', 19),
(3673, 'Silva Jardim', 19),
(3674, 'Sumidouro', 19),
(3675, 'Tanguá', 19),
(3676, 'Teresópolis', 19),
(3677, 'Trajano de Morais', 19),
(3678, 'Três Rios', 19),
(3679, 'Valença', 19),
(3680, 'Varre-Sai', 19),
(3681, 'Vassouras', 19),
(3682, 'Volta Redonda', 19),
(3683, 'Acari', 20),
(3684, 'Açu', 20),
(3685, 'Afonso Bezerra', 20),
(3686, 'Água Nova', 20),
(3687, 'Alexandria', 20),
(3688, 'Almino Afonso', 20),
(3689, 'Alto do Rodrigues', 20),
(3690, 'Angicos', 20),
(3691, 'Antônio Martins', 20),
(3692, 'Apodi', 20),
(3693, 'Areia Branca', 20),
(3694, 'Arês', 20),
(3695, 'Augusto Severo', 20),
(3696, 'Baía Formosa', 20),
(3697, 'Baraúna', 20),
(3698, 'Barcelona', 20),
(3699, 'Bento Fernandes', 20),
(3700, 'Bodó', 20),
(3701, 'Bom Jesus', 20),
(3702, 'Brejinho', 20),
(3703, 'Caiçara do Norte', 20),
(3704, 'Caiçara do Rio do Vento', 20),
(3705, 'Caicó', 20),
(3706, 'Campo Redondo', 20),
(3707, 'Canguaretama', 20),
(3708, 'Caraúbas', 20),
(3709, 'Carnaúba dos Dantas', 20),
(3710, 'Carnaubais', 20),
(3711, 'Ceará-Mirim', 20),
(3712, 'Cerro Corá', 20),
(3713, 'Coronel Ezequiel', 20),
(3714, 'Coronel João Pessoa', 20),
(3715, 'Cruzeta', 20),
(3716, 'Currais Novos', 20),
(3717, 'Doutor Severiano', 20),
(3718, 'Encanto', 20),
(3719, 'Equador', 20),
(3720, 'Espírito Santo', 20),
(3721, 'Extremoz', 20),
(3722, 'Felipe Guerra', 20),
(3723, 'Fernando Pedroza', 20),
(3724, 'Florânia', 20),
(3725, 'Francisco Dantas', 20),
(3726, 'Frutuoso Gomes', 20),
(3727, 'Galinhos', 20),
(3728, 'Goianinha', 20),
(3729, 'Governador Dix-Sept Rosado', 20),
(3730, 'Grossos', 20),
(3731, 'Guamaré', 20),
(3732, 'Ielmo Marinho', 20),
(3733, 'Ipanguaçu', 20),
(3734, 'Ipueira', 20),
(3735, 'Itajá', 20),
(3736, 'Itaú', 20),
(3737, 'Jaçanã', 20),
(3738, 'Jandaíra', 20),
(3739, 'Janduís', 20),
(3740, 'Januário Cicco', 20),
(3741, 'Japi', 20),
(3742, 'Jardim de Angicos', 20),
(3743, 'Jardim de Piranhas', 20),
(3744, 'Jardim do Seridó', 20),
(3745, 'João Câmara', 20),
(3746, 'João Dias', 20),
(3747, 'José da Penha', 20),
(3748, 'Jucurutu', 20),
(3749, 'Jundiá', 20),
(3750, 'Lagoa d`Anta', 20),
(3751, 'Lagoa de Pedras', 20),
(3752, 'Lagoa de Velhos', 20),
(3753, 'Lagoa Nova', 20),
(3754, 'Lagoa Salgada', 20),
(3755, 'Lajes', 20),
(3756, 'Lajes Pintadas', 20),
(3757, 'Lucrécia', 20),
(3758, 'Luís Gomes', 20),
(3759, 'Macaíba', 20),
(3760, 'Macau', 20),
(3761, 'Major Sales', 20),
(3762, 'Marcelino Vieira', 20),
(3763, 'Martins', 20),
(3764, 'Maxaranguape', 20),
(3765, 'Messias Targino', 20),
(3766, 'Montanhas', 20),
(3767, 'Monte Alegre', 20),
(3768, 'Monte das Gameleiras', 20),
(3769, 'Mossoró', 20),
(3770, 'Natal', 20),
(3771, 'Nísia Floresta', 20),
(3772, 'Nova Cruz', 20),
(3773, 'Olho-d`Água do Borges', 20),
(3774, 'Ouro Branco', 20),
(3775, 'Paraná', 20),
(3776, 'Paraú', 20),
(3777, 'Parazinho', 20),
(3778, 'Parelhas', 20),
(3779, 'Parnamirim', 20),
(3780, 'Passa e Fica', 20),
(3781, 'Passagem', 20),
(3782, 'Patu', 20),
(3783, 'Pau dos Ferros', 20),
(3784, 'Pedra Grande', 20),
(3785, 'Pedra Preta', 20),
(3786, 'Pedro Avelino', 20),
(3787, 'Pedro Velho', 20),
(3788, 'Pendências', 20),
(3789, 'Pilões', 20),
(3790, 'Poço Branco', 20),
(3791, 'Portalegre', 20),
(3792, 'Porto do Mangue', 20),
(3793, 'Presidente Juscelino', 20),
(3794, 'Pureza', 20),
(3795, 'Rafael Fernandes', 20),
(3796, 'Rafael Godeiro', 20),
(3797, 'Riacho da Cruz', 20),
(3798, 'Riacho de Santana', 20),
(3799, 'Riachuelo', 20),
(3800, 'Rio do Fogo', 20),
(3801, 'Rodolfo Fernandes', 20),
(3802, 'Ruy Barbosa', 20),
(3803, 'Santa Cruz', 20),
(3804, 'Santa Maria', 20),
(3805, 'Santana do Matos', 20),
(3806, 'Santana do Seridó', 20),
(3807, 'Santo Antônio', 20),
(3808, 'São Bento do Norte', 20),
(3809, 'São Bento do Trairí', 20),
(3810, 'São Fernando', 20),
(3811, 'São Francisco do Oeste', 20),
(3812, 'São Gonçalo do Amarante', 20),
(3813, 'São João do Sabugi', 20),
(3814, 'São José de Mipibu', 20),
(3815, 'São José do Campestre', 20),
(3816, 'São José do Seridó', 20),
(3817, 'São Miguel', 20),
(3818, 'São Miguel do Gostoso', 20),
(3819, 'São Paulo do Potengi', 20),
(3820, 'São Pedro', 20),
(3821, 'São Rafael', 20),
(3822, 'São Tomé', 20),
(3823, 'São Vicente', 20),
(3824, 'Senador Elói de Souza', 20),
(3825, 'Senador Georgino Avelino', 20),
(3826, 'Serra de São Bento', 20),
(3827, 'Serra do Mel', 20),
(3828, 'Serra Negra do Norte', 20),
(3829, 'Serrinha', 20),
(3830, 'Serrinha dos Pintos', 20),
(3831, 'Severiano Melo', 20),
(3832, 'Sítio Novo', 20),
(3833, 'Taboleiro Grande', 20),
(3834, 'Taipu', 20),
(3835, 'Tangará', 20),
(3836, 'Tenente Ananias', 20),
(3837, 'Tenente Laurentino Cruz', 20),
(3838, 'Tibau', 20),
(3839, 'Tibau do Sul', 20),
(3840, 'Timbaúba dos Batistas', 20),
(3841, 'Touros', 20),
(3842, 'Triunfo Potiguar', 20),
(3843, 'Umarizal', 20),
(3844, 'Upanema', 20),
(3845, 'Várzea', 20),
(3846, 'Venha-Ver', 20),
(3847, 'Vera Cruz', 20),
(3848, 'Viçosa', 20),
(3849, 'Vila Flor', 20),
(3850, 'Aceguá', 23),
(3851, 'Água Santa', 23),
(3852, 'Agudo', 23),
(3853, 'Ajuricaba', 23),
(3854, 'Alecrim', 23),
(3855, 'Alegrete', 23),
(3856, 'Alegria', 23),
(3857, 'Almirante Tamandaré do Sul', 23),
(3858, 'Alpestre', 23),
(3859, 'Alto Alegre', 23),
(3860, 'Alto Feliz', 23),
(3861, 'Alvorada', 23),
(3862, 'Amaral Ferrador', 23),
(3863, 'Ametista do Sul', 23),
(3864, 'André da Rocha', 23),
(3865, 'Anta Gorda', 23),
(3866, 'Antônio Prado', 23),
(3867, 'Arambaré', 23),
(3868, 'Araricá', 23),
(3869, 'Aratiba', 23),
(3870, 'Arroio do Meio', 23),
(3871, 'Arroio do Padre', 23),
(3872, 'Arroio do Sal', 23),
(3873, 'Arroio do Tigre', 23),
(3874, 'Arroio dos Ratos', 23),
(3875, 'Arroio Grande', 23),
(3876, 'Arvorezinha', 23),
(3877, 'Augusto Pestana', 23),
(3878, 'Áurea', 23),
(3879, 'Bagé', 23),
(3880, 'Balneário Pinhal', 23),
(3881, 'Barão', 23),
(3882, 'Barão de Cotegipe', 23),
(3883, 'Barão do Triunfo', 23),
(3884, 'Barra do Guarita', 23),
(3885, 'Barra do Quaraí', 23),
(3886, 'Barra do Ribeiro', 23),
(3887, 'Barra do Rio Azul', 23),
(3888, 'Barra Funda', 23),
(3889, 'Barracão', 23),
(3890, 'Barros Cassal', 23),
(3891, 'Benjamin Constant do Sul', 23),
(3892, 'Bento Gonçalves', 23),
(3893, 'Boa Vista das Missões', 23),
(3894, 'Boa Vista do Buricá', 23),
(3895, 'Boa Vista do Cadeado', 23),
(3896, 'Boa Vista do Incra', 23),
(3897, 'Boa Vista do Sul', 23),
(3898, 'Bom Jesus', 23),
(3899, 'Bom Princípio', 23),
(3900, 'Bom Progresso', 23),
(3901, 'Bom Retiro do Sul', 23),
(3902, 'Boqueirão do Leão', 23),
(3903, 'Bossoroca', 23),
(3904, 'Bozano', 23),
(3905, 'Braga', 23),
(3906, 'Brochier', 23),
(3907, 'Butiá', 23),
(3908, 'Caçapava do Sul', 23),
(3909, 'Cacequi', 23),
(3910, 'Cachoeira do Sul', 23),
(3911, 'Cachoeirinha', 23),
(3912, 'Cacique Doble', 23),
(3913, 'Caibaté', 23),
(3914, 'Caiçara', 23),
(3915, 'Camaquã', 23),
(3916, 'Camargo', 23),
(3917, 'Cambará do Sul', 23),
(3918, 'Campestre da Serra', 23),
(3919, 'Campina das Missões', 23),
(3920, 'Campinas do Sul', 23),
(3921, 'Campo Bom', 23),
(3922, 'Campo Novo', 23),
(3923, 'Campos Borges', 23),
(3924, 'Candelária', 23),
(3925, 'Cândido Godói', 23),
(3926, 'Candiota', 23),
(3927, 'Canela', 23),
(3928, 'Canguçu', 23),
(3929, 'Canoas', 23),
(3930, 'Canudos do Vale', 23),
(3931, 'Capão Bonito do Sul', 23),
(3932, 'Capão da Canoa', 23),
(3933, 'Capão do Cipó', 23),
(3934, 'Capão do Leão', 23),
(3935, 'Capela de Santana', 23),
(3936, 'Capitão', 23),
(3937, 'Capivari do Sul', 23),
(3938, 'Caraá', 23),
(3939, 'Carazinho', 23),
(3940, 'Carlos Barbosa', 23),
(3941, 'Carlos Gomes', 23),
(3942, 'Casca', 23),
(3943, 'Caseiros', 23),
(3944, 'Catuípe', 23),
(3945, 'Caxias do Sul', 23),
(3946, 'Centenário', 23),
(3947, 'Cerrito', 23),
(3948, 'Cerro Branco', 23),
(3949, 'Cerro Grande', 23),
(3950, 'Cerro Grande do Sul', 23),
(3951, 'Cerro Largo', 23),
(3952, 'Chapada', 23),
(3953, 'Charqueadas', 23),
(3954, 'Charrua', 23),
(3955, 'Chiapeta', 23),
(3956, 'Chuí', 23),
(3957, 'Chuvisca', 23),
(3958, 'Cidreira', 23),
(3959, 'Ciríaco', 23),
(3960, 'Colinas', 23),
(3961, 'Colorado', 23),
(3962, 'Condor', 23),
(3963, 'Constantina', 23),
(3964, 'Coqueiro Baixo', 23),
(3965, 'Coqueiros do Sul', 23),
(3966, 'Coronel Barros', 23),
(3967, 'Coronel Bicaco', 23),
(3968, 'Coronel Pilar', 23),
(3969, 'Cotiporã', 23),
(3970, 'Coxilha', 23),
(3971, 'Crissiumal', 23),
(3972, 'Cristal', 23),
(3973, 'Cristal do Sul', 23),
(3974, 'Cruz Alta', 23),
(3975, 'Cruzaltense', 23),
(3976, 'Cruzeiro do Sul', 23);
INSERT INTO `cidades` (`id`, `nome`, `estado_id`) VALUES
(3977, 'David Canabarro', 23),
(3978, 'Derrubadas', 23),
(3979, 'Dezesseis de Novembro', 23),
(3980, 'Dilermando de Aguiar', 23),
(3981, 'Dois Irmãos', 23),
(3982, 'Dois Irmãos das Missões', 23),
(3983, 'Dois Lajeados', 23),
(3984, 'Dom Feliciano', 23),
(3985, 'Dom Pedrito', 23),
(3986, 'Dom Pedro de Alcântara', 23),
(3987, 'Dona Francisca', 23),
(3988, 'Doutor Maurício Cardoso', 23),
(3989, 'Doutor Ricardo', 23),
(3990, 'Eldorado do Sul', 23),
(3991, 'Encantado', 23),
(3992, 'Encruzilhada do Sul', 23),
(3993, 'Engenho Velho', 23),
(3994, 'Entre Rios do Sul', 23),
(3995, 'Entre-Ijuís', 23),
(3996, 'Erebango', 23),
(3997, 'Erechim', 23),
(3998, 'Ernestina', 23),
(3999, 'Erval Grande', 23),
(4000, 'Erval Seco', 23),
(4001, 'Esmeralda', 23),
(4002, 'Esperança do Sul', 23),
(4003, 'Espumoso', 23),
(4004, 'Estação', 23),
(4005, 'Estância Velha', 23),
(4006, 'Esteio', 23),
(4007, 'Estrela', 23),
(4008, 'Estrela Velha', 23),
(4009, 'Eugênio de Castro', 23),
(4010, 'Fagundes Varela', 23),
(4011, 'Farroupilha', 23),
(4012, 'Faxinal do Soturno', 23),
(4013, 'Faxinalzinho', 23),
(4014, 'Fazenda Vilanova', 23),
(4015, 'Feliz', 23),
(4016, 'Flores da Cunha', 23),
(4017, 'Floriano Peixoto', 23),
(4018, 'Fontoura Xavier', 23),
(4019, 'Formigueiro', 23),
(4020, 'Forquetinha', 23),
(4021, 'Fortaleza dos Valos', 23),
(4022, 'Frederico Westphalen', 23),
(4023, 'Garibaldi', 23),
(4024, 'Garruchos', 23),
(4025, 'Gaurama', 23),
(4026, 'General Câmara', 23),
(4027, 'Gentil', 23),
(4028, 'Getúlio Vargas', 23),
(4029, 'Giruá', 23),
(4030, 'Glorinha', 23),
(4031, 'Gramado', 23),
(4032, 'Gramado dos Loureiros', 23),
(4033, 'Gramado Xavier', 23),
(4034, 'Gravataí', 23),
(4035, 'Guabiju', 23),
(4036, 'Guaíba', 23),
(4037, 'Guaporé', 23),
(4038, 'Guarani das Missões', 23),
(4039, 'Harmonia', 23),
(4040, 'Herval', 23),
(4041, 'Herveiras', 23),
(4042, 'Horizontina', 23),
(4043, 'Hulha Negra', 23),
(4044, 'Humaitá', 23),
(4045, 'Ibarama', 23),
(4046, 'Ibiaçá', 23),
(4047, 'Ibiraiaras', 23),
(4048, 'Ibirapuitã', 23),
(4049, 'Ibirubá', 23),
(4050, 'Igrejinha', 23),
(4051, 'Ijuí', 23),
(4052, 'Ilópolis', 23),
(4053, 'Imbé', 23),
(4054, 'Imigrante', 23),
(4055, 'Independência', 23),
(4056, 'Inhacorá', 23),
(4057, 'Ipê', 23),
(4058, 'Ipiranga do Sul', 23),
(4059, 'Iraí', 23),
(4060, 'Itaara', 23),
(4061, 'Itacurubi', 23),
(4062, 'Itapuca', 23),
(4063, 'Itaqui', 23),
(4064, 'Itati', 23),
(4065, 'Itatiba do Sul', 23),
(4066, 'Ivorá', 23),
(4067, 'Ivoti', 23),
(4068, 'Jaboticaba', 23),
(4069, 'Jacuizinho', 23),
(4070, 'Jacutinga', 23),
(4071, 'Jaguarão', 23),
(4072, 'Jaguari', 23),
(4073, 'Jaquirana', 23),
(4074, 'Jari', 23),
(4075, 'Jóia', 23),
(4076, 'Júlio de Castilhos', 23),
(4077, 'Lagoa Bonita do Sul', 23),
(4078, 'Lagoa dos Três Cantos', 23),
(4079, 'Lagoa Vermelha', 23),
(4080, 'Lagoão', 23),
(4081, 'Lajeado', 23),
(4082, 'Lajeado do Bugre', 23),
(4083, 'Lavras do Sul', 23),
(4084, 'Liberato Salzano', 23),
(4085, 'Lindolfo Collor', 23),
(4086, 'Linha Nova', 23),
(4087, 'Maçambara', 23),
(4088, 'Machadinho', 23),
(4089, 'Mampituba', 23),
(4090, 'Manoel Viana', 23),
(4091, 'Maquiné', 23),
(4092, 'Maratá', 23),
(4093, 'Marau', 23),
(4094, 'Marcelino Ramos', 23),
(4095, 'Mariana Pimentel', 23),
(4096, 'Mariano Moro', 23),
(4097, 'Marques de Souza', 23),
(4098, 'Mata', 23),
(4099, 'Mato Castelhano', 23),
(4100, 'Mato Leitão', 23),
(4101, 'Mato Queimado', 23),
(4102, 'Maximiliano de Almeida', 23),
(4103, 'Minas do Leão', 23),
(4104, 'Miraguaí', 23),
(4105, 'Montauri', 23),
(4106, 'Monte Alegre dos Campos', 23),
(4107, 'Monte Belo do Sul', 23),
(4108, 'Montenegro', 23),
(4109, 'Mormaço', 23),
(4110, 'Morrinhos do Sul', 23),
(4111, 'Morro Redondo', 23),
(4112, 'Morro Reuter', 23),
(4113, 'Mostardas', 23),
(4114, 'Muçum', 23),
(4115, 'Muitos Capões', 23),
(4116, 'Muliterno', 23),
(4117, 'Não-Me-Toque', 23),
(4118, 'Nicolau Vergueiro', 23),
(4119, 'Nonoai', 23),
(4120, 'Nova Alvorada', 23),
(4121, 'Nova Araçá', 23),
(4122, 'Nova Bassano', 23),
(4123, 'Nova Boa Vista', 23),
(4124, 'Nova Bréscia', 23),
(4125, 'Nova Candelária', 23),
(4126, 'Nova Esperança do Sul', 23),
(4127, 'Nova Hartz', 23),
(4128, 'Nova Pádua', 23),
(4129, 'Nova Palma', 23),
(4130, 'Nova Petrópolis', 23),
(4131, 'Nova Prata', 23),
(4132, 'Nova Ramada', 23),
(4133, 'Nova Roma do Sul', 23),
(4134, 'Nova Santa Rita', 23),
(4135, 'Novo Barreiro', 23),
(4136, 'Novo Cabrais', 23),
(4137, 'Novo Hamburgo', 23),
(4138, 'Novo Machado', 23),
(4139, 'Novo Tiradentes', 23),
(4140, 'Novo Xingu', 23),
(4141, 'Osório', 23),
(4142, 'Paim Filho', 23),
(4143, 'Palmares do Sul', 23),
(4144, 'Palmeira das Missões', 23),
(4145, 'Palmitinho', 23),
(4146, 'Panambi', 23),
(4147, 'Pantano Grande', 23),
(4148, 'Paraí', 23),
(4149, 'Paraíso do Sul', 23),
(4150, 'Pareci Novo', 23),
(4151, 'Parobé', 23),
(4152, 'Passa Sete', 23),
(4153, 'Passo do Sobrado', 23),
(4154, 'Passo Fundo', 23),
(4155, 'Paulo Bento', 23),
(4156, 'Paverama', 23),
(4157, 'Pedras Altas', 23),
(4158, 'Pedro Osório', 23),
(4159, 'Pejuçara', 23),
(4160, 'Pelotas', 23),
(4161, 'Picada Café', 23),
(4162, 'Pinhal', 23),
(4163, 'Pinhal da Serra', 23),
(4164, 'Pinhal Grande', 23),
(4165, 'Pinheirinho do Vale', 23),
(4166, 'Pinheiro Machado', 23),
(4167, 'Pirapó', 23),
(4168, 'Piratini', 23),
(4169, 'Planalto', 23),
(4170, 'Poço das Antas', 23),
(4171, 'Pontão', 23),
(4172, 'Ponte Preta', 23),
(4173, 'Portão', 23),
(4174, 'Porto Alegre', 23),
(4175, 'Porto Lucena', 23),
(4176, 'Porto Mauá', 23),
(4177, 'Porto Vera Cruz', 23),
(4178, 'Porto Xavier', 23),
(4179, 'Pouso Novo', 23),
(4180, 'Presidente Lucena', 23),
(4181, 'Progresso', 23),
(4182, 'Protásio Alves', 23),
(4183, 'Putinga', 23),
(4184, 'Quaraí', 23),
(4185, 'Quatro Irmãos', 23),
(4186, 'Quevedos', 23),
(4187, 'Quinze de Novembro', 23),
(4188, 'Redentora', 23),
(4189, 'Relvado', 23),
(4190, 'Restinga Seca', 23),
(4191, 'Rio dos Índios', 23),
(4192, 'Rio Grande', 23),
(4193, 'Rio Pardo', 23),
(4194, 'Riozinho', 23),
(4195, 'Roca Sales', 23),
(4196, 'Rodeio Bonito', 23),
(4197, 'Rolador', 23),
(4198, 'Rolante', 23),
(4199, 'Ronda Alta', 23),
(4200, 'Rondinha', 23),
(4201, 'Roque Gonzales', 23),
(4202, 'Rosário do Sul', 23),
(4203, 'Sagrada Família', 23),
(4204, 'Saldanha Marinho', 23),
(4205, 'Salto do Jacuí', 23),
(4206, 'Salvador das Missões', 23),
(4207, 'Salvador do Sul', 23),
(4208, 'Sananduva', 23),
(4209, 'Santa Bárbara do Sul', 23),
(4210, 'Santa Cecília do Sul', 23),
(4211, 'Santa Clara do Sul', 23),
(4212, 'Santa Cruz do Sul', 23),
(4213, 'Santa Margarida do Sul', 23),
(4214, 'Santa Maria', 23),
(4215, 'Santa Maria do Herval', 23),
(4216, 'Santa Rosa', 23),
(4217, 'Santa Tereza', 23),
(4218, 'Santa Vitória do Palmar', 23),
(4219, 'Santana da Boa Vista', 23),
(4220, 'Santana do Livramento', 23),
(4221, 'Santiago', 23),
(4222, 'Santo Ângelo', 23),
(4223, 'Santo Antônio da Patrulha', 23),
(4224, 'Santo Antônio das Missões', 23),
(4225, 'Santo Antônio do Palma', 23),
(4226, 'Santo Antônio do Planalto', 23),
(4227, 'Santo Augusto', 23),
(4228, 'Santo Cristo', 23),
(4229, 'Santo Expedito do Sul', 23),
(4230, 'São Borja', 23),
(4231, 'São Domingos do Sul', 23),
(4232, 'São Francisco de Assis', 23),
(4233, 'São Francisco de Paula', 23),
(4234, 'São Gabriel', 23),
(4235, 'São Jerônimo', 23),
(4236, 'São João da Urtiga', 23),
(4237, 'São João do Polêsine', 23),
(4238, 'São Jorge', 23),
(4239, 'São José das Missões', 23),
(4240, 'São José do Herval', 23),
(4241, 'São José do Hortêncio', 23),
(4242, 'São José do Inhacorá', 23),
(4243, 'São José do Norte', 23),
(4244, 'São José do Ouro', 23),
(4245, 'São José do Sul', 23),
(4246, 'São José dos Ausentes', 23),
(4247, 'São Leopoldo', 23),
(4248, 'São Lourenço do Sul', 23),
(4249, 'São Luiz Gonzaga', 23),
(4250, 'São Marcos', 23),
(4251, 'São Martinho', 23),
(4252, 'São Martinho da Serra', 23),
(4253, 'São Miguel das Missões', 23),
(4254, 'São Nicolau', 23),
(4255, 'São Paulo das Missões', 23),
(4256, 'São Pedro da Serra', 23),
(4257, 'São Pedro das Missões', 23),
(4258, 'São Pedro do Butiá', 23),
(4259, 'São Pedro do Sul', 23),
(4260, 'São Sebastião do Caí', 23),
(4261, 'São Sepé', 23),
(4262, 'São Valentim', 23),
(4263, 'São Valentim do Sul', 23),
(4264, 'São Valério do Sul', 23),
(4265, 'São Vendelino', 23),
(4266, 'São Vicente do Sul', 23),
(4267, 'Sapiranga', 23),
(4268, 'Sapucaia do Sul', 23),
(4269, 'Sarandi', 23),
(4270, 'Seberi', 23),
(4271, 'Sede Nova', 23),
(4272, 'Segredo', 23),
(4273, 'Selbach', 23),
(4274, 'Senador Salgado Filho', 23),
(4275, 'Sentinela do Sul', 23),
(4276, 'Serafina Corrêa', 23),
(4277, 'Sério', 23),
(4278, 'Sertão', 23),
(4279, 'Sertão Santana', 23),
(4280, 'Sete de Setembro', 23),
(4281, 'Severiano de Almeida', 23),
(4282, 'Silveira Martins', 23),
(4283, 'Sinimbu', 23),
(4284, 'Sobradinho', 23),
(4285, 'Soledade', 23),
(4286, 'Tabaí', 23),
(4287, 'Tapejara', 23),
(4288, 'Tapera', 23),
(4289, 'Tapes', 23),
(4290, 'Taquara', 23),
(4291, 'Taquari', 23),
(4292, 'Taquaruçu do Sul', 23),
(4293, 'Tavares', 23),
(4294, 'Tenente Portela', 23),
(4295, 'Terra de Areia', 23),
(4296, 'Teutônia', 23),
(4297, 'Tio Hugo', 23),
(4298, 'Tiradentes do Sul', 23),
(4299, 'Toropi', 23),
(4300, 'Torres', 23),
(4301, 'Tramandaí', 23),
(4302, 'Travesseiro', 23),
(4303, 'Três Arroios', 23),
(4304, 'Três Cachoeiras', 23),
(4305, 'Três Coroas', 23),
(4306, 'Três de Maio', 23),
(4307, 'Três Forquilhas', 23),
(4308, 'Três Palmeiras', 23),
(4309, 'Três Passos', 23),
(4310, 'Trindade do Sul', 23),
(4311, 'Triunfo', 23),
(4312, 'Tucunduva', 23),
(4313, 'Tunas', 23),
(4314, 'Tupanci do Sul', 23),
(4315, 'Tupanciretã', 23),
(4316, 'Tupandi', 23),
(4317, 'Tuparendi', 23),
(4318, 'Turuçu', 23),
(4319, 'Ubiretama', 23),
(4320, 'União da Serra', 23),
(4321, 'Unistalda', 23),
(4322, 'Uruguaiana', 23),
(4323, 'Vacaria', 23),
(4324, 'Vale do Sol', 23),
(4325, 'Vale Real', 23),
(4326, 'Vale Verde', 23),
(4327, 'Vanini', 23),
(4328, 'Venâncio Aires', 23),
(4329, 'Vera Cruz', 23),
(4330, 'Veranópolis', 23),
(4331, 'Vespasiano Correa', 23),
(4332, 'Viadutos', 23),
(4333, 'Viamão', 23),
(4334, 'Vicente Dutra', 23),
(4335, 'Victor Graeff', 23),
(4336, 'Vila Flores', 23),
(4337, 'Vila Lângaro', 23),
(4338, 'Vila Maria', 23),
(4339, 'Vila Nova do Sul', 23),
(4340, 'Vista Alegre', 23),
(4341, 'Vista Alegre do Prata', 23),
(4342, 'Vista Gaúcha', 23),
(4343, 'Vitória das Missões', 23),
(4344, 'Westfália', 23),
(4345, 'Xangri-lá', 23),
(4346, 'Alta Floresta d`Oeste', 21),
(4347, 'Alto Alegre dos Parecis', 21),
(4348, 'Alto Paraíso', 21),
(4349, 'Alvorada d`Oeste', 21),
(4350, 'Ariquemes', 21),
(4351, 'Buritis', 21),
(4352, 'Cabixi', 21),
(4353, 'Cacaulândia', 21),
(4354, 'Cacoal', 21),
(4355, 'Campo Novo de Rondônia', 21),
(4356, 'Candeias do Jamari', 21),
(4357, 'Castanheiras', 21),
(4358, 'Cerejeiras', 21),
(4359, 'Chupinguaia', 21),
(4360, 'Colorado do Oeste', 21),
(4361, 'Corumbiara', 21),
(4362, 'Costa Marques', 21),
(4363, 'Cujubim', 21),
(4364, 'Espigão d`Oeste', 21),
(4365, 'Governador Jorge Teixeira', 21),
(4366, 'Guajará-Mirim', 21),
(4367, 'Itapuã do Oeste', 21),
(4368, 'Jaru', 21),
(4369, 'Ji-Paraná', 21),
(4370, 'Machadinho d`Oeste', 21),
(4371, 'Ministro Andreazza', 21),
(4372, 'Mirante da Serra', 21),
(4373, 'Monte Negro', 21),
(4374, 'Nova Brasilândia d`Oeste', 21),
(4375, 'Nova Mamoré', 21),
(4376, 'Nova União', 21),
(4377, 'Novo Horizonte do Oeste', 21),
(4378, 'Ouro Preto do Oeste', 21),
(4379, 'Parecis', 21),
(4380, 'Pimenta Bueno', 21),
(4381, 'Pimenteiras do Oeste', 21),
(4382, 'Porto Velho', 21),
(4383, 'Presidente Médici', 21),
(4384, 'Primavera de Rondônia', 21),
(4385, 'Rio Crespo', 21),
(4386, 'Rolim de Moura', 21),
(4387, 'Santa Luzia d`Oeste', 21),
(4388, 'São Felipe d`Oeste', 21),
(4389, 'São Francisco do Guaporé', 21),
(4390, 'São Miguel do Guaporé', 21),
(4391, 'Seringueiras', 21),
(4392, 'Teixeirópolis', 21),
(4393, 'Theobroma', 21),
(4394, 'Urupá', 21),
(4395, 'Vale do Anari', 21),
(4396, 'Vale do Paraíso', 21),
(4397, 'Vilhena', 21),
(4398, 'Alto Alegre', 22),
(4399, 'Amajari', 22),
(4400, 'Boa Vista', 22),
(4401, 'Bonfim', 22),
(4402, 'Cantá', 22),
(4403, 'Caracaraí', 22),
(4404, 'Caroebe', 22),
(4405, 'Iracema', 22),
(4406, 'Mucajaí', 22),
(4407, 'Normandia', 22),
(4408, 'Pacaraima', 22),
(4409, 'Rorainópolis', 22),
(4410, 'São João da Baliza', 22),
(4411, 'São Luiz', 22),
(4412, 'Uiramutã', 22),
(4413, 'Abdon Batista', 24),
(4414, 'Abelardo Luz', 24),
(4415, 'Agrolândia', 24),
(4416, 'Agronômica', 24),
(4417, 'Água Doce', 24),
(4418, 'Águas de Chapecó', 24),
(4419, 'Águas Frias', 24),
(4420, 'Águas Mornas', 24),
(4421, 'Alfredo Wagner', 24),
(4422, 'Alto Bela Vista', 24),
(4423, 'Anchieta', 24),
(4424, 'Angelina', 24),
(4425, 'Anita Garibaldi', 24),
(4426, 'Anitápolis', 24),
(4427, 'Antônio Carlos', 24),
(4428, 'Apiúna', 24),
(4429, 'Arabutã', 24),
(4430, 'Araquari', 24),
(4431, 'Araranguá', 24),
(4432, 'Armazém', 24),
(4433, 'Arroio Trinta', 24),
(4434, 'Arvoredo', 24),
(4435, 'Ascurra', 24),
(4436, 'Atalanta', 24),
(4437, 'Aurora', 24),
(4438, 'Balneário Arroio do Silva', 24),
(4439, 'Balneário Barra do Sul', 24),
(4440, 'Balneário Camboriú', 24),
(4441, 'Balneário Gaivota', 24),
(4442, 'Bandeirante', 24),
(4443, 'Barra Bonita', 24),
(4444, 'Barra Velha', 24),
(4445, 'Bela Vista do Toldo', 24),
(4446, 'Belmonte', 24),
(4447, 'Benedito Novo', 24),
(4448, 'Biguaçu', 24),
(4449, 'Blumenau', 24),
(4450, 'Bocaina do Sul', 24),
(4451, 'Bom Jardim da Serra', 24),
(4452, 'Bom Jesus', 24),
(4453, 'Bom Jesus do Oeste', 24),
(4454, 'Bom Retiro', 24),
(4455, 'Bombinhas', 24),
(4456, 'Botuverá', 24),
(4457, 'Braço do Norte', 24),
(4458, 'Braço do Trombudo', 24),
(4459, 'Brunópolis', 24),
(4460, 'Brusque', 24),
(4461, 'Caçador', 24),
(4462, 'Caibi', 24),
(4463, 'Calmon', 24),
(4464, 'Camboriú', 24),
(4465, 'Campo Alegre', 24),
(4466, 'Campo Belo do Sul', 24),
(4467, 'Campo Erê', 24),
(4468, 'Campos Novos', 24),
(4469, 'Canelinha', 24),
(4470, 'Canoinhas', 24),
(4471, 'Capão Alto', 24),
(4472, 'Capinzal', 24),
(4473, 'Capivari de Baixo', 24),
(4474, 'Catanduvas', 24),
(4475, 'Caxambu do Sul', 24),
(4476, 'Celso Ramos', 24),
(4477, 'Cerro Negro', 24),
(4478, 'Chapadão do Lageado', 24),
(4479, 'Chapecó', 24),
(4480, 'Cocal do Sul', 24),
(4481, 'Concórdia', 24),
(4482, 'Cordilheira Alta', 24),
(4483, 'Coronel Freitas', 24),
(4484, 'Coronel Martins', 24),
(4485, 'Correia Pinto', 24),
(4486, 'Corupá', 24),
(4487, 'Criciúma', 24),
(4488, 'Cunha Porã', 24),
(4489, 'Cunhataí', 24),
(4490, 'Curitibanos', 24),
(4491, 'Descanso', 24),
(4492, 'Dionísio Cerqueira', 24),
(4493, 'Dona Emma', 24),
(4494, 'Doutor Pedrinho', 24),
(4495, 'Entre Rios', 24),
(4496, 'Ermo', 24),
(4497, 'Erval Velho', 24),
(4498, 'Faxinal dos Guedes', 24),
(4499, 'Flor do Sertão', 24),
(4500, 'Florianópolis', 24),
(4501, 'Formosa do Sul', 24),
(4502, 'Forquilhinha', 24),
(4503, 'Fraiburgo', 24),
(4504, 'Frei Rogério', 24),
(4505, 'Galvão', 24),
(4506, 'Garopaba', 24),
(4507, 'Garuva', 24),
(4508, 'Gaspar', 24),
(4509, 'Governador Celso Ramos', 24),
(4510, 'Grão Pará', 24),
(4511, 'Gravatal', 24),
(4512, 'Guabiruba', 24),
(4513, 'Guaraciaba', 24),
(4514, 'Guaramirim', 24),
(4515, 'Guarujá do Sul', 24),
(4516, 'Guatambú', 24),
(4517, 'Herval d`Oeste', 24),
(4518, 'Ibiam', 24),
(4519, 'Ibicaré', 24),
(4520, 'Ibirama', 24),
(4521, 'Içara', 24),
(4522, 'Ilhota', 24),
(4523, 'Imaruí', 24),
(4524, 'Imbituba', 24),
(4525, 'Imbuia', 24),
(4526, 'Indaial', 24),
(4527, 'Iomerê', 24),
(4528, 'Ipira', 24),
(4529, 'Iporã do Oeste', 24),
(4530, 'Ipuaçu', 24),
(4531, 'Ipumirim', 24),
(4532, 'Iraceminha', 24),
(4533, 'Irani', 24),
(4534, 'Irati', 24),
(4535, 'Irineópolis', 24),
(4536, 'Itá', 24),
(4537, 'Itaiópolis', 24),
(4538, 'Itajaí', 24),
(4539, 'Itapema', 24),
(4540, 'Itapiranga', 24),
(4541, 'Itapoá', 24),
(4542, 'Ituporanga', 24),
(4543, 'Jaborá', 24),
(4544, 'Jacinto Machado', 24),
(4545, 'Jaguaruna', 24),
(4546, 'Jaraguá do Sul', 24),
(4547, 'Jardinópolis', 24),
(4548, 'Joaçaba', 24),
(4549, 'Joinville', 24),
(4550, 'José Boiteux', 24),
(4551, 'Jupiá', 24),
(4552, 'Lacerdópolis', 24),
(4553, 'Lages', 24),
(4554, 'Laguna', 24),
(4555, 'Lajeado Grande', 24),
(4556, 'Laurentino', 24),
(4557, 'Lauro Muller', 24),
(4558, 'Lebon Régis', 24),
(4559, 'Leoberto Leal', 24),
(4560, 'Lindóia do Sul', 24),
(4561, 'Lontras', 24),
(4562, 'Luiz Alves', 24),
(4563, 'Luzerna', 24),
(4564, 'Macieira', 24),
(4565, 'Mafra', 24),
(4566, 'Major Gercino', 24),
(4567, 'Major Vieira', 24),
(4568, 'Maracajá', 24),
(4569, 'Maravilha', 24),
(4570, 'Marema', 24),
(4571, 'Massaranduba', 24),
(4572, 'Matos Costa', 24),
(4573, 'Meleiro', 24),
(4574, 'Mirim Doce', 24),
(4575, 'Modelo', 24),
(4576, 'Mondaí', 24),
(4577, 'Monte Carlo', 24),
(4578, 'Monte Castelo', 24),
(4579, 'Morro da Fumaça', 24),
(4580, 'Morro Grande', 24),
(4581, 'Navegantes', 24),
(4582, 'Nova Erechim', 24),
(4583, 'Nova Itaberaba', 24),
(4584, 'Nova Trento', 24),
(4585, 'Nova Veneza', 24),
(4586, 'Novo Horizonte', 24),
(4587, 'Orleans', 24),
(4588, 'Otacílio Costa', 24),
(4589, 'Ouro', 24),
(4590, 'Ouro Verde', 24),
(4591, 'Paial', 24),
(4592, 'Painel', 24),
(4593, 'Palhoça', 24),
(4594, 'Palma Sola', 24),
(4595, 'Palmeira', 24),
(4596, 'Palmitos', 24),
(4597, 'Papanduva', 24),
(4598, 'Paraíso', 24),
(4599, 'Passo de Torres', 24),
(4600, 'Passos Maia', 24),
(4601, 'Paulo Lopes', 24),
(4602, 'Pedras Grandes', 24),
(4603, 'Penha', 24),
(4604, 'Peritiba', 24),
(4605, 'Petrolândia', 24),
(4606, 'Piçarras', 24),
(4607, 'Pinhalzinho', 24),
(4608, 'Pinheiro Preto', 24),
(4609, 'Piratuba', 24),
(4610, 'Planalto Alegre', 24),
(4611, 'Pomerode', 24),
(4612, 'Ponte Alta', 24),
(4613, 'Ponte Alta do Norte', 24),
(4614, 'Ponte Serrada', 24),
(4615, 'Porto Belo', 24),
(4616, 'Porto União', 24),
(4617, 'Pouso Redondo', 24),
(4618, 'Praia Grande', 24),
(4619, 'Presidente Castelo Branco', 24),
(4620, 'Presidente Getúlio', 24),
(4621, 'Presidente Nereu', 24),
(4622, 'Princesa', 24),
(4623, 'Quilombo', 24),
(4624, 'Rancho Queimado', 24),
(4625, 'Rio das Antas', 24),
(4626, 'Rio do Campo', 24),
(4627, 'Rio do Oeste', 24),
(4628, 'Rio do Sul', 24),
(4629, 'Rio dos Cedros', 24),
(4630, 'Rio Fortuna', 24),
(4631, 'Rio Negrinho', 24),
(4632, 'Rio Rufino', 24),
(4633, 'Riqueza', 24),
(4634, 'Rodeio', 24),
(4635, 'Romelândia', 24),
(4636, 'Salete', 24),
(4637, 'Saltinho', 24),
(4638, 'Salto Veloso', 24),
(4639, 'Sangão', 24),
(4640, 'Santa Cecília', 24),
(4641, 'Santa Helena', 24),
(4642, 'Santa Rosa de Lima', 24),
(4643, 'Santa Rosa do Sul', 24),
(4644, 'Santa Terezinha', 24),
(4645, 'Santa Terezinha do Progresso', 24),
(4646, 'Santiago do Sul', 24),
(4647, 'Santo Amaro da Imperatriz', 24),
(4648, 'São Bento do Sul', 24),
(4649, 'São Bernardino', 24),
(4650, 'São Bonifácio', 24),
(4651, 'São Carlos', 24),
(4652, 'São Cristovão do Sul', 24),
(4653, 'São Domingos', 24),
(4654, 'São Francisco do Sul', 24),
(4655, 'São João Batista', 24),
(4656, 'São João do Itaperiú', 24),
(4657, 'São João do Oeste', 24),
(4658, 'São João do Sul', 24),
(4659, 'São Joaquim', 24),
(4660, 'São José', 24),
(4661, 'São José do Cedro', 24),
(4662, 'São José do Cerrito', 24),
(4663, 'São Lourenço do Oeste', 24),
(4664, 'São Ludgero', 24),
(4665, 'São Martinho', 24),
(4666, 'São Miguel da Boa Vista', 24),
(4667, 'São Miguel do Oeste', 24),
(4668, 'São Pedro de Alcântara', 24),
(4669, 'Saudades', 24),
(4670, 'Schroeder', 24),
(4671, 'Seara', 24),
(4672, 'Serra Alta', 24),
(4673, 'Siderópolis', 24),
(4674, 'Sombrio', 24),
(4675, 'Sul Brasil', 24),
(4676, 'Taió', 24),
(4677, 'Tangará', 24),
(4678, 'Tigrinhos', 24),
(4679, 'Tijucas', 24),
(4680, 'Timbé do Sul', 24),
(4681, 'Timbó', 24),
(4682, 'Timbó Grande', 24),
(4683, 'Três Barras', 24),
(4684, 'Treviso', 24),
(4685, 'Treze de Maio', 24),
(4686, 'Treze Tílias', 24),
(4687, 'Trombudo Central', 24),
(4688, 'Tubarão', 24),
(4689, 'Tunápolis', 24),
(4690, 'Turvo', 24),
(4691, 'União do Oeste', 24),
(4692, 'Urubici', 24),
(4693, 'Urupema', 24),
(4694, 'Urussanga', 24),
(4695, 'Vargeão', 24),
(4696, 'Vargem', 24),
(4697, 'Vargem Bonita', 24),
(4698, 'Vidal Ramos', 24),
(4699, 'Videira', 24),
(4700, 'Vitor Meireles', 24),
(4701, 'Witmarsum', 24),
(4702, 'Xanxerê', 24),
(4703, 'Xavantina', 24),
(4704, 'Xaxim', 24),
(4705, 'Zortéa', 24),
(4706, 'Adamantina', 26),
(4707, 'Adolfo', 26),
(4708, 'Aguaí', 26),
(4709, 'Águas da Prata', 26),
(4710, 'Águas de Lindóia', 26),
(4711, 'Águas de Santa Bárbara', 26),
(4712, 'Águas de São Pedro', 26),
(4713, 'Agudos', 26),
(4714, 'Alambari', 26),
(4715, 'Alfredo Marcondes', 26),
(4716, 'Altair', 26),
(4717, 'Altinópolis', 26),
(4718, 'Alto Alegre', 26),
(4719, 'Alumínio', 26),
(4720, 'Álvares Florence', 26),
(4721, 'Álvares Machado', 26),
(4722, 'Álvaro de Carvalho', 26),
(4723, 'Alvinlândia', 26),
(4724, 'Americana', 26),
(4725, 'Américo Brasiliense', 26),
(4726, 'Américo de Campos', 26),
(4727, 'Amparo', 26),
(4728, 'Analândia', 26),
(4729, 'Andradina', 26),
(4730, 'Angatuba', 26),
(4731, 'Anhembi', 26),
(4732, 'Anhumas', 26),
(4733, 'Aparecida', 26),
(4734, 'Aparecida d`Oeste', 26),
(4735, 'Apiaí', 26),
(4736, 'Araçariguama', 26),
(4737, 'Araçatuba', 26),
(4738, 'Araçoiaba da Serra', 26),
(4739, 'Aramina', 26),
(4740, 'Arandu', 26),
(4741, 'Arapeí', 26),
(4742, 'Araraquara', 26),
(4743, 'Araras', 26),
(4744, 'Arco-Íris', 26),
(4745, 'Arealva', 26),
(4746, 'Areias', 26),
(4747, 'Areiópolis', 26),
(4748, 'Ariranha', 26),
(4749, 'Artur Nogueira', 26),
(4750, 'Arujá', 26),
(4751, 'Aspásia', 26),
(4752, 'Assis', 26),
(4753, 'Atibaia', 26),
(4754, 'Auriflama', 26),
(4755, 'Avaí', 26),
(4756, 'Avanhandava', 26),
(4757, 'Avaré', 26),
(4758, 'Bady Bassitt', 26),
(4759, 'Balbinos', 26),
(4760, 'Bálsamo', 26),
(4761, 'Bananal', 26),
(4762, 'Barão de Antonina', 26),
(4763, 'Barbosa', 26),
(4764, 'Bariri', 26),
(4765, 'Barra Bonita', 26),
(4766, 'Barra do Chapéu', 26),
(4767, 'Barra do Turvo', 26),
(4768, 'Barretos', 26),
(4769, 'Barrinha', 26),
(4770, 'Barueri', 26),
(4771, 'Bastos', 26),
(4772, 'Batatais', 26),
(4773, 'Bauru', 26),
(4774, 'Bebedouro', 26),
(4775, 'Bento de Abreu', 26),
(4776, 'Bernardino de Campos', 26),
(4777, 'Bertioga', 26),
(4778, 'Bilac', 26),
(4779, 'Birigui', 26),
(4780, 'Biritiba-Mirim', 26),
(4781, 'Boa Esperança do Sul', 26),
(4782, 'Bocaina', 26),
(4783, 'Bofete', 26),
(4784, 'Boituva', 26),
(4785, 'Bom Jesus dos Perdões', 26),
(4786, 'Bom Sucesso de Itararé', 26),
(4787, 'Borá', 26),
(4788, 'Boracéia', 26),
(4789, 'Borborema', 26),
(4790, 'Borebi', 26),
(4791, 'Botucatu', 26),
(4792, 'Bragança Paulista', 26),
(4793, 'Braúna', 26),
(4794, 'Brejo Alegre', 26),
(4795, 'Brodowski', 26),
(4796, 'Brotas', 26),
(4797, 'Buri', 26),
(4798, 'Buritama', 26),
(4799, 'Buritizal', 26),
(4800, 'Cabrália Paulista', 26),
(4801, 'Cabreúva', 26),
(4802, 'Caçapava', 26),
(4803, 'Cachoeira Paulista', 26),
(4804, 'Caconde', 26),
(4805, 'Cafelândia', 26),
(4806, 'Caiabu', 26),
(4807, 'Caieiras', 26),
(4808, 'Caiuá', 26),
(4809, 'Cajamar', 26),
(4810, 'Cajati', 26),
(4811, 'Cajobi', 26),
(4812, 'Cajuru', 26),
(4813, 'Campina do Monte Alegre', 26),
(4814, 'Campinas', 26),
(4815, 'Campo Limpo Paulista', 26),
(4816, 'Campos do Jordão', 26),
(4817, 'Campos Novos Paulista', 26),
(4818, 'Cananéia', 26),
(4819, 'Canas', 26),
(4820, 'Cândido Mota', 26),
(4821, 'Cândido Rodrigues', 26),
(4822, 'Canitar', 26),
(4823, 'Capão Bonito', 26),
(4824, 'Capela do Alto', 26),
(4825, 'Capivari', 26),
(4826, 'Caraguatatuba', 26),
(4827, 'Carapicuíba', 26),
(4828, 'Cardoso', 26),
(4829, 'Casa Branca', 26),
(4830, 'Cássia dos Coqueiros', 26),
(4831, 'Castilho', 26),
(4832, 'Catanduva', 26),
(4833, 'Catiguá', 26),
(4834, 'Cedral', 26),
(4835, 'Cerqueira César', 26),
(4836, 'Cerquilho', 26),
(4837, 'Cesário Lange', 26),
(4838, 'Charqueada', 26),
(4839, 'Chavantes', 26),
(4840, 'Clementina', 26),
(4841, 'Colina', 26),
(4842, 'Colômbia', 26),
(4843, 'Conchal', 26),
(4844, 'Conchas', 26),
(4845, 'Cordeirópolis', 26),
(4846, 'Coroados', 26),
(4847, 'Coronel Macedo', 26),
(4848, 'Corumbataí', 26),
(4849, 'Cosmópolis', 26),
(4850, 'Cosmorama', 26),
(4851, 'Cotia', 26),
(4852, 'Cravinhos', 26),
(4853, 'Cristais Paulista', 26),
(4854, 'Cruzália', 26),
(4855, 'Cruzeiro', 26),
(4856, 'Cubatão', 26),
(4857, 'Cunha', 26),
(4858, 'Descalvado', 26),
(4859, 'Diadema', 26),
(4860, 'Dirce Reis', 26),
(4861, 'Divinolândia', 26),
(4862, 'Dobrada', 26),
(4863, 'Dois Córregos', 26),
(4864, 'Dolcinópolis', 26),
(4865, 'Dourado', 26),
(4866, 'Dracena', 26),
(4867, 'Duartina', 26),
(4868, 'Dumont', 26),
(4869, 'Echaporã', 26),
(4870, 'Eldorado', 26),
(4871, 'Elias Fausto', 26),
(4872, 'Elisiário', 26),
(4873, 'Embaúba', 26),
(4874, 'Embu', 26),
(4875, 'Embu-Guaçu', 26),
(4876, 'Emilianópolis', 26),
(4877, 'Engenheiro Coelho', 26),
(4878, 'Espírito Santo do Pinhal', 26),
(4879, 'Espírito Santo do Turvo', 26),
(4880, 'Estiva Gerbi', 26),
(4881, 'Estrela d`Oeste', 26),
(4882, 'Estrela do Norte', 26),
(4883, 'Euclides da Cunha Paulista', 26),
(4884, 'Fartura', 26),
(4885, 'Fernando Prestes', 26),
(4886, 'Fernandópolis', 26),
(4887, 'Fernão', 26),
(4888, 'Ferraz de Vasconcelos', 26),
(4889, 'Flora Rica', 26),
(4890, 'Floreal', 26),
(4891, 'Flórida Paulista', 26),
(4892, 'Florínia', 26),
(4893, 'Franca', 26),
(4894, 'Francisco Morato', 26),
(4895, 'Franco da Rocha', 26),
(4896, 'Gabriel Monteiro', 26),
(4897, 'Gália', 26),
(4898, 'Garça', 26),
(4899, 'Gastão Vidigal', 26),
(4900, 'Gavião Peixoto', 26),
(4901, 'General Salgado', 26),
(4902, 'Getulina', 26),
(4903, 'Glicério', 26),
(4904, 'Guaiçara', 26),
(4905, 'Guaimbê', 26),
(4906, 'Guaíra', 26),
(4907, 'Guapiaçu', 26),
(4908, 'Guapiara', 26),
(4909, 'Guará', 26),
(4910, 'Guaraçaí', 26),
(4911, 'Guaraci', 26),
(4912, 'Guarani d`Oeste', 26),
(4913, 'Guarantã', 26),
(4914, 'Guararapes', 26),
(4915, 'Guararema', 26),
(4916, 'Guaratinguetá', 26),
(4917, 'Guareí', 26),
(4918, 'Guariba', 26),
(4919, 'Guarujá', 26),
(4920, 'Guarulhos', 26),
(4921, 'Guatapará', 26),
(4922, 'Guzolândia', 26),
(4923, 'Herculândia', 26),
(4924, 'Holambra', 26),
(4925, 'Hortolândia', 26),
(4926, 'Iacanga', 26),
(4927, 'Iacri', 26),
(4928, 'Iaras', 26),
(4929, 'Ibaté', 26),
(4930, 'Ibirá', 26),
(4931, 'Ibirarema', 26),
(4932, 'Ibitinga', 26),
(4933, 'Ibiúna', 26),
(4934, 'Icém', 26),
(4935, 'Iepê', 26),
(4936, 'Igaraçu do Tietê', 26),
(4937, 'Igarapava', 26),
(4938, 'Igaratá', 26),
(4939, 'Iguape', 26),
(4940, 'Ilha Comprida', 26),
(4941, 'Ilha Solteira', 26),
(4942, 'Ilhabela', 26),
(4943, 'Indaiatuba', 26),
(4944, 'Indiana', 26),
(4945, 'Indiaporã', 26),
(4946, 'Inúbia Paulista', 26),
(4947, 'Ipaussu', 26),
(4948, 'Iperó', 26),
(4949, 'Ipeúna', 26),
(4950, 'Ipiguá', 26),
(4951, 'Iporanga', 26),
(4952, 'Ipuã', 26),
(4953, 'Iracemápolis', 26),
(4954, 'Irapuã', 26),
(4955, 'Irapuru', 26),
(4956, 'Itaberá', 26),
(4957, 'Itaí', 26),
(4958, 'Itajobi', 26),
(4959, 'Itaju', 26),
(4960, 'Itanhaém', 26),
(4961, 'Itaóca', 26),
(4962, 'Itapecerica da Serra', 26),
(4963, 'Itapetininga', 26),
(4964, 'Itapeva', 26),
(4965, 'Itapevi', 26),
(4966, 'Itapira', 26),
(4967, 'Itapirapuã Paulista', 26),
(4968, 'Itápolis', 26),
(4969, 'Itaporanga', 26),
(4970, 'Itapuí', 26),
(4971, 'Itapura', 26),
(4972, 'Itaquaquecetuba', 26),
(4973, 'Itararé', 26),
(4974, 'Itariri', 26),
(4975, 'Itatiba', 26),
(4976, 'Itatinga', 26),
(4977, 'Itirapina', 26),
(4978, 'Itirapuã', 26),
(4979, 'Itobi', 26),
(4980, 'Itu', 26),
(4981, 'Itupeva', 26),
(4982, 'Ituverava', 26),
(4983, 'Jaborandi', 26),
(4984, 'Jaboticabal', 26),
(4985, 'Jacareí', 26),
(4986, 'Jaci', 26),
(4987, 'Jacupiranga', 26),
(4988, 'Jaguariúna', 26),
(4989, 'Jales', 26),
(4990, 'Jambeiro', 26),
(4991, 'Jandira', 26),
(4992, 'Jardinópolis', 26),
(4993, 'Jarinu', 26),
(4994, 'Jaú', 26),
(4995, 'Jeriquara', 26),
(4996, 'Joanópolis', 26),
(4997, 'João Ramalho', 26),
(4998, 'José Bonifácio', 26),
(4999, 'Júlio Mesquita', 26),
(5000, 'Jumirim', 26),
(5001, 'Jundiaí', 26),
(5002, 'Junqueirópolis', 26),
(5003, 'Juquiá', 26),
(5004, 'Juquitiba', 26),
(5005, 'Lagoinha', 26),
(5006, 'Laranjal Paulista', 26),
(5007, 'Lavínia', 26),
(5008, 'Lavrinhas', 26),
(5009, 'Leme', 26),
(5010, 'Lençóis Paulista', 26),
(5011, 'Limeira', 26),
(5012, 'Lindóia', 26),
(5013, 'Lins', 26),
(5014, 'Lorena', 26),
(5015, 'Lourdes', 26),
(5016, 'Louveira', 26),
(5017, 'Lucélia', 26),
(5018, 'Lucianópolis', 26),
(5019, 'Luís Antônio', 26),
(5020, 'Luiziânia', 26),
(5021, 'Lupércio', 26),
(5022, 'Lutécia', 26),
(5023, 'Macatuba', 26),
(5024, 'Macaubal', 26),
(5025, 'Macedônia', 26),
(5026, 'Magda', 26),
(5027, 'Mairinque', 26),
(5028, 'Mairiporã', 26),
(5029, 'Manduri', 26),
(5030, 'Marabá Paulista', 26),
(5031, 'Maracaí', 26),
(5032, 'Marapoama', 26),
(5033, 'Mariápolis', 26),
(5034, 'Marília', 26),
(5035, 'Marinópolis', 26),
(5036, 'Martinópolis', 26),
(5037, 'Matão', 26),
(5038, 'Mauá', 26),
(5039, 'Mendonça', 26),
(5040, 'Meridiano', 26),
(5041, 'Mesópolis', 26),
(5042, 'Miguelópolis', 26),
(5043, 'Mineiros do Tietê', 26),
(5044, 'Mira Estrela', 26),
(5045, 'Miracatu', 26),
(5046, 'Mirandópolis', 26),
(5047, 'Mirante do Paranapanema', 26),
(5048, 'Mirassol', 26),
(5049, 'Mirassolândia', 26),
(5050, 'Mococa', 26),
(5051, 'Mogi das Cruzes', 26),
(5052, 'Mogi Guaçu', 26),
(5053, 'Moji Mirim', 26),
(5054, 'Mombuca', 26),
(5055, 'Monções', 26),
(5056, 'Mongaguá', 26),
(5057, 'Monte Alegre do Sul', 26),
(5058, 'Monte Alto', 26),
(5059, 'Monte Aprazível', 26),
(5060, 'Monte Azul Paulista', 26),
(5061, 'Monte Castelo', 26),
(5062, 'Monte Mor', 26),
(5063, 'Monteiro Lobato', 26),
(5064, 'Morro Agudo', 26),
(5065, 'Morungaba', 26),
(5066, 'Motuca', 26),
(5067, 'Murutinga do Sul', 26),
(5068, 'Nantes', 26),
(5069, 'Narandiba', 26),
(5070, 'Natividade da Serra', 26),
(5071, 'Nazaré Paulista', 26),
(5072, 'Neves Paulista', 26),
(5073, 'Nhandeara', 26),
(5074, 'Nipoã', 26),
(5075, 'Nova Aliança', 26),
(5076, 'Nova Campina', 26),
(5077, 'Nova Canaã Paulista', 26),
(5078, 'Nova Castilho', 26),
(5079, 'Nova Europa', 26),
(5080, 'Nova Granada', 26),
(5081, 'Nova Guataporanga', 26),
(5082, 'Nova Independência', 26),
(5083, 'Nova Luzitânia', 26),
(5084, 'Nova Odessa', 26),
(5085, 'Novais', 26),
(5086, 'Novo Horizonte', 26),
(5087, 'Nuporanga', 26),
(5088, 'Ocauçu', 26),
(5089, 'Óleo', 26),
(5090, 'Olímpia', 26),
(5091, 'Onda Verde', 26),
(5092, 'Oriente', 26),
(5093, 'Orindiúva', 26),
(5094, 'Orlândia', 26),
(5095, 'Osasco', 26),
(5096, 'Oscar Bressane', 26),
(5097, 'Osvaldo Cruz', 26),
(5098, 'Ourinhos', 26),
(5099, 'Ouro Verde', 26),
(5100, 'Ouroeste', 26),
(5101, 'Pacaembu', 26),
(5102, 'Palestina', 26),
(5103, 'Palmares Paulista', 26),
(5104, 'Palmeira d`Oeste', 26),
(5105, 'Palmital', 26),
(5106, 'Panorama', 26),
(5107, 'Paraguaçu Paulista', 26),
(5108, 'Paraibuna', 26),
(5109, 'Paraíso', 26),
(5110, 'Paranapanema', 26),
(5111, 'Paranapuã', 26),
(5112, 'Parapuã', 26),
(5113, 'Pardinho', 26),
(5114, 'Pariquera-Açu', 26),
(5115, 'Parisi', 26),
(5116, 'Patrocínio Paulista', 26),
(5117, 'Paulicéia', 26),
(5118, 'Paulínia', 26),
(5119, 'Paulistânia', 26),
(5120, 'Paulo de Faria', 26),
(5121, 'Pederneiras', 26),
(5122, 'Pedra Bela', 26),
(5123, 'Pedranópolis', 26),
(5124, 'Pedregulho', 26),
(5125, 'Pedreira', 26),
(5126, 'Pedrinhas Paulista', 26),
(5127, 'Pedro de Toledo', 26),
(5128, 'Penápolis', 26),
(5129, 'Pereira Barreto', 26),
(5130, 'Pereiras', 26),
(5131, 'Peruíbe', 26),
(5132, 'Piacatu', 26),
(5133, 'Piedade', 26),
(5134, 'Pilar do Sul', 26),
(5135, 'Pindamonhangaba', 26),
(5136, 'Pindorama', 26),
(5137, 'Pinhalzinho', 26),
(5138, 'Piquerobi', 26),
(5139, 'Piquete', 26),
(5140, 'Piracaia', 26),
(5141, 'Piracicaba', 26),
(5142, 'Piraju', 26),
(5143, 'Pirajuí', 26),
(5144, 'Pirangi', 26),
(5145, 'Pirapora do Bom Jesus', 26),
(5146, 'Pirapozinho', 26),
(5147, 'Pirassununga', 26),
(5148, 'Piratininga', 26),
(5149, 'Pitangueiras', 26),
(5150, 'Planalto', 26),
(5151, 'Platina', 26),
(5152, 'Poá', 26),
(5153, 'Poloni', 26),
(5154, 'Pompéia', 26),
(5155, 'Pongaí', 26),
(5156, 'Pontal', 26),
(5157, 'Pontalinda', 26),
(5158, 'Pontes Gestal', 26),
(5159, 'Populina', 26),
(5160, 'Porangaba', 26),
(5161, 'Porto Feliz', 26),
(5162, 'Porto Ferreira', 26),
(5163, 'Potim', 26),
(5164, 'Potirendaba', 26),
(5165, 'Pracinha', 26),
(5166, 'Pradópolis', 26),
(5167, 'Praia Grande', 26),
(5168, 'Pratânia', 26),
(5169, 'Presidente Alves', 26),
(5170, 'Presidente Bernardes', 26),
(5171, 'Presidente Epitácio', 26),
(5172, 'Presidente Prudente', 26),
(5173, 'Presidente Venceslau', 26),
(5174, 'Promissão', 26),
(5175, 'Quadra', 26),
(5176, 'Quatá', 26),
(5177, 'Queiroz', 26),
(5178, 'Queluz', 26),
(5179, 'Quintana', 26),
(5180, 'Rafard', 26),
(5181, 'Rancharia', 26),
(5182, 'Redenção da Serra', 26),
(5183, 'Regente Feijó', 26),
(5184, 'Reginópolis', 26),
(5185, 'Registro', 26),
(5186, 'Restinga', 26),
(5187, 'Ribeira', 26),
(5188, 'Ribeirão Bonito', 26),
(5189, 'Ribeirão Branco', 26),
(5190, 'Ribeirão Corrente', 26),
(5191, 'Ribeirão do Sul', 26),
(5192, 'Ribeirão dos Índios', 26),
(5193, 'Ribeirão Grande', 26),
(5194, 'Ribeirão Pires', 26),
(5195, 'Ribeirão Preto', 26),
(5196, 'Rifaina', 26),
(5197, 'Rincão', 26),
(5198, 'Rinópolis', 26),
(5199, 'Rio Claro', 26),
(5200, 'Rio das Pedras', 26),
(5201, 'Rio Grande da Serra', 26),
(5202, 'Riolândia', 26),
(5203, 'Riversul', 26),
(5204, 'Rosana', 26),
(5205, 'Roseira', 26),
(5206, 'Rubiácea', 26),
(5207, 'Rubinéia', 26),
(5208, 'Sabino', 26),
(5209, 'Sagres', 26),
(5210, 'Sales', 26),
(5211, 'Sales Oliveira', 26),
(5212, 'Salesópolis', 26),
(5213, 'Salmourão', 26),
(5214, 'Saltinho', 26),
(5215, 'Salto', 26),
(5216, 'Salto de Pirapora', 26),
(5217, 'Salto Grande', 26),
(5218, 'Sandovalina', 26),
(5219, 'Santa Adélia', 26),
(5220, 'Santa Albertina', 26),
(5221, 'Santa Bárbara d`Oeste', 26),
(5222, 'Santa Branca', 26),
(5223, 'Santa Clara d`Oeste', 26),
(5224, 'Santa Cruz da Conceição', 26),
(5225, 'Santa Cruz da Esperança', 26),
(5226, 'Santa Cruz das Palmeiras', 26),
(5227, 'Santa Cruz do Rio Pardo', 26),
(5228, 'Santa Ernestina', 26),
(5229, 'Santa Fé do Sul', 26),
(5230, 'Santa Gertrudes', 26),
(5231, 'Santa Isabel', 26),
(5232, 'Santa Lúcia', 26),
(5233, 'Santa Maria da Serra', 26),
(5234, 'Santa Mercedes', 26),
(5235, 'Santa Rita d`Oeste', 26),
(5236, 'Santa Rita do Passa Quatro', 26),
(5237, 'Santa Rosa de Viterbo', 26),
(5238, 'Santa Salete', 26),
(5239, 'Santana da Ponte Pensa', 26),
(5240, 'Santana de Parnaíba', 26),
(5241, 'Santo Anastácio', 26),
(5242, 'Santo André', 26),
(5243, 'Santo Antônio da Alegria', 26),
(5244, 'Santo Antônio de Posse', 26),
(5245, 'Santo Antônio do Aracanguá', 26),
(5246, 'Santo Antônio do Jardim', 26),
(5247, 'Santo Antônio do Pinhal', 26),
(5248, 'Santo Expedito', 26),
(5249, 'Santópolis do Aguapeí', 26),
(5250, 'Santos', 26),
(5251, 'São Bento do Sapucaí', 26),
(5252, 'São Bernardo do Campo', 26),
(5253, 'São Caetano do Sul', 26),
(5254, 'São Carlos', 26),
(5255, 'São Francisco', 26),
(5256, 'São João da Boa Vista', 26),
(5257, 'São João das Duas Pontes', 26),
(5258, 'São João de Iracema', 26),
(5259, 'São João do Pau d`Alho', 26),
(5260, 'São Joaquim da Barra', 26),
(5261, 'São José da Bela Vista', 26),
(5262, 'São José do Barreiro', 26),
(5263, 'São José do Rio Pardo', 26),
(5264, 'São José do Rio Preto', 26),
(5265, 'São José dos Campos', 26),
(5266, 'São Lourenço da Serra', 26),
(5267, 'São Luís do Paraitinga', 26),
(5268, 'São Manuel', 26),
(5269, 'São Miguel Arcanjo', 26),
(5270, 'São Paulo', 26),
(5271, 'São Pedro', 26),
(5272, 'São Pedro do Turvo', 26),
(5273, 'São Roque', 26),
(5274, 'São Sebastião', 26),
(5275, 'São Sebastião da Grama', 26),
(5276, 'São Simão', 26),
(5277, 'São Vicente', 26),
(5278, 'Sarapuí', 26),
(5279, 'Sarutaiá', 26),
(5280, 'Sebastianópolis do Sul', 26),
(5281, 'Serra Azul', 26),
(5282, 'Serra Negra', 26),
(5283, 'Serrana', 26),
(5284, 'Sertãozinho', 26),
(5285, 'Sete Barras', 26),
(5286, 'Severínia', 26),
(5287, 'Silveiras', 26),
(5288, 'Socorro', 26),
(5289, 'Sorocaba', 26),
(5290, 'Sud Mennucci', 26),
(5291, 'Sumaré', 26),
(5292, 'Suzanápolis', 26),
(5293, 'Suzano', 26),
(5294, 'Tabapuã', 26),
(5295, 'Tabatinga', 26),
(5296, 'Taboão da Serra', 26),
(5297, 'Taciba', 26),
(5298, 'Taguaí', 26),
(5299, 'Taiaçu', 26),
(5300, 'Taiúva', 26),
(5301, 'Tambaú', 26),
(5302, 'Tanabi', 26),
(5303, 'Tapiraí', 26),
(5304, 'Tapiratiba', 26),
(5305, 'Taquaral', 26),
(5306, 'Taquaritinga', 26),
(5307, 'Taquarituba', 26),
(5308, 'Taquarivaí', 26),
(5309, 'Tarabai', 26),
(5310, 'Tarumã', 26),
(5311, 'Tatuí', 26),
(5312, 'Taubaté', 26),
(5313, 'Tejupá', 26),
(5314, 'Teodoro Sampaio', 26),
(5315, 'Terra Roxa', 26),
(5316, 'Tietê', 26),
(5317, 'Timburi', 26),
(5318, 'Torre de Pedra', 26),
(5319, 'Torrinha', 26),
(5320, 'Trabiju', 26),
(5321, 'Tremembé', 26),
(5322, 'Três Fronteiras', 26),
(5323, 'Tuiuti', 26),
(5324, 'Tupã', 26),
(5325, 'Tupi Paulista', 26),
(5326, 'Turiúba', 26),
(5327, 'Turmalina', 26),
(5328, 'Ubarana', 26),
(5329, 'Ubatuba', 26),
(5330, 'Ubirajara', 26),
(5331, 'Uchoa', 26),
(5332, 'União Paulista', 26),
(5333, 'Urânia', 26),
(5334, 'Uru', 26),
(5335, 'Urupês', 26),
(5336, 'Valentim Gentil', 26),
(5337, 'Valinhos', 26),
(5338, 'Valparaíso', 26),
(5339, 'Vargem', 26),
(5340, 'Vargem Grande do Sul', 26),
(5341, 'Vargem Grande Paulista', 26),
(5342, 'Várzea Paulista', 26),
(5343, 'Vera Cruz', 26),
(5344, 'Vinhedo', 26),
(5345, 'Viradouro', 26),
(5346, 'Vista Alegre do Alto', 26),
(5347, 'Vitória Brasil', 26),
(5348, 'Votorantim', 26),
(5349, 'Votuporanga', 26),
(5350, 'Zacarias', 26),
(5351, 'Amparo de São Francisco', 25),
(5352, 'Aquidabã', 25),
(5353, 'Aracaju', 25),
(5354, 'Arauá', 25),
(5355, 'Areia Branca', 25),
(5356, 'Barra dos Coqueiros', 25),
(5357, 'Boquim', 25),
(5358, 'Brejo Grande', 25),
(5359, 'Campo do Brito', 25),
(5360, 'Canhoba', 25),
(5361, 'Canindé de São Francisco', 25),
(5362, 'Capela', 25),
(5363, 'Carira', 25),
(5364, 'Carmópolis', 25),
(5365, 'Cedro de São João', 25),
(5366, 'Cristinápolis', 25),
(5367, 'Cumbe', 25),
(5368, 'Divina Pastora', 25),
(5369, 'Estância', 25),
(5370, 'Feira Nova', 25),
(5371, 'Frei Paulo', 25),
(5372, 'Gararu', 25),
(5373, 'General Maynard', 25),
(5374, 'Gracho Cardoso', 25),
(5375, 'Ilha das Flores', 25),
(5376, 'Indiaroba', 25),
(5377, 'Itabaiana', 25),
(5378, 'Itabaianinha', 25),
(5379, 'Itabi', 25),
(5380, 'Itaporanga d`Ajuda', 25),
(5381, 'Japaratuba', 25),
(5382, 'Japoatã', 25),
(5383, 'Lagarto', 25),
(5384, 'Laranjeiras', 25),
(5385, 'Macambira', 25),
(5386, 'Malhada dos Bois', 25),
(5387, 'Malhador', 25),
(5388, 'Maruim', 25),
(5389, 'Moita Bonita', 25),
(5390, 'Monte Alegre de Sergipe', 25),
(5391, 'Muribeca', 25),
(5392, 'Neópolis', 25),
(5393, 'Nossa Senhora Aparecida', 25),
(5394, 'Nossa Senhora da Glória', 25),
(5395, 'Nossa Senhora das Dores', 25),
(5396, 'Nossa Senhora de Lourdes', 25),
(5397, 'Nossa Senhora do Socorro', 25),
(5398, 'Pacatuba', 25),
(5399, 'Pedra Mole', 25),
(5400, 'Pedrinhas', 25),
(5401, 'Pinhão', 25),
(5402, 'Pirambu', 25),
(5403, 'Poço Redondo', 25),
(5404, 'Poço Verde', 25),
(5405, 'Porto da Folha', 25),
(5406, 'Propriá', 25),
(5407, 'Riachão do Dantas', 25),
(5408, 'Riachuelo', 25),
(5409, 'Ribeirópolis', 25),
(5410, 'Rosário do Catete', 25),
(5411, 'Salgado', 25),
(5412, 'Santa Luzia do Itanhy', 25),
(5413, 'Santa Rosa de Lima', 25),
(5414, 'Santana do São Francisco', 25),
(5415, 'Santo Amaro das Brotas', 25),
(5416, 'São Cristóvão', 25),
(5417, 'São Domingos', 25),
(5418, 'São Francisco', 25),
(5419, 'São Miguel do Aleixo', 25),
(5420, 'Simão Dias', 25),
(5421, 'Siriri', 25),
(5422, 'Telha', 25),
(5423, 'Tobias Barreto', 25),
(5424, 'Tomar do Geru', 25),
(5425, 'Umbaúba', 25),
(5426, 'Abreulândia', 27),
(5427, 'Aguiarnópolis', 27),
(5428, 'Aliança do Tocantins', 27),
(5429, 'Almas', 27),
(5430, 'Alvorada', 27),
(5431, 'Ananás', 27),
(5432, 'Angico', 27),
(5433, 'Aparecida do Rio Negro', 27),
(5434, 'Aragominas', 27),
(5435, 'Araguacema', 27),
(5436, 'Araguaçu', 27),
(5437, 'Araguaína', 27),
(5438, 'Araguanã', 27),
(5439, 'Araguatins', 27),
(5440, 'Arapoema', 27),
(5441, 'Arraias', 27),
(5442, 'Augustinópolis', 27),
(5443, 'Aurora do Tocantins', 27),
(5444, 'Axixá do Tocantins', 27),
(5445, 'Babaçulândia', 27),
(5446, 'Bandeirantes do Tocantins', 27),
(5447, 'Barra do Ouro', 27),
(5448, 'Barrolândia', 27),
(5449, 'Bernardo Sayão', 27),
(5450, 'Bom Jesus do Tocantins', 27),
(5451, 'Brasilândia do Tocantins', 27),
(5452, 'Brejinho de Nazaré', 27),
(5453, 'Buriti do Tocantins', 27),
(5454, 'Cachoeirinha', 27),
(5455, 'Campos Lindos', 27),
(5456, 'Cariri do Tocantins', 27),
(5457, 'Carmolândia', 27),
(5458, 'Carrasco Bonito', 27),
(5459, 'Caseara', 27),
(5460, 'Centenário', 27),
(5461, 'Chapada da Natividade', 27),
(5462, 'Chapada de Areia', 27),
(5463, 'Colinas do Tocantins', 27),
(5464, 'Colméia', 27),
(5465, 'Combinado', 27),
(5466, 'Conceição do Tocantins', 27),
(5467, 'Couto de Magalhães', 27),
(5468, 'Cristalândia', 27),
(5469, 'Crixás do Tocantins', 27),
(5470, 'Darcinópolis', 27),
(5471, 'Dianópolis', 27),
(5472, 'Divinópolis do Tocantins', 27),
(5473, 'Dois Irmãos do Tocantins', 27),
(5474, 'Dueré', 27),
(5475, 'Esperantina', 27),
(5476, 'Fátima', 27),
(5477, 'Figueirópolis', 27),
(5478, 'Filadélfia', 27),
(5479, 'Formoso do Araguaia', 27),
(5480, 'Fortaleza do Tabocão', 27),
(5481, 'Goianorte', 27),
(5482, 'Goiatins', 27),
(5483, 'Guaraí', 27),
(5484, 'Gurupi', 27),
(5485, 'Ipueiras', 27),
(5486, 'Itacajá', 27),
(5487, 'Itaguatins', 27),
(5488, 'Itapiratins', 27),
(5489, 'Itaporã do Tocantins', 27),
(5490, 'Jaú do Tocantins', 27),
(5491, 'Juarina', 27),
(5492, 'Lagoa da Confusão', 27),
(5493, 'Lagoa do Tocantins', 27),
(5494, 'Lajeado', 27),
(5495, 'Lavandeira', 27),
(5496, 'Lizarda', 27),
(5497, 'Luzinópolis', 27),
(5498, 'Marianópolis do Tocantins', 27),
(5499, 'Mateiros', 27),
(5500, 'Maurilândia do Tocantins', 27),
(5501, 'Miracema do Tocantins', 27),
(5502, 'Miranorte', 27),
(5503, 'Monte do Carmo', 27),
(5504, 'Monte Santo do Tocantins', 27),
(5505, 'Muricilândia', 27),
(5506, 'Natividade', 27),
(5507, 'Nazaré', 27),
(5508, 'Nova Olinda', 27),
(5509, 'Nova Rosalândia', 27),
(5510, 'Novo Acordo', 27),
(5511, 'Novo Alegre', 27),
(5512, 'Novo Jardim', 27),
(5513, 'Oliveira de Fátima', 27),
(5514, 'Palmas', 27),
(5515, 'Palmeirante', 27),
(5516, 'Palmeiras do Tocantins', 27),
(5517, 'Palmeirópolis', 27),
(5518, 'Paraíso do Tocantins', 27),
(5519, 'Paranã', 27),
(5520, 'Pau d`Arco', 27),
(5521, 'Pedro Afonso', 27),
(5522, 'Peixe', 27),
(5523, 'Pequizeiro', 27),
(5524, 'Pindorama do Tocantins', 27),
(5525, 'Piraquê', 27),
(5526, 'Pium', 27),
(5527, 'Ponte Alta do Bom Jesus', 27),
(5528, 'Ponte Alta do Tocantins', 27),
(5529, 'Porto Alegre do Tocantins', 27),
(5530, 'Porto Nacional', 27),
(5531, 'Praia Norte', 27),
(5532, 'Presidente Kennedy', 27),
(5533, 'Pugmil', 27),
(5534, 'Recursolândia', 27),
(5535, 'Riachinho', 27),
(5536, 'Rio da Conceição', 27),
(5537, 'Rio dos Bois', 27),
(5538, 'Rio Sono', 27),
(5539, 'Sampaio', 27),
(5540, 'Sandolândia', 27),
(5541, 'Santa Fé do Araguaia', 27),
(5542, 'Santa Maria do Tocantins', 27),
(5543, 'Santa Rita do Tocantins', 27),
(5544, 'Santa Rosa do Tocantins', 27),
(5545, 'Santa Tereza do Tocantins', 27),
(5546, 'Santa Terezinha do Tocantins', 27),
(5547, 'São Bento do Tocantins', 27),
(5548, 'São Félix do Tocantins', 27),
(5549, 'São Miguel do Tocantins', 27),
(5550, 'São Salvador do Tocantins', 27),
(5551, 'São Sebastião do Tocantins', 27),
(5552, 'São Valério da Natividade', 27),
(5553, 'Silvanópolis', 27),
(5554, 'Sítio Novo do Tocantins', 27),
(5555, 'Sucupira', 27),
(5556, 'Taguatinga', 27),
(5557, 'Taipas do Tocantins', 27),
(5558, 'Talismã', 27),
(5559, 'Tocantínia', 27),
(5560, 'Tocantinópolis', 27),
(5561, 'Tupirama', 27),
(5562, 'Tupiratins', 27),
(5563, 'Wanderlândia', 27),
(5564, 'Xambioá', 27);

CREATE TABLE `clientes` (
  `id` int(11) NOT NULL,
  `nome` varchar(255) COLLATE utf8_unicode_ci DEFAULT NULL,
  `sexo_id` int(11) DEFAULT NULL,
  `idade` int(11) DEFAULT NULL,
  `estadoCivil_id` int(11) DEFAULT NULL,
  `qtd_filhos` int(11) DEFAULT NULL,
  `telefone` varchar(255) COLLATE utf8_unicode_ci DEFAULT NULL,
  `endereco` varchar(255) COLLATE utf8_unicode_ci DEFAULT NULL,
  `bairro` varchar(255) COLLATE utf8_unicode_ci DEFAULT NULL,
  `cidade` varchar(255) COLLATE utf8_unicode_ci DEFAULT NULL,
  `email` varchar(255) COLLATE utf8_unicode_ci DEFAULT NULL,
  `cep` varchar(255) COLLATE utf8_unicode_ci DEFAULT NULL
) ENGINE=InnoDB DEFAULT CHARSET=utf8 COLLATE=utf8_unicode_ci;

INSERT INTO `clientes` (`id`, `nome`, `sexo_id`, `idade`, `estadoCivil_id`, `qtd_filhos`, `telefone`, `endereco`, `bairro`, `cidade`, `email`, `cep`) VALUES
(1, 'Glorita Martins Ribeiro', 2, NULL, 2, 4, '55 21 11 3031-7975', 'rua Malvinas, 41', 'Jardim Guedala', 'São Paulo', 'gloritamartinsribeiro@yahoo.com.br', '05609010'),
(2, 'Cristina Prieto Luna', 2, 55, 1, NULL, '55 21 13 3261-5926', 'Av. dos Bancários, 80 #23', 'Ponta da Praia', 'Santos', 'anaprieto@uol.com.br', '11030300'),
(3, 'Juliana Cortese Mazzer', 2, 39, 2, 2, '55 21 11 2372-5124', 'rua: Haddock Lobo, 250 #1106', 'Cerqueira César', 'São Paulo', 'ju_pcm@hotmail.com', '01414000'),
(4, 'Eleonora Doria Lemes', 2, 23, 2, 2, '55 21 11 996010363', 'rua Dr. Virgilio de Carvalho Pinto, 343 #162', 'Pinheiros', 'Sao Paulo', 'eleonora_doria@yahoo.com.br', '05415-030'),
(5, 'Ana Cecilia de Sampaio Doria', 2, 30, 1, NULL, '55 21 11 99618-2722', 'Al. Gabriel Monteiro da Silva, 2105 #21', 'Jardim Paulistano', 'Sao Paulo', 'cicadoria@yahoo.com.br', '01441-001'),
(6, 'Luis Antonio de Sampaio Doria Neto', 1, 8, 2, 3, '55 21 11 3167-5994', 'Rua Professor Carlos de Carvalho, 155 #7', 'Itaim Bibi', 'São Paulo', 'gordodoria@uol.com.br', '04531-080');

CREATE TABLE `clientes_site` (
  `id` int(11) NOT NULL,
  `pessoa` varchar(255) COLLATE utf8_unicode_ci DEFAULT NULL,
  `nome` varchar(255) COLLATE utf8_unicode_ci DEFAULT NULL,
  `email` varchar(255) COLLATE utf8_unicode_ci DEFAULT NULL,
  `razao_social` varchar(255) COLLATE utf8_unicode_ci DEFAULT NULL,
  `telefone` varchar(255) COLLATE utf8_unicode_ci DEFAULT NULL,
  `telefone2` varchar(255) COLLATE utf8_unicode_ci DEFAULT NULL,
  `endereco` varchar(255) COLLATE utf8_unicode_ci DEFAULT NULL,
  `numero` int(11) DEFAULT NULL,
  `complemento` varchar(255) COLLATE utf8_unicode_ci DEFAULT NULL,
  `bairro` varchar(255) COLLATE utf8_unicode_ci DEFAULT NULL,
  `cidade` varchar(255) COLLATE utf8_unicode_ci DEFAULT NULL,
  `cep` varchar(255) COLLATE utf8_unicode_ci DEFAULT NULL,
  `estado` varchar(255) COLLATE utf8_unicode_ci DEFAULT NULL,
  `pais` varchar(255) COLLATE utf8_unicode_ci DEFAULT NULL,
  `url` varchar(255) COLLATE utf8_unicode_ci DEFAULT NULL,
  `created_at` timestamp NULL DEFAULT NULL,
  `updated_at` timestamp NULL DEFAULT NULL
) ENGINE=InnoDB DEFAULT CHARSET=utf8 COLLATE=utf8_unicode_ci;

INSERT INTO `clientes_site` (`id`, `pessoa`, `nome`, `email`, `razao_social`, `telefone`, `telefone2`, `endereco`, `numero`, `complemento`, `bairro`, `cidade`, `cep`, `estado`, `pais`, `url`, `created_at`, `updated_at`) VALUES
(2, 'Física', 'Das', 'dsadasas@dsaa.com', NULL, 'das', 'das', NULL, NULL, NULL, NULL, NULL, NULL, NULL, NULL, NULL, '2016-12-15 04:36:44', '2016-12-15 04:36:44'),
(3, 'Juridica', NULL, 'asdsa', 'DASd', 'asda', 'asda', 'das', NULL, NULL, 's', 'DASaa', 'as', 'adsa', NULL, NULL, '2016-12-15 04:39:23', '2016-12-15 04:39:23'),
(4, 'Física', 'Ana Cecilia DOria', 'cicadoria@yahoo.com.br', NULL, '11 996192722', '', NULL, NULL, NULL, NULL, NULL, NULL, NULL, NULL, NULL, '2016-12-15 20:16:59', '2016-12-15 20:16:59'),
(5, 'Juridica', NULL, 'cicadoria@yahoo.com.br', 'Casa da MAria Joana', '11 996182722', '', 'Rua Malvinas', 41, '', 'Jardim Guedala', 'São Paulo', '05609-010', 'São Paulo', NULL, NULL, '2016-12-15 20:18:43', '2016-12-15 20:18:43'),
(6, 'Física', 'graziella doria luna', 'gradorialuna@dibandeja.com.br', NULL, '', '', NULL, NULL, NULL, NULL, NULL, NULL, NULL, NULL, NULL, '2016-12-15 22:27:06', '2016-12-15 22:27:06'),
(7, 'Física', 'Ana Ceclia Doria', 'cicadoria@ahoo.com.br', NULL, '(11) 99618-2722', '', NULL, NULL, NULL, NULL, NULL, NULL, NULL, NULL, NULL, '2016-12-22 16:46:29', '2016-12-22 16:46:29');

CREATE TABLE `cliente_cardapios` (
  `id` int(11) NOT NULL,
  `cardapio_id` int(11) DEFAULT NULL,
  `cliente_id` int(11) DEFAULT NULL
) ENGINE=InnoDB DEFAULT CHARSET=utf8 COLLATE=utf8_unicode_ci;

INSERT INTO `cliente_cardapios` (`id`, `cardapio_id`, `cliente_id`) VALUES
(1, 1, 1);

CREATE TABLE `dicionario` (
  `id` int(11) NOT NULL,
  `nome` varchar(50) DEFAULT NULL
) ENGINE=InnoDB DEFAULT CHARSET=utf8;

CREATE TABLE `distribuidores` (
  `id` int(11) NOT NULL,
  `nome` varchar(255) DEFAULT NULL,
  `url` varchar(255) DEFAULT NULL,
  `endereco` varchar(255) DEFAULT NULL,
  `telefone` varchar(30) DEFAULT NULL,
  `delivery` enum('sim','não') NOT NULL DEFAULT 'sim',
  `venda_online` enum('sim','não') NOT NULL DEFAULT 'sim',
  `nota` int(2) NOT NULL DEFAULT '0',
  `created_at` datetime DEFAULT NULL,
  `updated_at` datetime DEFAULT NULL
) ENGINE=InnoDB DEFAULT CHARSET=utf8;

INSERT INTO `distribuidores` (`id`, `nome`, `url`, `endereco`, `telefone`, `delivery`, `venda_online`, `nota`, `created_at`, `updated_at`) VALUES
(1, 'Pão de Açucar', 'http://google.com', 'avenida general jonatahas borges fortes', '512 980416215', 'sim', 'não', 0, '2017-03-29 00:08:29', '2017-03-29 00:37:43'),
(3, 'teste', '', '', '', 'sim', 'sim', 0, '2017-03-29 00:41:14', '2017-03-29 00:41:14'),
(18, 'aaa', '', '', '', 'sim', 'sim', 0, '2017-04-02 22:28:30', '2017-04-02 22:28:30'),
(19, 'aaaa', '', '', '', 'sim', 'sim', 0, '2017-04-02 22:30:04', '2017-04-02 22:30:04'),
(20, 'efef', '', '', '', 'sim', 'sim', 0, '2017-04-02 22:33:39', '2017-04-02 22:33:39'),
(21, 'testeee', 'http://google.com', 'rua teste 123', '', 'não', 'sim', 0, '2017-04-18 18:06:57', '2017-04-18 18:06:57'),
(22, 'aaaaa', 'http://google.com', '', '', 'sim', 'sim', 0, '2017-04-25 23:40:19', '2017-04-25 23:40:19'),
(23, 'sdfsfdfd', '', '', '', 'sim', 'sim', 0, '2017-04-26 00:05:07', '2017-04-26 00:05:07'),
(24, 'sadasads', '', '', '', 'sim', 'sim', 0, '2017-04-26 00:05:16', '2017-04-26 00:05:16'),
(25, 'ewwerrwe', '', '', '', 'não', 'não', 0, '2017-04-26 00:06:19', '2017-04-26 00:06:19'),
(26, 'bbb', '', '', '', 'sim', 'sim', 0, '2017-04-26 01:46:12', '2017-04-26 01:46:12');

CREATE TABLE `especialidades` (
  `id` int(11) NOT NULL,
  `nome` varchar(255) COLLATE utf8_unicode_ci DEFAULT NULL
) ENGINE=InnoDB DEFAULT CHARSET=utf8 COLLATE=utf8_unicode_ci;

INSERT INTO `especialidades` (`id`, `nome`) VALUES
(3, 'Agricultura Natural'),
(6, 'Produtos Orgânicos'),
(7, 'Supermercado Convencional'),
(8, 'Supermercado Especial'),
(9, 'Produtos de Alta Gastronomia'),
(10, 'Caviares'),
(11, 'Temperos Nacionais e a Granel'),
(12, 'Temperos Importados e a Granel'),
(13, 'Condimentos Nacionais'),
(14, 'Condimentos Importados'),
(15, 'Condimentos a Granel'),
(16, 'Especiarias Nacionais'),
(17, 'Especiarias Importadas'),
(18, 'Especiarias a Granel'),
(19, 'Ervas Exóticas ou Especiais'),
(20, 'Ervas Convencionais '),
(21, 'Produtos Biodinâmicos'),
(22, 'Hortifruti Convencional'),
(23, 'Hortifruti Exóticos'),
(24, 'Cogumelos'),
(25, 'Polpa de Frutas Variadas Congeladas'),
(26, 'Caldas de Frutas'),
(27, 'Frutas Especiais'),
(28, 'Frutas Convencionais'),
(29, 'Frutas Secas'),
(30, 'Sementes Convencionais'),
(31, 'Sementes Exóticas'),
(32, 'Grãos'),
(33, 'Laticínios'),
(34, 'Frios Convencionais'),
(35, 'Frios Especiais'),
(36, 'Frios Especiais Feitos å Mão'),
(37, 'Animais Vivos'),
(38, 'Aves Abatidas na Hora'),
(39, 'Carnes Convencionais'),
(40, 'Carnes: Artigos Difíceis'),
(41, 'Carne de Aves Convencionais'),
(42, 'Ovos'),
(43, 'Carne de Aves Especiais'),
(44, 'Carne de Aves Raras'),
(45, 'Carne de Caça (Silvestres e Selvagens)'),
(48, 'Carnes Nobres e Especiais'),
(49, 'Carne de Coelho'),
(50, 'Embutidos'),
(51, 'Iguarias do Norte do Brasil: Peixes Amazônicos'),
(52, 'Ingredientes Regionais Brasileiros'),
(53, 'Produtos Árabes'),
(54, 'Produtos Sírios'),
(55, 'Produtos Libaneses'),
(56, 'Produtos Judáicos'),
(57, 'Produtos Franceses'),
(58, 'Produtos Italianos'),
(59, 'Produtos Mediterrâneos'),
(60, 'Produtos Orientais'),
(61, 'Produtos Japoneses'),
(62, 'Produtos Típicos de Minas Gerais'),
(63, 'Produtos Típicos do Nordeste'),
(64, 'Bacalhau de Alta Qualidade, Secos e Molhados'),
(65, 'Ostras de Cananéia'),
(66, 'Ovas'),
(67, 'Pescados Convencionais'),
(68, 'Pescados Frescos Variados'),
(69, 'Pescados Congelados Variados'),
(70, 'Pescados Frescos Especiais'),
(71, 'Pescados Congelados Especiais'),
(72, 'Pescados Inteiros'),
(73, 'Tinta de Lula'),
(74, 'Conservas'),
(75, 'Cebolinhas para Conserva'),
(76, 'Alho Negro'),
(77, 'Araruta Natural, sem aditivos químicos'),
(78, 'Azeites'),
(79, 'Chás'),
(80, 'Escargots de Salvatore Loi'),
(81, 'Farinhas de Diversas Qualidades e a Granel'),
(82, 'Foie Gras'),
(83, 'Goiabada-Cascão do Suflê do Carlota'),
(84, 'Bananada de Tacho'),
(85, 'Mandiocas e derivados'),
(86, 'Manteiga Clarificada'),
(87, 'Massa Philo'),
(88, 'Massas'),
(89, 'Molhos'),
(90, 'Pães Indianos Nan'),
(91, 'Palmito Juçara'),
(92, 'Rotisseria'),
(93, 'Sorvetes Exóticos'),
(94, 'Vinagres'),
(95, 'Pingas'),
(96, 'Saquês'),
(97, 'Bebidas Finas Importadas'),
(98, 'Equipamentos para Restaurantes'),
(151, 'Aves Orgânicas'),
(152, 'Hortifruti Orgânico'),
(153, 'Trufas e Derivados'),
(154, 'Laticínio Especial e Feito å Mão'),
(155, 'Pescados Defumados Especiais'),
(156, 'Blinis'),
(157, 'Sour Cream'),
(158, 'Pimentas Variadas'),
(159, 'Carnes Exóticas'),
(160, 'Frutos do Mar Importados'),
(161, 'Frutos do Mar Nacionais'),
(162, 'Confit de Pato'),
(163, 'Magret de Pato'),
(164, 'Aromas'),
(165, 'Carne de Suínos'),
(166, 'Ervas e Temperos Orgânicos (Mudas)'),
(167, 'Carne de Ovinos'),
(168, 'Hortifruti Específico (cebola roxa, batatas, abóbora japonesa)'),
(169, 'Hortifruti Específico (bananas variadas)'),
(170, 'Hortifruti Selecionado'),
(171, 'Caldos de Legumes'),
(172, 'Carne Específica (costela)'),
(173, 'Pescado Específico (lagosta)'),
(174, 'Carne: Miúdos'),
(175, 'Conservas Especiais'),
(176, 'Conserva Específica: pescados em conserva de azeite'),
(177, 'Óleos'),
(178, 'Hortifruti Específico (mini-legumes e mini folhas)'),
(179, 'Pescado Específico (saint pierre ou tilápia vermelha e tilápia prateada)'),
(180, 'Aves Específicas (Patos Canard de Barbarie)'),
(181, 'Aves Específicas (Galinhas D\'Angola e Codornas)'),
(182, 'Carne de Caça Específica (javali)'),
(183, 'Laticínio Específico (búfala)'),
(184, 'Batatas Nacionais de Todos os Tipos'),
(185, 'Frutas Exóticas'),
(186, 'Condimentos Específicos (Indiano)'),
(187, 'Pescado Específico (truta)');

CREATE TABLE `estados` (
  `id` int(11) NOT NULL,
  `nome` varchar(75) COLLATE utf8_unicode_ci DEFAULT NULL,
  `uf` varchar(5) COLLATE utf8_unicode_ci DEFAULT NULL
) ENGINE=InnoDB DEFAULT CHARSET=utf8 COLLATE=utf8_unicode_ci;

INSERT INTO `estados` (`id`, `nome`, `uf`) VALUES
(1, 'Acre', 'AC'),
(2, 'Alagoas', 'AL'),
(3, 'Amazonas', 'AM'),
(4, 'Amapá', 'AP'),
(5, 'Bahia', 'BA'),
(6, 'Ceará', 'CE'),
(7, 'Distrito Federal', 'DF'),
(8, 'Espírito Santo', 'ES'),
(9, 'Goiás', 'GO'),
(10, 'Maranhão', 'MA'),
(11, 'Minas Gerais', 'MG'),
(12, 'Mato Grosso do Sul', 'MS'),
(13, 'Mato Grosso', 'MT'),
(14, 'Pará', 'PA'),
(15, 'Paraíba', 'PB'),
(16, 'Pernambuco', 'PE'),
(17, 'Piauí', 'PI'),
(18, 'Paraná', 'PR'),
(19, 'Rio de Janeiro', 'RJ'),
(20, 'Rio Grande do Norte', 'RN'),
(21, 'Rondônia', 'RO'),
(22, 'Roraima', 'RR'),
(23, 'Rio Grande do Sul', 'RS'),
(24, 'Santa Catarina', 'SC'),
(25, 'Sergipe', 'SE'),
(26, 'São Paulo', 'SP'),
(27, 'Tocantins', 'TO');

CREATE TABLE `estado_civils` (
  `id` int(11) NOT NULL,
  `desc` varchar(255) COLLATE utf8_unicode_ci DEFAULT NULL
) ENGINE=InnoDB DEFAULT CHARSET=utf8 COLLATE=utf8_unicode_ci;

INSERT INTO `estado_civils` (`id`, `desc`) VALUES
(1, 'Solteiro'),
(2, 'Casado');

CREATE TABLE `fontes` (
  `id` int(11) NOT NULL,
  `nome` varchar(255) COLLATE utf8_unicode_ci DEFAULT NULL,
  `data` date DEFAULT NULL,
  `descricao` text COLLATE utf8_unicode_ci
) ENGINE=InnoDB DEFAULT CHARSET=utf8 COLLATE=utf8_unicode_ci;

INSERT INTO `fontes` (`id`, `nome`, `data`, `descricao`) VALUES
(1, 'BBel', '2012-06-09', '<p>Bebel Marrey</p>\r\n<p>http://bbel.uol.com.br/culinaria.aspx</p>'),
(2, 'Troisgros', '2012-07-12', ''),
(3, 'Panelinha', '2012-07-12', '<p>http://panelinha.ig.com.br/site_novo/home/</p>'),
(4, 'Heloisa Bacelar', '2012-07-12', ''),
(5, 'Receita de Família', '2012-07-12', ''),
(6, 'Livro - Legumes Vite Prêts, Marabout', '2012-07-12', ''),
(7, 'Site Epicurious', '2012-07-12', '<p><span style=\"font-size: 12.0pt; font-family: Arial; mso-fareast-font-family: &quot;Times New Roman&quot;; mso-bidi-font-family: &quot;Times New Roman&quot;; mso-ansi-language: PT-BR; mso-fareast-language: PT-BR;\">http://www.epicurious.com/recipes/food</span></p>'),
(8, 'Site Mixirica', '2012-07-12', '<p>http://mixirica.uol.com.br/</p>'),
(9, 'Paladar', '2012-07-12', '<p>http://www.estadao.com.br/suplementos/paladar/</p>'),
(10, 'Site Mirepoix', '2012-07-12', '<p>http://chefdeboracordeiro.blogspot.com.br/</p>'),
(11, 'Site Food 52', '2012-07-12', '<p>http://www.food52.com/</p>'),
(12, 'Site Guia do Bebê', '2012-07-12', '<p>http://guiadobebe.uol.com.br</p>'),
(13, 'Site Culinária Online', '2012-07-12', '<p>http://www.culinariaonline.com.br/</p>'),
(14, 'Site Saborearte', '2012-07-12', '<p>http://www.saborearte.com.br/</p>'),
(15, 'Site Caminhos da Roça', '2012-07-12', '<p>http://www.caminhosdaroca.com.br</p>'),
(16, 'Site Elle France', '2012-07-12', '<p>http://www.elle.fr</p>'),
(17, 'Site Recipe Source', '2012-07-12', '<p>http://www.recipesource.com/</p>'),
(18, 'Site La Cucinetta', '2012-07-12', '<p>http://www.lacucinetta.com.br/</p>'),
(19, 'Site 101 Cookbooks', '2012-07-12', '<p>http://www.101cookbooks.com/</p>'),
(20, 'Site 80 Breakfasts', '2012-07-12', '<p>http://80breakfasts.blogspot.com.br/</p>'),
(21, 'Site Bigode de Chocolate', '2012-07-12', '<p>http://bigodedechocolate.blogspot.com.br/</p>'),
(22, 'Site Technicolor Kitchen', '2012-07-12', '<p>http://www.technicolorkitchen.blogspot.com.br/</p>'),
(23, 'Site Lara Ferroni', '2012-07-12', '<p>http://www.laraferroni.com/</p>'),
(24, 'Site Lara Ferroni', '2012-07-12', '<p>http://www.laraferroni.com/</p>'),
(25, 'Site Cannelle et Vanille', '2012-07-12', '<p>http://www.cannellevanille.com/</p>'),
(26, 'Site Tea and Weaten Bread', '2012-07-12', '<p>http://teandwheatenbread.blogspot.com.br/</p>'),
(27, 'Site Recipe Muncher', '2012-07-12', '<p>http://www.recipemuncher.com/</p>'),
(28, 'Site Gourmet', '2012-07-12', '<p>http://www.gourmet.com/food</p>'),
(29, 'Site Food Gawker', '2012-07-12', '<p>http://foodgawker.com/</p>'),
(30, 'Site da Tutu Galvão', '2012-07-13', '<p>http://tutugalvaobueno.blogspot.com.br</p>'),
(31, 'Site Horta em Casa', '2012-07-13', '<p>http://www.hortaemcasa.com.br</p>'),
(32, 'Site Livro de Receitas', '2012-07-13', '<p>http://www.livrodereceitas.com</p>'),
(33, 'Site Cinara\'s Place', '2012-07-13', '<p>http://cinarasplace.blogspot.com.br</p>'),
(34, 'Site Key Ingredient', '2012-07-13', '<p>http://www.keyingredient.com</p>'),
(35, 'Site Tartuf Langhe', '2012-07-13', '<p>http://tartuflanghe.com</p>'),
(36, 'Site Bottarga Gold', '2012-07-13', '<p>http://www.bottargagold.com</p>'),
(37, 'Site 750 Grammes', '2012-07-13', '<p>http://www.750g.com</p>'),
(38, 'Site Slow Food Brasil', '2012-07-13', '<p>http://www.slowfoodbrasil.com</p>'),
(39, 'Site Lentilhas Foods and Funs', '2012-07-13', '<p>http://lentilhas.wordpress.com</p>'),
(40, 'Site Whole Foods Market', '2012-07-13', '<p>http://www.wholefoodsmarket.com</p>'),
(41, 'Site Tudo Gostoso', '2012-07-13', '<p>http://tudogostoso.uol.com.br</p>'),
(42, 'Site Think Food', '2012-07-13', '<p>http://thinkfood.com.br</p>'),
(43, 'Site Home Food', '2012-07-13', '<p>http://www.homefood.it</p>'),
(44, 'Site Família Orgânica', '2012-07-13', '<p>http://familiaorganica.blogspot.com.br</p>'),
(45, 'Site Na Minha Panela', '2012-07-13', '<p>http://naminhapanela.com</p>'),
(46, 'Site Chocolatria', '2012-07-13', '<p>http://www.chocolatria.com</p>'),
(47, 'Site Food Buzz', '2012-07-13', '<p>http://www.foodbuzz.com</p>'),
(48, 'Site Gourmet Viajante', '2012-07-13', '<p>http://www.gourmetviajante.com.br</p>'),
(49, 'Olivier Anquier', '2012-07-13', '<p>http://www.olivieranquier.com.br</p>'),
(50, 'Site Cogumelos Online', '2012-07-13', '<p>http://www.cogumelosonline.com.br</p>'),
(51, 'Site Fava de Baunilha', '2012-07-13', '<p>http://favadebaunilha.blogspot.com.br</p>'),
(52, 'Site Capricoop', '2012-07-13', '<p>http://www.capricoop.com.br</p>'),
(53, 'Site Companhia das Ervas', '2012-07-13', '<p>http://www.ciadaservas.com.br</p>'),
(54, 'Site Frigideiras', '2012-07-13', '<p>http://www.frigideiras.com</p>'),
(55, 'Site Nossas Receitas', '2012-07-13', '<p>http://nossasreceitas.com</p>'),
(56, 'Blog Fava de Baunilha', '2012-09-11', '<p>Algumas pessoas que escrevem receitas para o site:</p>\r\n<ul>\r\n<li>Manuela Romanelli</li>\r\n</ul>'),
(57, 'Jorge Amado', '2012-09-11', '<p>Tieta do Agreste</p>'),
(58, 'Site Adriana Aranha', '2012-09-11', ''),
(59, 'Faculdade Anhembi Morumbi', '2012-09-12', ''),
(60, 'Blog Tá na Mesa', '2012-09-12', '<p>http://blogtanamesa.wordpress.com</p>'),
(61, 'Juliana Corteze', '2012-09-14', ''),
(62, 'Revista Gosto', '2012-09-14', ''),
(63, 'Shirley Gill', '2012-09-14', '');

CREATE TABLE `fornecedores` (
  `id` int(11) NOT NULL,
  `nome` varchar(255) COLLATE utf8_unicode_ci DEFAULT NULL,
  `telefone` varchar(255) COLLATE utf8_unicode_ci DEFAULT NULL,
  `complemento` varchar(255) COLLATE utf8_unicode_ci DEFAULT NULL,
  `endereco` varchar(255) COLLATE utf8_unicode_ci DEFAULT NULL,
  `bairro` varchar(255) COLLATE utf8_unicode_ci DEFAULT NULL,
  `cidade` varchar(255) COLLATE utf8_unicode_ci DEFAULT NULL,
  `site` varchar(255) COLLATE utf8_unicode_ci DEFAULT NULL,
  `cep` varchar(255) COLLATE utf8_unicode_ci DEFAULT NULL,
  `estado` varchar(255) COLLATE utf8_unicode_ci DEFAULT NULL,
  `pais` varchar(255) COLLATE utf8_unicode_ci DEFAULT NULL,
  `razao_social` varchar(255) COLLATE utf8_unicode_ci DEFAULT NULL,
  `url` varchar(255) COLLATE utf8_unicode_ci DEFAULT NULL,
  `especialidade` varchar(255) COLLATE utf8_unicode_ci DEFAULT NULL,
  `cotacao` varchar(255) COLLATE utf8_unicode_ci DEFAULT NULL,
  `imagem` varchar(255) COLLATE utf8_unicode_ci DEFAULT NULL,
  `nota` int(11) NOT NULL DEFAULT '0',
  `updated_at` datetime DEFAULT NULL,
  `created_at` datetime DEFAULT NULL
) ENGINE=InnoDB DEFAULT CHARSET=utf8 COLLATE=utf8_unicode_ci;

INSERT INTO `fornecedores` (`id`, `nome`, `telefone`, `complemento`, `endereco`, `bairro`, `cidade`, `site`, `cep`, `estado`, `pais`, `razao_social`, `url`, `especialidade`, `cotacao`, `imagem`, `nota`, `updated_at`, `created_at`) VALUES
(1, 'Casa Santa Luzia', '(11) 3897-5000', NULL, 'al. Lorena, 1471', 'Cerqueira Cezar', 'São Paulo', 'http://www.santaluzia.com.br', '01424-002', 'São Paulo', 'Brasil', NULL, NULL, NULL, NULL, NULL, 0, NULL, NULL),
(2, 'Empório Santa Maria', '(11) 3706-5211', NULL, 'av. Cidade Jardim, 790 ', 'Jd. Paulistano', 'São Paulo', 'http://www.emporiosantamaria.com.br', '01454-000', 'São Paulo', 'Brasil', NULL, NULL, NULL, NULL, NULL, 0, NULL, NULL),
(3, 'St. Marche', '(11) 3744.5595', NULL, 'rua Comendador Adibo Ares, 275', 'Jd. Guedala', 'São Paulo', 'http://www.marche.com.br', '05613-000', 'São Paulo', 'Brasil', NULL, NULL, NULL, NULL, NULL, 0, NULL, NULL),
(4, 'Korin', '(11) 5579-9363 ', NULL, 'Rua Cel. Arthur de Godoy, 246', 'Vila Mariana', 'São Paulo', 'http://www.korin.com.br', '04018-050', 'São Paulo', 'Brasil', NULL, NULL, NULL, NULL, NULL, 0, NULL, NULL),
(5, 'Éthos', '(11) 3832-6362', NULL, 'Av. Dr. Gastão Vidigal, 1.946 - Ceagesp - Pavilhão AMB - box 19/20', 'Vila Leopoldina', 'São Paulo', 'http://www.ethos-agro.com.br', '05314-000', 'São Paulo', 'Brasil', NULL, NULL, NULL, NULL, NULL, 0, NULL, NULL),
(6, 'Horta em Casa', '(11) 4409-1791', NULL, 'Diversos Supermercados', '', '', 'http://www.hortaemcasa.com.br', '', '', '', NULL, NULL, NULL, NULL, NULL, 0, NULL, NULL),
(7, 'Organic Delivery', '(11) 4169-4457', NULL, 'Internet', '', '', 'http://www.organicdelivery.com.br', '', '', '', NULL, NULL, NULL, NULL, NULL, 0, NULL, NULL),
(8, 'Caminhos da Roça', '(11) 3733-6727', NULL, 'Internet', '', '', 'http://www.caminhosdaroca.com.br', '', '', '', NULL, NULL, NULL, NULL, NULL, 0, NULL, NULL),
(9, 'Pão de Açúcar', '(11) 3055-6767', NULL, 'Diversos Supermercados', 'Vários', 'São Paulo', 'https://www.paodeacucar.com.br', '', 'São Paulo', 'Brasil', NULL, NULL, NULL, NULL, NULL, 0, NULL, NULL),
(10, 'Caseus', '(11) 3661-6900 e (11) 3663-2570', NULL, 'Rua Alagoas, 475', 'Higienópolis', 'São Paulo', 'http://www.caseus.com.br', '01242-001', 'São Paulo', 'Brasil', NULL, NULL, NULL, NULL, NULL, 0, NULL, NULL),
(11, 'Vital Gourmet Importação e Exportação Ltda.', '(11) 2693-0112 e (11) 7859-3089', NULL, 'Rua da Mooca, 1736 sl. 44', 'Mooca', 'São Paulo', 'http://vitalgourmet.com.br', '03104-002', 'São Paulo', 'Brasil', NULL, NULL, NULL, NULL, NULL, 0, NULL, NULL),
(12, 'Petrossian', '(11) 3552-7200', NULL, 'Av. Magalhães de Castro, 12000, piso térreo, Shopping Cidade Jardim', 'Cidade Jardim', 'São Paulo', 'http://www.petrossianbr.com.br', '05502-001', 'São Paulo', 'Brasil', NULL, NULL, NULL, NULL, NULL, 0, NULL, NULL),
(13, 'Empório Chiappetta', '(11) 4257-2107', NULL, 'Rua da Cantareira, 306 - Mercado Municipal de São Paulo - rua G / box 8, 12 e 14', 'Centro', 'São Paulo', 'http://www.emporiochiappetta.com.br', '01024-000', 'São Paulo', 'Brasil', NULL, NULL, NULL, NULL, NULL, 0, NULL, NULL),
(14, 'Shiitake Champ Gourmet', '(24) 2258-2167', NULL, 'Antiga Rio Bahia -Km 09 S/n', 'Bemposta', 'Três Rios', '', '25840-000', 'Rio de Janeiro', 'Brasil', NULL, NULL, NULL, NULL, NULL, 0, NULL, NULL),
(16, 'Comércio de Carnes Mercado Central', '(11) 3228-9316', NULL, 'Rua da Cantareira, 306 - Mercado Municipal de São Paulo - rua C / box 27', 'Centro', 'São Paulo', '', '01024-000', 'São Paulo', 'Brasil', NULL, NULL, NULL, NULL, NULL, 0, NULL, NULL),
(17, 'Rei do Camarão', '(11) 3312-0074', NULL, 'Rua da Cantareira, 306 - Mercado Municipal de São Paulo - rua B / box 30', 'Centro', 'São Paulo', '', '01024-000', 'São Paulo', 'Brasil', NULL, NULL, NULL, NULL, NULL, 0, NULL, NULL),
(18, 'Distribuidora de Carnes Cantareira', '(11) 3228-4349', NULL, 'Rua da Cantareira, 306 - Mercado Municipal de São Paulo - rua D / box 33', 'Centro', 'São Paulo', '', '01024-000', 'São Paulo', 'Brasil', NULL, NULL, NULL, NULL, NULL, 0, NULL, NULL),
(19, 'Laticínios São Miguel', '(11) 3326-1468 e 3328-3099', NULL, 'Rua da Cantareira, 306 - Mercado Municipal de São Paulo - rua D / box 2 e rua F / box 1', 'Centro', 'São Paulo', 'http://www.queijosroni.com', '01024-000', 'São Paulo', 'Brasil', NULL, NULL, NULL, NULL, NULL, 0, NULL, NULL),
(20, 'Casa Flora', '(11) 2842-5199 / (11) 3327-5199', NULL, 'Rua Santa Rosa, 207', 'Brás', 'São Paulo', 'http://www.casaflora.com.br', '03007-040', 'São Paulo', 'Brasil', NULL, NULL, NULL, NULL, NULL, 0, NULL, NULL),
(21, 'Coopes', '', NULL, '', '', 'Piemonte da Diamantina', 'http://www.coopes.org.br/', '', 'Bahia', 'Brasil', NULL, NULL, NULL, NULL, NULL, 0, NULL, NULL),
(22, 'Oficina do Gosto', '(+351) 219442083', NULL, 'Rotunda Nuno Rodrigues dos Santos, Centro Comercial da Portela, loja 33 1º andar', '', 'Portela', 'http://oficinadogosto.com', '', '', 'Portugal', NULL, NULL, NULL, NULL, NULL, 0, NULL, NULL),
(23, 'Schehrasade', '(11) 3667-0786', NULL, 'Rua Baronesa de Itú, 340', 'Higienópolis', 'São Paulo', 'http://www.schehrasade.com.br', '01231-000', 'São Paulo', 'Brasil', NULL, NULL, NULL, NULL, NULL, 0, NULL, NULL),
(24, 'Casa Líbano', '(11) 3313-0289 / (11) 3227-6116', NULL, 'Rua Barão de Ladário, 831', 'Pari', 'São Paulo', 'http://www.casalibano.com.br', '03010-000', 'São Paulo', 'Brasil', NULL, NULL, NULL, NULL, NULL, 0, NULL, NULL),
(25, 'Empório Akkar', '(11) 3228-7188', NULL, 'Rua Comendador Afonso Kherlakian, 165', 'Sé', 'São Paulo', 'http://www.emporioakkar.com.br', '01023-040', 'São Paulo', 'Brasil', NULL, NULL, NULL, NULL, NULL, 0, NULL, NULL),
(26, 'Empório São Jorge', '(11) 3889-8449', NULL, 'Rua Des. Eliseu Guilherme, 322', 'Paraíso', 'São Paulo', '', '04004-030', 'São Paulo', 'Brasil', NULL, NULL, NULL, NULL, NULL, 0, NULL, NULL),
(27, 'Maxifour', '(11) 2799-0000', NULL, 'Rua Julio Ribeiro 66', 'Brás', 'São Paulo', 'http://www.maxifour.com.br', '03010-030', 'São Paulo', 'Brasil', NULL, NULL, NULL, NULL, NULL, 0, NULL, NULL),
(28, 'Saddi Center', '(11) 3885-7755', NULL, 'Rua Guarará, 76', 'Jardim Paulista', 'São Paulo', 'http://saddicenter.com.br', '01425-000', 'São Paulo', 'Brasil', NULL, NULL, NULL, NULL, NULL, 0, NULL, NULL),
(29, 'Açougue Pacaembu', '(11) 3865-7780', NULL, 'Rua Cardoso de Almeida, 1547', 'Perdizes', 'São Paulo', '', '05013-001', 'São Paulo', 'Brasil', NULL, NULL, NULL, NULL, NULL, 0, NULL, NULL),
(30, 'Intermezzo Gourmet', '(11) 3796-6737', NULL, 'Rua Olímpio Portugal, 148', 'Mooca', 'São Paulo', 'http://intermezzogourmet.com.br', '03112-010', 'São Paulo', 'Brasil', NULL, NULL, NULL, NULL, NULL, 0, NULL, NULL),
(31, 'Casa de Carnes Perdizes', '(11) 3864-6340 / 3672-7691', NULL, 'Rua Piracuama, 454', 'Perdizes', 'São Paulo', 'http://www.carnesperdizes.com.br', '05017-040', 'São Paulo', 'Brasil', NULL, NULL, NULL, NULL, NULL, 0, NULL, NULL),
(32, 'Wessel', '(11) 3032-3310 / 3081-8041', NULL, 'Av. Brigadeiro Faria Lima, 2.383', 'Jardim Paulistano', 'São Paulo', 'http://www.wessel.com.br', '01452-000', 'São Paulo', 'Brasil', NULL, NULL, NULL, NULL, NULL, 0, NULL, NULL),
(33, 'Templo da Carne (Bassi)', '(11) 3288-7045 / 3251-1488', NULL, 'Rua Treze de Maio, 668', 'Bela Vista', 'São Paulo', 'http://www.templodacarne.com.br', '01327-000', 'São Paulo', 'Brasil', NULL, NULL, NULL, NULL, NULL, 0, NULL, NULL),
(34, 'Família Orgânica', '(19) 9714-5507 / 9664-0422', NULL, '', '', 'São Paulo', 'http://www.familiaorganica.com.br', '', 'São Paulo', 'Brasil', NULL, NULL, NULL, NULL, NULL, 0, NULL, NULL),
(35, 'Multi-Nox', '(11) 3322-3100', NULL, 'Rua Paula Souza, 113 / 115', 'Centro', 'São Paulo', '', '01027-001', 'São Paulo', 'Brasil', NULL, NULL, NULL, NULL, NULL, 0, NULL, NULL),
(36, 'Central Equipamentos', '(11) 3325-0301', NULL, 'Rua Paula Souza, 198', 'Centro', 'São Paulo', '', '01027-000', 'São Paulo', 'Brasil', NULL, NULL, NULL, NULL, NULL, 0, NULL, NULL),
(37, 'Banri', '(11) 3208-7232', NULL, 'Rua Galvão Bueno, 160', 'Liberdade', 'São Paulo', 'http://www.banri.com.br', '01506-000', 'São Paulo', 'Brasil', NULL, NULL, NULL, NULL, NULL, 0, NULL, NULL),
(38, 'Casa Bueno', '(11) 3277-8901', NULL, 'Rua Galvão Bueno, 48', 'Liberdade', 'São Paulo', 'http://www.casabueno.com.br', '01506-000', 'São Paulo', 'Brasil', NULL, NULL, NULL, NULL, NULL, 0, NULL, NULL),
(39, 'Kaisen', '(11) 3341-6571', NULL, 'Rua Galvão Bueno, 270', 'Liberdade', 'São Paulo', '', '01506-000', 'São Paulo', 'Brasil', NULL, NULL, NULL, NULL, NULL, 0, NULL, NULL),
(40, 'Marukai', '(11) 3207-8202 / (11) 3341-3350', NULL, 'Rua Galvão Bueno, 34', 'Liberdade', 'São Paulo', 'http://www.marukai.com.br', '01506-000', 'São Paulo', 'Brasil', NULL, NULL, NULL, NULL, NULL, 0, NULL, NULL),
(41, 'Mercearia Oriental', '(11) 3209 8830', NULL, 'Rua dos Estudantes, 38', 'Liberdade', 'São Paulo', '', '01505-000', 'São Paulo', 'Brasil', NULL, NULL, NULL, NULL, NULL, 0, NULL, NULL),
(42, 'Tajimaya', '(11) 32773812', NULL, 'Rua Dos Estudantes 48', 'Liberdade', 'São Paulo', '', '01505-000', 'São Paulo', 'Brasil', NULL, NULL, NULL, NULL, NULL, 0, NULL, NULL),
(43, 'Varanda', '(11) 3035-5857', NULL, 'Ponte Cidade Jardim', 'Cidade Jardim', 'São Paulo', 'http://www.varanda.com.br', '', 'São Paulo', 'Brasil', NULL, NULL, NULL, NULL, NULL, 0, NULL, NULL),
(44, 'Tabutins', '(54) 3054-5540 / (51) 4042-2132', NULL, '', '', '', 'http://www.tabutinssementes.com.br', '', 'Rio Grande do Sul', 'Brasil', NULL, NULL, NULL, NULL, NULL, 0, NULL, NULL),
(45, 'Bacalhau Dias', '(11) 3294-3200', NULL, 'Rua Dr. Neto de Araújo, 320 # 709', 'Vila Mariana', 'São Paulo', 'http://www.bacalhaudias.com.br', '04111-000', 'São Paulo', 'Brasil', NULL, NULL, NULL, NULL, NULL, 0, NULL, NULL),
(46, 'Chez Pierre', '(11) 4409-3022 / (11) 8326-9820 / (11) 9614-1818', NULL, '', '', 'Itu', '', '', 'São Paulo', 'Brasil', NULL, NULL, NULL, NULL, NULL, 0, NULL, NULL),
(47, 'Porco Feliz', '(11) 3315-0180', NULL, 'Rua da Cantareira, 306 - rua E, box 26', 'Centro', 'São Paulo', '', '01024-000', '', '', NULL, NULL, NULL, NULL, NULL, 0, NULL, NULL),
(48, 'Sabor de Fazenda', '(11) 2631-4915 / (11) 2955-9400', NULL, 'Av. Nadir Dias de Figueiredo, 395', 'Vila Maria', 'São Paulo', 'http://www.sabordefazenda.com.br', '02110-000', 'São Paulo', 'Brasil', NULL, NULL, NULL, NULL, NULL, 0, NULL, NULL),
(49, 'Laticínio Gioa', '(11) 4412-8940 / 4411-0088', NULL, 'Av. Industrial Walter Kloth, 1061', 'Jardim Imperial', 'Atibaia', 'http://laticiniosgioia.com.br', '12951-200', 'São Paulo', 'Brasil', NULL, NULL, NULL, NULL, NULL, 0, NULL, NULL),
(50, 'Aurora Fine Brands', '(11) 3623-2280', NULL, 'Rua Gomes de Carvalho, 1329 - 7º andar ', 'Vila Olímpia', 'São Paulo', 'http://www.aurora.com.br', '04547-005', 'São Paulo', 'Brasil', NULL, NULL, NULL, NULL, NULL, 0, NULL, NULL),
(51, 'Tosello', '(19) 3832.5505', NULL, 'Rua Rialma, 120', 'Jardim Dall’Orto', 'Sumaré', 'http://www.tosello.com.br', '13178-051', 'São Paulo', 'Brasil', NULL, NULL, NULL, NULL, NULL, 0, NULL, NULL),
(52, 'Pimenta do Jamal', '(11) 3637-0229 / (11) 9996-7726 ', NULL, 'Rua da Consolação, 2710 - CJ 33', 'Jardins', 'São Paulo', 'http://www.pimentadojamal.com.br', '01416-000', 'São Paulo', 'Brasil', NULL, NULL, NULL, NULL, NULL, 0, NULL, NULL),
(53, 'Araruta do Brasil - Pedro Augusto Borges Coni', '', NULL, '', '', 'Recôncavo Baiano', 'contatoararuta@hotmail.com', '', 'Bahia', 'Brasil', NULL, NULL, NULL, NULL, NULL, 0, NULL, NULL),
(54, 'Adalberto e Márcia', '(11) 3812-0553', NULL, 'R. Pedro Cristi, 31-71 - Mercado Municipal de Pinheiros, Boxe 4', 'Pinheiros', 'São Paulo', '', '05421-040', 'São Paulo', 'Brasil', NULL, NULL, NULL, NULL, NULL, 0, NULL, NULL),
(55, 'Agrivert', '(19) 3869-3017 / (19) 3849-7281 / (19) 3849-7307 / (19) 3849-7281  ', NULL, 'Est Velha Para Itatiba, s/n km 9', '', 'Valinhos', 'http://www.agrivert.com.br', '', 'São Paulo', 'Brasil', NULL, NULL, NULL, NULL, NULL, 0, NULL, NULL),
(56, 'Carneiro & Cia', '(11) 3062-5500', NULL, 'Rua Barão de Capanema, 541', 'Jardim Paulista', 'São Paulo', '', '01411-011', 'São Paulo', 'Brasil', NULL, NULL, NULL, NULL, NULL, 0, NULL, NULL),
(57, 'Cogumelos Online', '(11) 4799-7042', NULL, 'Av. Narciso Yague Guimarães, 1250', 'Socorro', 'Mogi das Cruzes', 'http://www.cogumelosonline.com.br', '08780-200', 'São Paulo', 'Brasil', NULL, NULL, NULL, NULL, NULL, 0, NULL, NULL),
(58, 'Hortifruti Natural da Terra', '(11) 3824-0582', NULL, 'Rua Rosa e Silva 163-177', 'Santa Cecília', 'São Paulo', 'http://www.naturaldaterra.com.br', '01230-020', 'São Paulo', 'Brasil', NULL, NULL, NULL, NULL, NULL, 0, NULL, NULL),
(59, 'Agro Comercial Vizinho', '(11) 3311-6495', NULL, 'Rua da Cantareira, 306 - Mercado Municipal de São Paulo, Boxe 15', 'Centro', 'São Paulo', '', '01024-000', 'São Paulo', 'Brasil', NULL, NULL, NULL, NULL, NULL, 0, NULL, NULL),
(60, 'All Food', '(11) 2799-0422', NULL, 'Rua Javari, 219', 'Mooca', 'São Paulo', 'http://www.allfood.com.br', '03112-100', 'São Paulo', 'Brasil', NULL, NULL, NULL, NULL, NULL, 0, NULL, NULL),
(61, 'Casa de Carnes RJ Ltda', '(11) 3813-9631', NULL, 'R. Pedro Cristi, 31-71 - Mercado de Pinheiros, Box 66/67', 'Pinheiros', 'São Paulo', '', '05421-040', 'São Paulo', 'Brasil', NULL, NULL, NULL, NULL, NULL, 0, NULL, NULL),
(62, 'Casa de Carnes GMS Ltda.', '(11) 3032-3629 / (11) 3815-9060', NULL, 'R. Pedro Cristi, 31-71 - Mercado de Pinheiros, Box 57/58', 'Pinheiros', 'São Paulo', '', '05421-040', 'São Paulo', 'Brasil', NULL, NULL, NULL, NULL, NULL, 0, NULL, NULL),
(63, 'Distribuidora de Pescados N. Sra. de Fátima', '(11) 3032-1221 / (11) 3032-0313', NULL, 'R. Pedro Cristi, 31-71 - Mercado de Pinheiros, Boxes 68 a 70', 'Pinheiros', 'São Paulo', 'www.nsrfatima.com.br', '05421-040', 'São Paulo', 'Brasil', NULL, NULL, NULL, NULL, NULL, 0, NULL, NULL),
(64, 'A Senhora das Especiarias', '(35) 3654-1253 / (35) 3654-1310', NULL, 'Estrada Paraisópolis-Gonçalves, km 6', '', 'Gonçalves', 'http://www.asenhoradasespeciarias.com.br', '37680-000', 'Minas Gerais', 'Brasil', NULL, NULL, NULL, NULL, NULL, 0, NULL, NULL),
(65, 'All Kosher', '(11) 3825-1131', NULL, 'Al. Barros, 391 loja 12', 'Santa Cecília', 'São Paulo', '', '01232-001', 'São Paulo', 'Brasil', NULL, NULL, NULL, NULL, NULL, 0, NULL, NULL),
(66, 'Aves e Ovos', '(11) 3815-8445', NULL, 'R. Pedro Cristi, 31-71 - Mercado de Pinheiros, Box 74/75', 'Pinheiros', 'São Paulo', '', '05421-040', 'São Paulo', 'Brasil', NULL, NULL, NULL, NULL, NULL, 0, NULL, NULL),
(67, 'Berna', '(11) 5044-3477', NULL, 'Rua Atílio Biscuola, 999', '', 'Louveira', 'http://www.berna.com.br', '13290-000', 'São Paulo', 'Brasil', NULL, NULL, NULL, NULL, NULL, 0, NULL, NULL),
(68, 'Brasserie Victória', '(11) 3845-8897', NULL, 'Av. Juscelino Kubitschek, 545', 'Itaim Bibi', 'São Paulo', 'www.brasserievictoria.com.br', '04543-010', 'São Paulo', 'Brasil', NULL, NULL, NULL, NULL, NULL, 0, NULL, NULL),
(69, 'Capricoop - Cooperativa SP-MG', '(11) 3266-5965', NULL, 'Rua Rui Barbosa, 95 sala nº 41', 'Bixiga', 'São Paulo', 'http://www.capricoop.com.br', '01326-010', 'São Paulo', 'Brasil', NULL, NULL, NULL, NULL, NULL, 0, NULL, NULL),
(70, 'Carimbó', '(11) 3255-7555', NULL, 'Rua Bela Cintra, 483', 'Consolação', 'São Paulo', '', '01415-000', 'São Paulo', 'Brasil', NULL, NULL, NULL, NULL, NULL, 0, NULL, NULL),
(71, 'Casa das Mandiocas', '(11) 3326-1295', NULL, 'Rua da Cantareira, 306 - Mercado Municipal de São Paulo, Boxe 12', 'Centro', 'São Paulo', 'http://www.mercadokinjo.com.br', '01024-000', 'São Paulo', 'Brasil', NULL, NULL, NULL, NULL, NULL, 0, NULL, NULL),
(72, 'Banca do Santo', '(11) 3326-5428', NULL, 'Rua da Cantareira, 306 - Mercado Municipal de São Paulo, Boxe 50', 'Centro', 'São Paulo', 'http://www.mercadokinjo.com.br', '01024-000', 'São Paulo', 'Brasil', NULL, NULL, NULL, NULL, NULL, 0, NULL, NULL),
(73, 'Banca da Irene', '(11) 3326-1209', NULL, 'Rua da Cantareira, 306 - Mercado Municipal de São Paulo, Boxe 112 / 113', 'Centro', 'São Paulo', 'http://www.mercadokinjo.com.br', '01024-000', 'São Paulo', 'Brasil', NULL, NULL, NULL, NULL, NULL, 0, NULL, NULL),
(74, 'Banca da Batata', '(11) 6952-9348', NULL, 'Rua da Cantareira, 306 - Mercado Municipal de São Paulo, Boxe 74', 'Centro', 'São Paulo', 'http://www.mercadokinjo.com.br', '01024-000', 'São Paulo', 'Brasil', NULL, NULL, NULL, NULL, NULL, 0, NULL, NULL),
(75, 'Bacana Comércio de Frutas', '(11) 3316-1178', NULL, 'Rua da Cantareira, 306 - Mercado Municipal de São Paulo, Boxe 55', 'Centro', 'São Paulo', 'http://www.mercadokinjo.com.br', '01024-000', 'São Paulo', 'Brasil', NULL, NULL, NULL, NULL, NULL, 0, NULL, NULL),
(76, 'Box do \"Seu\" Milton', '(11) 3311-0438', NULL, 'Rua da Cantareira, 306 - Mercado Municipal de São Paulo, Boxe 4', 'Centro', 'São Paulo', 'http://www.mercadokinjo.com.br', '01024-000', 'São Paulo', 'Brasil', NULL, NULL, NULL, NULL, NULL, 0, NULL, NULL),
(77, 'Comércio de Frutas Netti Ltda', '(11) 3227-7172', NULL, 'Rua da Cantareira, 306 - Mercado Municipal de São Paulo, Boxe 29', 'Centro', 'São Paulo', 'http://www.mercadokinjo.com.br', '01024-000', 'São Paulo', 'Brasil', NULL, NULL, NULL, NULL, NULL, 0, NULL, NULL),
(78, 'KL Temperos', '(11) 3311-6226 / (11) 3311-6226 ', NULL, 'Rua da Cantareira, 306 - Mercado Municipal de São Paulo, Boxe 5', 'Centro', 'São Paulo', 'http://www.mercadokinjo.com.br', '01024-000', 'São Paulo', 'Brasil', NULL, NULL, NULL, NULL, NULL, 0, NULL, NULL),
(79, 'Horti-Frutas 29 Sr. Odair', '(11) 3813-9642 / (11) 3813-3194 / (11) 3814-8480', NULL, 'R. Pedro Cristi, 31-71 - Mercado de Pinheiros, Box 29', 'Pinheiros', 'São Paulo', '', '05421-040', 'São Paulo', 'Brasil', NULL, NULL, NULL, NULL, NULL, 0, NULL, NULL),
(80, 'Casa Irmãos Borges', '(11) 3227-7048', NULL, 'Rua da Cantareira, 306 - Mercado Municipal de São Paulo, Boxe 3', 'Centro', 'São Paulo', '', '01024-000', 'São Paulo', 'Brasil', NULL, NULL, NULL, NULL, NULL, 0, NULL, NULL),
(81, 'Cellar', '(011) 5531.2419', NULL, '', '', '', 'http://www.cellar-af.com.br', '', '', '', NULL, NULL, NULL, NULL, NULL, 0, NULL, NULL),
(82, 'Cereais Minúcia', '(11) 3031-6800', NULL, 'R. Pedro Cristi, 31-71 - Mercado de Pinheiros, Box 1', 'Pinheiros', 'São Paulo', '', '05421-040', 'São Paulo', 'Brasil', NULL, NULL, NULL, NULL, NULL, 0, NULL, NULL),
(83, 'CFA Paulielo', '(18) 3622-3883', NULL, 'Alameda Lorena, 1471 - Casa Santa Luzia', 'Jardim Paulista', 'São Paulo', '', '01424-002', 'São Paulo', 'Brasil', NULL, NULL, NULL, NULL, NULL, 0, NULL, NULL),
(84, 'Chitão Comercial', '(11) 2692-3044 / (11) 2692-8925', NULL, 'Rua Joaquim Nabuco, 238', 'Brás', 'São Paulo', 'http://www.produtosnordestinos.com.br', '03050-020', 'São Paulo', 'Brasil', NULL, NULL, NULL, NULL, NULL, 0, NULL, NULL),
(85, 'Coelho Real', '(11) 3081-9317', NULL, 'Rua Capitão Francisco Padilha, 31', 'Jardim Europa', 'São Paulo', 'http://www.coelhoreal.com.br', '01448-070', 'São Paulo', 'Brasil', NULL, NULL, NULL, NULL, NULL, 0, NULL, NULL),
(86, 'Lagostão Comércio e Importação de Pescados Ltda.', '(11) 3719-0186', NULL, 'Av. Rio Pequeno, 179', 'Rio Pequeno', 'São Paulo', 'www.lagostao.com.br', '05379-000', 'São Paulo', 'Brasil', NULL, NULL, NULL, NULL, NULL, 0, NULL, NULL),
(87, 'Comercial de Alimentos Vida', '(11) 6618-2015 / (11) 2692-1806', NULL, 'Rua Paulo Afonso, 71', 'Brás', 'São Paulo', '', '03050-030', 'São Paulo', 'Brasil', NULL, NULL, NULL, NULL, NULL, 0, NULL, NULL),
(88, 'Comércio de Miudos Luigi', '(11) 3228-1809', NULL, 'Rua da Cantareira, 306 - Mercado Municipal de São Paulo, Boxe 28', 'Centro', 'São Paulo', '', '01024-000', 'São Paulo', 'Brasil', NULL, NULL, NULL, NULL, NULL, 0, NULL, NULL),
(89, 'Frigorífico Pacífico', '(11) 3831-6000 / (11) 3831 6942', NULL, 'Rua Dr. Seidel, 300', 'Vila Leopoldina', 'São Paulo', 'http://www.frigorificopacifico.com.br', '05315-000', 'São Paulo', 'Brasil', NULL, NULL, NULL, NULL, NULL, 0, NULL, NULL),
(91, 'Companhia das Ervas', '(11) 4014-7521 / (19) 3869-4101', NULL, 'Rua Felizardo Assis, 260', '', 'Morungaba', 'www.ciadaservas.com.br', '13260-000', 'São Paulo', 'Brasil', NULL, NULL, NULL, NULL, NULL, 0, NULL, NULL),
(92, 'Damm', '0800 55-4412', NULL, '', '', '', 'www.damm.com.br', '', '', '', NULL, NULL, NULL, NULL, NULL, 0, NULL, NULL),
(94, 'Empório Silvestre', '(11) 3082-5388 / (11) 3081-6910', NULL, 'Rua Oscar Freire, 1.607', 'Pinheiros', 'São Paulo', 'http://emporio.tripod.com/emporio.html', '05409-010', 'São Paulo', 'Brasil', NULL, NULL, NULL, NULL, NULL, 0, NULL, NULL),
(95, 'Alcachofra da Silvana', '(11) 3088-7093', NULL, 'Rua Padre João Manuel, 1089', 'Jardins', 'São Paulo', '', '01411-001', 'São Paulo', 'Brasil', NULL, NULL, NULL, NULL, NULL, 0, NULL, NULL),
(96, 'O & G Mercearia', '(11) 3313-8003 ', NULL, 'Rua Três Rios, 245', 'Bom Retiro', 'São Paulo', '', '01123-001', 'São Paulo', 'Brasil', NULL, NULL, NULL, NULL, NULL, 0, NULL, NULL),
(97, 'Cooperostra', '(13) 3851-8339', NULL, 'Rua Pref. Herculado de Oliveira Rosa, 6', '', 'Cananéia', '', '11990-000', 'São Paulo', 'Brasil', NULL, NULL, NULL, NULL, NULL, 0, NULL, NULL),
(98, 'Adega de Saquê', '(11) 3209-3332 / (11) 3207-2330', NULL, 'Rua Galvão Bueno, 387', 'Centro', 'São Paulo', '', '01506-000', 'São Paulo', 'Brasil', NULL, NULL, NULL, NULL, NULL, 0, NULL, NULL),
(99, 'Talchá', '(11) 3823-3744', NULL, 'Avenida Higienópolis, 618 - Shopping Pátio Higienópolis', 'Higienópolis', 'São Paulo', '', '01238-000', 'São Paulo', 'Brasil', NULL, NULL, NULL, NULL, NULL, 0, NULL, NULL),
(101, 'Natural com Arte - Chácara de Orgânicos', '(11) 5084-9697', NULL, 'Rua Rodrigo Vieira, 412', 'Chácara Klabin', 'Embú', '', '04115-060', 'São Paulo', 'Brasil', NULL, NULL, NULL, NULL, NULL, 0, NULL, NULL),
(102, 'Cerrado Carnes de Caça', '(11) 4254-2004', NULL, '', '', '', 'http://www.cerradocarnes.com.br', '', '', '', NULL, NULL, NULL, NULL, NULL, 0, NULL, NULL),
(103, 'La Pescatina', '', NULL, 'M. Cassab Importadora', '', '', '', '', '', '', NULL, NULL, NULL, NULL, NULL, 0, NULL, NULL),
(104, 'Mais Sabor', '(11) 3031-1631 / (11) 3032-9692 / (11) 9550-5966', NULL, 'Rua Pedro Cristi, 31-71 - Mercado de Pinheiros, Boxe 76', 'Pinheiros', 'São Paulo', '', '05421-040', 'São Paulo', 'Brasil', NULL, NULL, NULL, NULL, NULL, 0, NULL, NULL),
(105, 'Empório Guareí', '(11) 3819-4717', NULL, 'Rua Pedro Cristi, 31-71 - Mercado de Pinheiros, Boxes 09/10', 'Pinheiros', 'São Paulo', '', '05421-040', 'São Paulo', 'Brasil', NULL, NULL, NULL, NULL, NULL, 0, NULL, NULL),
(106, 'Empório Syrio', '(11) 3228-3640', NULL, 'Rua Comendador Abdo Schahin, 136', 'Centro', 'São Paulo', 'http://www.emporiosyrio.com.br', '01023-050', 'São Paulo', 'Brasil', NULL, NULL, NULL, NULL, NULL, 0, NULL, NULL),
(107, 'Emporium Santa Madalena', '(11) 3815-2323 / (11) 3031-3973', NULL, 'Rua Fradique Coutinho, 914 a 916', 'Vila Madalena', 'São Paulo', 'http://www.creazione.com.br/site/internet/sites/santa_madalena/frame.html', '05416-001', 'São Paulo', 'Brasil', NULL, NULL, NULL, NULL, NULL, 0, NULL, NULL),
(108, 'Emporium São Paulo', '(11) 3704-3899', NULL, 'Rua Pedroso Alvarenga, 803', 'Vila Nova Conceição', 'São Paulo', 'http://www.emporiumsaopaulo.com.br', '04531-011', 'São Paulo', 'Brasil', NULL, NULL, NULL, NULL, NULL, 0, NULL, NULL),
(109, 'Ervas Finas', '(11) 4039-1054', NULL, 'Casa Santa Luzia, Pão de Açúcar', '', 'Campo Limpo Paulista', 'http://ervasfinasnet.com.br', '', 'São Paulo', 'Brasil', NULL, NULL, NULL, NULL, NULL, 0, NULL, NULL),
(110, 'Estufas J.R.O.', '(15) 9701-9308', NULL, '', '', 'Cerquilho', '', '', 'São Paulo', 'Brasil', NULL, NULL, NULL, NULL, NULL, 0, NULL, NULL),
(112, 'Fazenda Ituaú', '(11) 4027-9018 / (11) 4027-9045', NULL, '(Estrada Velha Km 7) Santa Luzia, Santa Maria, Pão de Açúcar', '', 'Salto / Capivari', 'http://www.fazendaituau.com.br', '', 'São Paulo', 'Brasil', NULL, NULL, NULL, NULL, NULL, 0, NULL, NULL),
(113, 'Fazenda Santa Isabel', '(11) 3168-2474', NULL, '(Estrada de Ivoturucaia s/n) Santa Luzia e Pão de Açúcar Lojas Top', '', 'Jundiaí', 'http://www.fazenda-sta-isabel.com.br', '', 'São Paulo', 'Brasil', NULL, NULL, NULL, NULL, NULL, 0, NULL, NULL),
(114, 'Fazenda Santo Onofre', '(11) 4534-9700 / (11) 9312-0934', NULL, 'Santa Luzia, Santa Maria, Pão de Açúcar Lojas Top', '', 'São Paulo', 'http://fazendasantoonofre.com.br', '', 'São Paulo', 'Brasil', NULL, NULL, NULL, NULL, NULL, 0, NULL, NULL),
(115, 'Freddi Carnes', '(11) 5053-5200', NULL, 'Av. Lavandisca, 665', 'Moema', 'São Paulo', 'http://www.freddicarnes.com.br/', '04515-011', 'São Paulo', 'Brasil', NULL, NULL, NULL, NULL, NULL, 0, NULL, NULL),
(116, 'Frigor Cinque', '(011) 4148 1956', NULL, 'Rua Martiniano Lemos Leite, 30 - Condomínio Trade Hil', 'Vila Jovina', 'Cotia', 'http://frigorcinque.com.br/index.html', '06705-110', 'São Paulo', 'Brasil', NULL, NULL, NULL, NULL, NULL, 0, NULL, NULL),
(117, 'Ganesh', '(11) 5181-4748', NULL, 'Avenida Roque Petroni Júnior, 1089 - Shopping Morumbi', 'Morumbi', 'São Paulo', 'http://www.ganesh.com.br', '04707-000', 'São Paulo', 'Brasil', NULL, NULL, NULL, NULL, NULL, 0, NULL, NULL),
(118, 'Granja Santa Rita (pode entregar em casa - qtd.)', '(13) 3846-6143', NULL, 'Avicola Rolim, Santa Luzia, Santa Maria, Mambo, Varanda', '', 'Santa Rita do Ribeira', '', '', 'São Paulo', 'Brasil', NULL, NULL, NULL, NULL, NULL, 0, NULL, NULL),
(119, 'Avícola Rolim', '(11) 3229-6894 / (11) 3229-6171', NULL, 'Rua da Cantareira, 306 - Mercado Municipal de São Paulo, Box 21', 'Centro', 'São Paulo', 'http://avicolarolim.com.br/default.asp', '01024-000', 'São Paulo', 'Brasil', NULL, NULL, NULL, NULL, NULL, 0, NULL, NULL),
(120, 'Hortifruti Kote', '(11) 5548-1405', NULL, 'Rua Padre José de Anchieta, 953', 'Santo Amaro', 'São Paulo', '', '04742-000', 'São Paulo', 'Brasil', NULL, NULL, NULL, NULL, NULL, 0, NULL, NULL),
(121, 'Il Pianeta', '(11) 3079-3800', NULL, 'Rua Pedroso Alvarenga, 1.203', 'Itaim Bibi', 'São Paulo', 'http://www.ilpianeta.com.br', '04531-012', 'São Paulo', 'Brasil', NULL, NULL, NULL, NULL, NULL, 0, NULL, NULL),
(122, 'Isetan', '(11) 3208-3980', NULL, 'R. dos Estudantes, 48', 'Liberdade', 'São Paulo', 'http://www.restaurantesjaponeses.com.br', '01505-000', 'São Paulo', 'Brasil', NULL, NULL, NULL, NULL, NULL, 0, NULL, NULL),
(123, 'Javalix', '(11) 3865.1474 / (11) 3611-7784', NULL, 'R. Ermelinda Americano, 123 (Santa Luzia, Santa Maria, Pão de Açúcar Lojas Top, Varanda)', 'Perdizes', 'São Paulo', '', '05007-050', 'São Paulo', 'Brasil', NULL, NULL, NULL, NULL, NULL, 0, NULL, NULL),
(125, 'La Bufalina', '(11) 5051-2737', NULL, 'Av. Macuco, 494', 'Moema', 'São Paulo', 'http://www.labufalinadoc.com.br', '04523-001', 'São Paulo', 'Brasil', NULL, NULL, NULL, NULL, NULL, 0, NULL, NULL),
(126, 'Lá de Minas', '(11) 5535-4805', NULL, 'Rua Califórnia, 1.170', 'Brooklin', 'São Paulo', 'http://lademinas.com.br', '04566-062', 'São Paulo', 'Brasil', NULL, NULL, NULL, NULL, NULL, 0, NULL, NULL),
(127, 'La Pastina', '(11) 3383-7477 / (11) 3085-3055', NULL, 'Rua Padre João Manuel, 1269', 'Jardim Paulista', 'São Paulo', 'http://www.worldwine.com.br', '01411-001', 'São Paulo', 'Brasil', NULL, NULL, NULL, NULL, NULL, 0, NULL, NULL),
(128, 'La Reggiana', '(11) 5095-9900 / (11) 5095-5099 / (11) 5543-2099', NULL, 'Av Morumbi 8567', 'Santo Amaro', 'São Paulo', 'http://www.lareggiana.com.br', '04703-004', 'São Paulo', 'Brasil', NULL, NULL, NULL, NULL, NULL, 0, NULL, NULL),
(129, 'Laticínios D\'Oro', '(11) 3032-3536 / (11) 3812-0562', NULL, 'R. Pedro Cristi, 31-71 - Mercado de Pinheiros, Boxes 06/07', 'Pinheiros', 'São Paulo', '', '05421-040', 'São Paulo', 'Brasil', NULL, NULL, NULL, NULL, NULL, 0, NULL, NULL),
(130, 'Laticínios Maria Eugênia / Queijos Roni', '(11) 3228-2097 / (11) 3228-3099', NULL, 'Rua da Cantareira, 306 - Mercado Municipal de São Paulo, Box 2', 'Centro', 'São Paulo', 'http://correiogourmand.com.br/guias_gourmands_06_mercadao_sao_paulo_03_boxes_laticinios.htm', '01024-000', 'São Paulo', 'Brasil', NULL, NULL, NULL, NULL, NULL, 0, NULL, NULL),
(131, 'Lebanon Market Center', '(11) 5052-9849 / (11) 5052-8475', NULL, 'Al. dos Nhambiquaras, 374', 'Indianópolis', 'São Paulo', '', '04090-000', 'São Paulo', 'Brasil', NULL, NULL, NULL, NULL, NULL, 0, NULL, NULL),
(132, 'Lewis Ferraz e José Domingos', '(11) 3731-5961 / (11) 9265-7999', NULL, 'Feira da Vila Madalena na Rua Mourato Coelho (entre as ruas Fradique Coutinho e Wizard)', 'Vila Madalena', 'São Paulo', '', '', 'São Paulo', 'Brasil', NULL, NULL, NULL, NULL, NULL, 0, NULL, NULL),
(133, 'Lousada & Lousada', '(11) 3812-1792', NULL, 'R. Pedro Cristi, 89 - Mercado de Pinheiros, Boxes 31', 'Pinheiros', 'São Paulo', '', '05421-040', 'São Paulo', 'Brasil', NULL, NULL, NULL, NULL, NULL, 0, NULL, NULL),
(134, 'Mario Santoni', '(11) 3283-0442', NULL, 'Rua Joaquim Eugênio de Lima, 209', 'Bela Vista', 'São Paulo', '', '01403-001', 'São Paulo', 'Brasil', NULL, NULL, NULL, NULL, NULL, 0, NULL, NULL),
(135, 'Meeta Ravindra', '(11) 4339-2134 / (11) 4339-1859', NULL, '', '', '', '', '', '', '', NULL, NULL, NULL, NULL, NULL, 0, NULL, NULL),
(136, 'Casa Zilanna', '(11) 3257-8671', NULL, 'Rua Itambé, 506', 'Consolação', 'São Paulo', '', '01239-000', 'São Paulo', 'Brasil', NULL, NULL, NULL, NULL, NULL, 0, NULL, NULL),
(137, 'Mercado Municipal da Lapa', '(11) 3832-1834', NULL, 'Rua Herbart, 47', 'Lapa', 'São Paulo', 'http://mercadodalapa.blogspot.com', '05072-030', 'São Paulo', 'Brasil', NULL, NULL, NULL, NULL, NULL, 0, NULL, NULL),
(138, 'Mercado Municipal Central', '(11) 3228-0673', NULL, 'Rua da Cantareira, 306', 'Centro', 'São Paulo', 'http://www.mercadomunicipal.com.br', '01024-000', 'São Paulo', 'Brasil', NULL, NULL, NULL, NULL, NULL, 0, NULL, NULL),
(139, 'Mercado Municipal de Pinheiros', '(11) 3032-3551 / (11) 3518-9096', NULL, 'Rua Pedro Cristi, 89', 'Pinheiros', 'São Paulo', 'http://www.prefeitura.sp.gov.br', '05421-040', 'São Paulo', 'Brasil', NULL, NULL, NULL, NULL, NULL, 0, NULL, NULL),
(140, 'Mercado Municipal de Santo Amaro', '(11) 5687-2707', NULL, 'Rua Min. Roberto Cardoso Alves, 359', 'Santo Amaro', 'São Paulo', 'http://www.prefeitura.sp.gov.br', '04737-000', 'São Paulo', 'Brasil', NULL, NULL, NULL, NULL, NULL, 0, NULL, NULL),
(141, 'Mercado Municipal Kinjo Yamato', '(11) 3228-0339', NULL, 'Rua da Cantareira, 377', 'Sé', 'São Paulo', '', '01024-100', 'São Paulo', 'Brasil', NULL, NULL, NULL, NULL, NULL, 0, NULL, NULL),
(142, 'Comércio de Pescado Pacífico (Mestiço)', '(11) 3256-2082 / (11) 3256-2399', NULL, 'R. Fernando de Albuquerque, 288', 'Consolação', 'São Paulo', '', '01309-030', 'São Paulo', 'Brasil', NULL, NULL, NULL, NULL, NULL, 0, NULL, NULL),
(143, 'Avental e Cia', '(11)3227-5034 / (11) 3227-8621', NULL, 'Rua Paula Souza, 123', 'Santa Efigênia', 'São Paulo', 'www.aventalecia.com', '01027-001', 'São Paulo', 'Brasil', NULL, NULL, NULL, NULL, NULL, 0, NULL, NULL);

CREATE TABLE `fornecedores_distribuidores` (
  `fornecedor_id` int(11) DEFAULT NULL,
  `distribuidor_id` int(11) DEFAULT NULL
) ENGINE=InnoDB DEFAULT CHARSET=utf8;

CREATE TABLE `fornecedores_ingredientes` (
  `fornecedor_id` int(11) DEFAULT NULL,
  `ingrediente_id` int(11) DEFAULT NULL,
  `custo` float DEFAULT NULL,
  `medida` varchar(50) COLLATE utf8_unicode_ci DEFAULT NULL
) ENGINE=InnoDB DEFAULT CHARSET=utf8 COLLATE=utf8_unicode_ci;

INSERT INTO `fornecedores_ingredientes` (`fornecedor_id`, `ingrediente_id`, `custo`, `medida`) VALUES
(12, 18, NULL, NULL),
(12, 19, NULL, NULL),
(12, 20, NULL, NULL),
(12, 21, NULL, NULL),
(12, 22, NULL, NULL),
(1, 26, NULL, NULL),
(2, 26, NULL, NULL),
(5, 26, NULL, NULL),
(8, 26, NULL, NULL),
(9, 26, NULL, NULL),
(1, 27, NULL, NULL),
(2, 27, NULL, NULL),
(3, 27, NULL, NULL),
(9, 27, NULL, NULL),
(1, 28, NULL, NULL),
(2, 28, NULL, NULL),
(3, 28, NULL, NULL),
(9, 28, NULL, NULL),
(1, 29, NULL, NULL),
(2, 29, NULL, NULL),
(3, 29, NULL, NULL),
(1, 30, NULL, NULL),
(2, 30, NULL, NULL),
(3, 30, NULL, NULL),
(5, 30, NULL, NULL),
(8, 30, NULL, NULL),
(9, 30, NULL, NULL),
(1, 31, NULL, NULL),
(2, 31, NULL, NULL),
(3, 31, NULL, NULL),
(9, 31, NULL, NULL),
(1, 32, NULL, NULL),
(2, 32, NULL, NULL),
(3, 32, NULL, NULL),
(9, 32, NULL, NULL),
(1, 33, NULL, NULL),
(2, 33, NULL, NULL),
(3, 33, NULL, NULL),
(9, 33, NULL, NULL),
(1, 34, NULL, NULL),
(2, 34, NULL, NULL),
(3, 34, NULL, NULL),
(9, 34, NULL, NULL),
(1, 35, NULL, NULL),
(2, 35, NULL, NULL),
(3, 35, NULL, NULL),
(4, 35, NULL, NULL),
(5, 35, NULL, NULL),
(6, 35, NULL, NULL),
(7, 35, NULL, NULL),
(8, 35, NULL, NULL),
(9, 35, NULL, NULL),
(1, 36, NULL, NULL),
(8, 36, NULL, NULL),
(1, 37, NULL, NULL),
(2, 37, NULL, NULL),
(3, 37, NULL, NULL),
(5, 37, NULL, NULL),
(6, 37, NULL, NULL),
(7, 37, NULL, NULL),
(8, 37, NULL, NULL),
(9, 37, NULL, NULL),
(1, 39, NULL, NULL),
(2, 39, NULL, NULL),
(3, 39, NULL, NULL),
(9, 39, NULL, NULL),
(1, 40, NULL, NULL),
(2, 40, NULL, NULL),
(3, 40, NULL, NULL),
(9, 40, NULL, NULL),
(8, 42, NULL, NULL),
(1, 43, NULL, NULL),
(8, 43, NULL, NULL),
(1, 44, NULL, NULL),
(2, 44, NULL, NULL),
(3, 44, NULL, NULL),
(9, 44, NULL, NULL),
(1, 45, NULL, NULL),
(2, 45, NULL, NULL),
(3, 45, NULL, NULL),
(1, 46, NULL, NULL),
(2, 46, NULL, NULL),
(3, 46, NULL, NULL),
(9, 46, NULL, NULL),
(1, 47, NULL, NULL),
(2, 47, NULL, NULL),
(3, 47, NULL, NULL),
(4, 47, NULL, NULL),
(5, 47, NULL, NULL),
(6, 47, NULL, NULL),
(7, 47, NULL, NULL),
(8, 47, NULL, NULL),
(9, 47, NULL, NULL),
(1, 49, NULL, NULL),
(2, 49, NULL, NULL),
(3, 49, NULL, NULL),
(20, 49, NULL, NULL),
(23, 50, NULL, NULL),
(24, 51, NULL, NULL),
(24, 52, NULL, NULL),
(24, 53, NULL, NULL),
(25, 54, NULL, NULL),
(28, 54, NULL, NULL),
(25, 55, NULL, NULL),
(26, 55, NULL, NULL),
(28, 56, NULL, NULL),
(24, 57, NULL, NULL),
(28, 57, NULL, NULL),
(27, 58, NULL, NULL),
(27, 59, NULL, NULL),
(26, 52, NULL, NULL),
(28, 60, NULL, NULL),
(1, 60, NULL, NULL),
(2, 60, NULL, NULL),
(3, 60, NULL, NULL),
(9, 60, NULL, NULL),
(13, 60, NULL, NULL),
(1, 61, NULL, NULL),
(2, 61, NULL, NULL),
(1, 1, NULL, NULL),
(2, 1, NULL, NULL),
(3, 1, NULL, NULL),
(5, 1, NULL, NULL),
(6, 1, NULL, NULL),
(7, 1, NULL, NULL),
(8, 1, NULL, NULL),
(9, 1, NULL, NULL),
(1, 62, NULL, NULL),
(2, 62, NULL, NULL),
(3, 62, NULL, NULL),
(9, 62, NULL, NULL),
(1, 63, NULL, NULL),
(9, 63, NULL, NULL),
(29, 63, NULL, NULL),
(30, 63, NULL, NULL),
(31, 63, NULL, NULL),
(32, 63, NULL, NULL),
(33, 63, NULL, NULL),
(1, 64, NULL, NULL),
(2, 64, NULL, NULL),
(3, 64, NULL, NULL),
(4, 64, NULL, NULL),
(9, 64, NULL, NULL),
(16, 64, NULL, NULL),
(18, 64, NULL, NULL),
(29, 64, NULL, NULL),
(30, 64, NULL, NULL),
(31, 64, NULL, NULL),
(29, 65, NULL, NULL),
(30, 65, NULL, NULL),
(31, 65, NULL, NULL),
(1, 66, NULL, NULL),
(9, 66, NULL, NULL),
(16, 66, NULL, NULL),
(29, 66, NULL, NULL),
(31, 66, NULL, NULL),
(16, 67, NULL, NULL),
(30, 67, NULL, NULL),
(16, 68, NULL, NULL),
(30, 68, NULL, NULL),
(16, 69, NULL, NULL),
(29, 69, NULL, NULL),
(30, 69, NULL, NULL),
(31, 69, NULL, NULL),
(16, 70, NULL, NULL),
(29, 70, NULL, NULL),
(30, 70, NULL, NULL),
(31, 70, NULL, NULL),
(16, 71, NULL, NULL),
(29, 71, NULL, NULL),
(30, 71, NULL, NULL),
(31, 71, NULL, NULL),
(16, 72, NULL, NULL),
(30, 72, NULL, NULL),
(31, 72, NULL, NULL),
(16, 73, NULL, NULL),
(29, 73, NULL, NULL),
(30, 73, NULL, NULL),
(31, 73, NULL, NULL),
(1, 75, NULL, NULL),
(2, 75, NULL, NULL),
(20, 75, NULL, NULL),
(1, 74, NULL, NULL),
(2, 74, NULL, NULL),
(3, 74, NULL, NULL),
(9, 74, NULL, NULL),
(1, 83, NULL, NULL),
(2, 83, NULL, NULL),
(1, 84, NULL, NULL),
(2, 84, NULL, NULL),
(3, 84, NULL, NULL),
(9, 84, NULL, NULL),
(1, 85, NULL, NULL),
(2, 85, NULL, NULL),
(3, 85, NULL, NULL),
(9, 85, NULL, NULL),
(1, 86, NULL, NULL),
(2, 86, NULL, NULL),
(3, 86, NULL, NULL),
(9, 86, NULL, NULL),
(43, 87, NULL, NULL),
(43, 88, NULL, NULL),
(43, 89, NULL, NULL),
(43, 90, NULL, NULL),
(43, 91, NULL, NULL),
(43, 92, NULL, NULL),
(44, 93, NULL, NULL),
(1, 99, NULL, NULL),
(2, 99, NULL, NULL),
(1, 106, NULL, NULL),
(2, 106, NULL, NULL),
(3, 106, NULL, NULL),
(9, 106, NULL, NULL),
(43, 108, NULL, NULL),
(1, 109, NULL, NULL),
(2, 109, NULL, NULL),
(3, 109, NULL, NULL),
(9, 109, NULL, NULL),
(43, 109, NULL, NULL),
(1, 110, NULL, NULL),
(2, 110, NULL, NULL),
(3, 110, NULL, NULL),
(43, 110, NULL, NULL),
(1, 111, NULL, NULL),
(2, 111, NULL, NULL),
(3, 111, NULL, NULL),
(43, 111, NULL, NULL),
(1, 112, NULL, NULL),
(2, 112, NULL, NULL),
(3, 112, NULL, NULL),
(9, 112, NULL, NULL),
(43, 112, NULL, NULL),
(1, 113, NULL, NULL),
(2, 113, NULL, NULL),
(3, 113, NULL, NULL),
(9, 113, NULL, NULL),
(43, 113, NULL, NULL),
(1, 114, NULL, NULL),
(46, 114, NULL, NULL),
(1, 115, NULL, NULL),
(2, 115, NULL, NULL),
(3, 115, NULL, NULL),
(9, 115, NULL, NULL),
(1, 119, NULL, NULL),
(2, 119, NULL, NULL),
(3, 119, NULL, NULL),
(9, 119, NULL, NULL),
(1, 121, NULL, NULL),
(2, 121, NULL, NULL),
(3, 121, NULL, NULL),
(9, 121, NULL, NULL),
(1, 122, NULL, NULL),
(2, 122, NULL, NULL),
(3, 122, NULL, NULL),
(9, 122, NULL, NULL),
(48, 129, NULL, NULL),
(1, 131, NULL, NULL),
(2, 131, NULL, NULL),
(3, 131, NULL, NULL),
(9, 131, NULL, NULL),
(48, 141, NULL, NULL),
(8, 154, NULL, NULL),
(1, 155, NULL, NULL),
(2, 155, NULL, NULL),
(3, 155, NULL, NULL),
(9, 155, NULL, NULL),
(1, 156, NULL, NULL),
(2, 156, NULL, NULL),
(1, 157, NULL, NULL),
(2, 157, NULL, NULL),
(1, 158, NULL, NULL),
(2, 158, NULL, NULL),
(3, 158, NULL, NULL),
(9, 158, NULL, NULL),
(1, 159, NULL, NULL),
(2, 159, NULL, NULL),
(3, 159, NULL, NULL),
(1, 160, NULL, NULL),
(2, 160, NULL, NULL),
(1, 161, NULL, NULL),
(2, 161, NULL, NULL),
(3, 161, NULL, NULL),
(1, 162, NULL, NULL),
(2, 162, NULL, NULL),
(1, 163, NULL, NULL),
(2, 163, NULL, NULL),
(8, 164, NULL, NULL),
(1, 165, NULL, NULL),
(2, 165, NULL, NULL),
(3, 165, NULL, NULL),
(9, 165, NULL, NULL),
(49, 165, NULL, NULL),
(1, 191, NULL, NULL),
(2, 191, NULL, NULL),
(53, 192, NULL, NULL),
(1, 193, NULL, NULL),
(2, 193, NULL, NULL),
(3, 193, NULL, NULL),
(9, 193, NULL, NULL),
(53, 193, NULL, NULL),
(1, 194, NULL, NULL),
(2, 194, NULL, NULL),
(1, 195, NULL, NULL),
(1, 196, NULL, NULL),
(2, 196, NULL, NULL),
(3, 196, NULL, NULL),
(9, 196, NULL, NULL),
(43, 196, NULL, NULL),
(1, 197, NULL, NULL),
(2, 197, NULL, NULL),
(3, 197, NULL, NULL),
(9, 197, NULL, NULL),
(43, 197, NULL, NULL),
(1, 198, NULL, NULL),
(2, 198, NULL, NULL),
(3, 198, NULL, NULL),
(9, 198, NULL, NULL),
(43, 198, NULL, NULL),
(1, 202, NULL, NULL),
(2, 202, NULL, NULL),
(3, 202, NULL, NULL),
(5, 202, NULL, NULL),
(6, 202, NULL, NULL),
(7, 202, NULL, NULL),
(8, 202, NULL, NULL),
(9, 202, NULL, NULL),
(43, 202, NULL, NULL),
(95, 236, NULL, NULL),
(96, 41, NULL, NULL),
(1, 238, NULL, NULL),
(98, 23, NULL, NULL),
(98, 24, NULL, NULL),
(98, 25, NULL, NULL),
(102, 175, NULL, NULL),
(102, 176, NULL, NULL),
(102, 241, NULL, NULL),
(102, 174, NULL, NULL),
(102, 242, NULL, NULL),
(102, 243, NULL, NULL),
(102, 244, NULL, NULL),
(94, 176, NULL, NULL),
(94, 174, NULL, NULL),
(94, 243, NULL, NULL),
(94, 245, NULL, NULL),
(94, 246, NULL, NULL),
(94, 247, NULL, NULL),
(94, 248, NULL, NULL),
(94, 249, NULL, NULL),
(94, 250, NULL, NULL),
(110, 251, NULL, NULL),
(110, 252, NULL, NULL),
(48, 253, NULL, NULL),
(52, 276, NULL, NULL),
(52, 277, NULL, NULL),
(52, 279, NULL, NULL),
(52, 280, NULL, NULL),
(52, 281, NULL, NULL),
(52, 282, NULL, NULL),
(52, 283, NULL, NULL),
(21, 284, NULL, NULL),
(21, 285, NULL, NULL),
(125, 294, NULL, NULL),
(125, 295, NULL, NULL),
(33, 577, NULL, NULL),
(33, 578, NULL, NULL),
(33, 579, 1, 'kg'),
(1, 579, 3, 'm');

CREATE TABLE `fornecedores_site` (
  `id` int(11) NOT NULL,
  `razao_social` varchar(255) COLLATE utf8_unicode_ci DEFAULT NULL,
  `nome_fantasia` varchar(255) COLLATE utf8_unicode_ci DEFAULT NULL,
  `especialidade` varchar(255) COLLATE utf8_unicode_ci DEFAULT NULL,
  `url` varchar(255) COLLATE utf8_unicode_ci DEFAULT NULL,
  `cotacao` varchar(255) COLLATE utf8_unicode_ci DEFAULT NULL,
  `telefone` varchar(255) COLLATE utf8_unicode_ci DEFAULT NULL,
  `endereco` varchar(255) COLLATE utf8_unicode_ci DEFAULT NULL,
  `numero` int(11) DEFAULT NULL,
  `complemento` varchar(255) COLLATE utf8_unicode_ci DEFAULT NULL,
  `bairro` varchar(255) COLLATE utf8_unicode_ci DEFAULT NULL,
  `cidade` varchar(255) COLLATE utf8_unicode_ci DEFAULT NULL,
  `cep` varchar(255) COLLATE utf8_unicode_ci DEFAULT NULL,
  `estado` varchar(255) COLLATE utf8_unicode_ci DEFAULT NULL,
  `pais` varchar(255) COLLATE utf8_unicode_ci DEFAULT NULL,
  `created_at` timestamp NULL DEFAULT NULL,
  `updated_at` timestamp NULL DEFAULT NULL
) ENGINE=InnoDB DEFAULT CHARSET=utf8 COLLATE=utf8_unicode_ci;

INSERT INTO `fornecedores_site` (`id`, `razao_social`, `nome_fantasia`, `especialidade`, `url`, `cotacao`, `telefone`, `endereco`, `numero`, `complemento`, `bairro`, `cidade`, `cep`, `estado`, `pais`, `created_at`, `updated_at`) VALUES
(2, 'Das', 'DAS', 'DASdas', 'DASdas', 'das', 'das', 'DA', NULL, NULL, 'da', 'DA', 'DAS', 'DA', NULL, '2016-12-15 04:39:06', '2016-12-15 04:39:06'),
(3, 'Casa da Maria Joana', 'Casa da Maria Joana', 'Frutaria', 'www.casadamariajoana.com.br', '', '11 996182722', 'Rua Malvinas', 41, '', 'Jardim Guedala', 'São Paulo', '05609-010', 'São Paulo', NULL, '2016-12-15 20:23:45', '2016-12-15 20:23:45'),
(4, 'Casa da Maria Joana', 'Casa da Maria Joana', 'Cozinha', 'www.casadamariajoana.com.br', NULL, '(11) 99618-2722', 'Rua Malvinas', 41, '', 'Jardim Guedala', 'São Paulo', '05609-010', 'São Paulo', NULL, '2016-12-22 17:06:41', '2016-12-22 17:06:41');

CREATE TABLE `fornecedor_especialidades` (
  `id` int(11) NOT NULL,
  `fornecedor_id` int(11) DEFAULT NULL,
  `especialidade_id` int(11) DEFAULT NULL
) ENGINE=InnoDB DEFAULT CHARSET=utf8 COLLATE=utf8_unicode_ci;

INSERT INTO `fornecedor_especialidades` (`id`, `fornecedor_id`, `especialidade_id`) VALUES
(10, 1, 6),
(11, 1, 7),
(12, 1, 9),
(13, 1, 22),
(14, 1, 28),
(15, 1, 33),
(16, 1, 34),
(17, 1, 35),
(18, 1, 39),
(19, 1, 41),
(20, 1, 45),
(21, 1, 3),
(22, 1, 48),
(23, 1, 67),
(24, 1, 69),
(25, 2, 6),
(26, 2, 9),
(27, 2, 13),
(28, 2, 14),
(29, 2, 20),
(30, 2, 22),
(31, 2, 24),
(32, 2, 27),
(33, 2, 28),
(34, 2, 33),
(35, 2, 34),
(36, 2, 35),
(37, 2, 39),
(38, 2, 42),
(39, 2, 48),
(40, 2, 67),
(41, 2, 69),
(42, 2, 74),
(43, 2, 78),
(44, 2, 79),
(45, 2, 88),
(46, 2, 92),
(47, 2, 97),
(48, 2, 96),
(49, 2, 94),
(50, 1, 97),
(51, 1, 96),
(52, 1, 94),
(53, 1, 92),
(54, 1, 88),
(55, 1, 89),
(56, 1, 79),
(57, 1, 78),
(58, 1, 74),
(59, 1, 56),
(60, 1, 64),
(61, 2, 7),
(62, 3, 6),
(63, 3, 7),
(64, 3, 8),
(65, 3, 13),
(66, 3, 16),
(67, 3, 20),
(68, 3, 22),
(69, 3, 24),
(70, 3, 28),
(71, 1, 24),
(72, 3, 33),
(73, 3, 34),
(74, 3, 35),
(75, 3, 39),
(76, 3, 41),
(77, 2, 41),
(78, 2, 43),
(79, 3, 48),
(80, 3, 67),
(81, 3, 69),
(82, 3, 78),
(83, 3, 79),
(84, 3, 88),
(85, 3, 94),
(86, 3, 96),
(87, 3, 97),
(88, 4, 6),
(89, 4, 151),
(90, 4, 152),
(91, 5, 22),
(92, 6, 19),
(93, 6, 20),
(94, 7, 6),
(95, 7, 152),
(96, 7, 151),
(97, 8, 6),
(98, 8, 152),
(99, 9, 7),
(100, 9, 6),
(101, 9, 13),
(102, 9, 16),
(103, 9, 20),
(104, 9, 22),
(105, 9, 24),
(106, 9, 25),
(107, 9, 28),
(108, 9, 32),
(109, 9, 33),
(110, 9, 34),
(111, 9, 39),
(112, 9, 41),
(113, 9, 42),
(114, 9, 50),
(115, 9, 67),
(116, 9, 69),
(117, 9, 78),
(118, 9, 79),
(119, 9, 88),
(120, 9, 89),
(121, 9, 92),
(122, 9, 94),
(123, 9, 95),
(124, 9, 96),
(125, 9, 151),
(126, 9, 152),
(127, 1, 32),
(128, 1, 25),
(129, 2, 25),
(130, 2, 32),
(131, 10, 9),
(132, 10, 33),
(133, 10, 50),
(134, 10, 82),
(135, 10, 94),
(136, 10, 88),
(137, 10, 78),
(138, 11, 9),
(139, 11, 154),
(140, 11, 88),
(141, 11, 153),
(142, 1, 154),
(143, 1, 153),
(144, 2, 153),
(145, 2, 154),
(146, 3, 154),
(147, 11, 78),
(148, 12, 66),
(149, 12, 10),
(150, 12, 155),
(151, 12, 156),
(152, 12, 157),
(153, 13, 64),
(154, 13, 11),
(155, 13, 12),
(156, 13, 13),
(157, 13, 14),
(158, 13, 16),
(159, 13, 17),
(160, 13, 29),
(161, 13, 89),
(162, 13, 88),
(163, 13, 154),
(164, 13, 78),
(165, 13, 79),
(166, 13, 94),
(167, 13, 74),
(168, 14, 24),
(169, 14, 74),
(170, 14, 6),
(171, 15, 158),
(172, 15, 74),
(173, 52, 74),
(174, 52, 158),
(175, 16, 48),
(176, 16, 159),
(177, 17, 67),
(178, 17, 68),
(179, 17, 70),
(180, 17, 160),
(181, 17, 161),
(182, 18, 48),
(183, 18, 39),
(184, 18, 40),
(185, 18, 50),
(186, 19, 33),
(187, 19, 154),
(188, 20, 33),
(189, 20, 154),
(190, 20, 9),
(191, 20, 24),
(192, 20, 74),
(193, 20, 78),
(194, 20, 79),
(195, 20, 64),
(196, 20, 13),
(197, 20, 14),
(198, 20, 88),
(199, 20, 94),
(200, 21, 74),
(201, 22, 82),
(202, 22, 78),
(203, 22, 94),
(204, 22, 74),
(205, 22, 97),
(206, 22, 12),
(207, NULL, 43),
(208, 22, 162),
(209, 22, 57),
(210, 22, 163),
(211, 22, 154),
(212, 23, 53),
(213, 23, 54),
(214, 24, 55),
(215, 25, 12),
(216, 25, 32),
(217, 25, 78),
(218, 25, 97),
(219, 26, 53),
(220, 27, 78),
(221, 27, 74),
(222, 27, 32),
(223, 27, 12),
(224, 27, 97),
(225, 27, 79),
(226, 27, 29),
(227, 27, 164),
(228, 27, 55),
(229, 27, 59),
(230, 28, 78),
(231, 28, 74),
(232, 28, 17),
(233, 28, 164),
(234, 28, 79),
(235, 28, 14),
(236, 28, 29),
(237, 28, 32),
(238, 28, 89),
(239, 28, 12),
(240, 28, 53),
(241, 29, 39),
(242, 30, 39),
(243, 30, 48),
(244, 31, 39),
(245, 31, 48),
(246, 31, 47),
(247, 31, 43),
(248, 31, 45),
(249, 31, 67),
(250, 31, 41),
(251, 32, 39),
(252, 32, 48),
(253, 32, 50),
(254, 33, 48),
(255, 33, 71),
(256, 33, 97),
(257, 33, 41),
(258, 33, 14),
(259, 33, 12),
(260, 34, 6),
(261, 34, 21),
(262, 34, 152),
(263, 34, 33),
(264, 34, 88),
(265, 34, 89),
(266, 34, 74),
(267, 34, 32),
(268, 35, 98),
(269, 36, 98),
(270, 37, 61),
(271, 37, 60),
(272, 37, 23),
(273, 37, 27),
(274, 38, 60),
(275, 38, 32),
(276, 38, 89),
(277, 38, 12),
(278, 38, 88),
(279, 38, 14),
(280, 38, 19),
(281, 38, 79),
(282, 39, 61),
(283, 39, 79),
(284, 40, 8),
(285, 40, 60),
(286, 40, 12),
(287, 41, 61),
(288, 41, 23),
(289, 41, 22),
(290, 41, 79),
(291, 41, 12),
(292, 41, 14),
(293, 42, 61),
(294, 43, 3),
(295, 43, 6),
(296, 43, 7),
(297, 43, 8),
(298, 43, 9),
(299, 43, 10),
(300, 43, 11),
(301, 43, 12),
(302, 43, 13),
(303, 43, 14),
(304, 43, 16),
(305, 43, 17),
(306, 43, 20),
(307, 43, 22),
(308, 43, 24),
(309, 43, 25),
(310, 43, 27),
(311, 43, 28),
(312, 43, 29),
(313, 43, 32),
(314, 43, 33),
(315, 43, 154),
(316, 43, 34),
(317, 43, 35),
(318, 43, 39),
(319, 43, 41),
(320, 43, 42),
(321, 43, 43),
(322, 43, 48),
(323, 43, 50),
(324, 43, 66),
(325, 43, 67),
(326, 43, 69),
(327, 43, 71),
(328, 43, 73),
(329, 43, 74),
(330, 43, 78),
(331, 43, 79),
(332, 43, 88),
(333, 43, 89),
(334, 43, 92),
(335, 43, 94),
(336, 43, 95),
(337, 43, 96),
(338, 43, 97),
(339, 43, 151),
(340, 43, 152),
(341, 43, 153),
(342, 43, 155),
(343, 43, 163),
(344, 43, 164),
(345, 37, 96),
(346, 38, 96),
(347, 39, 96),
(348, 40, 96),
(349, 41, 96),
(350, 42, 96),
(351, 44, 30),
(352, 44, 31),
(353, 143, 98),
(354, 45, 64),
(355, 46, 82),
(356, 46, 43),
(357, 46, 163),
(358, 47, 165),
(359, NULL, 11),
(360, NULL, 19),
(361, 48, 166),
(362, 49, 154),
(363, 50, 9),
(364, 50, 29),
(365, 50, 79),
(366, 50, 14),
(367, 50, 94),
(368, 50, 74),
(369, 50, 58),
(370, 50, 88),
(371, 50, 89),
(372, 50, 78),
(373, 51, 36),
(374, 53, 3),
(375, 53, 85),
(376, 53, 77),
(377, 53, 81),
(378, 54, 81),
(379, 56, 43),
(380, 56, 46),
(381, 56, 47),
(382, 56, 159),
(383, 16, 46),
(384, 16, 165),
(385, 57, 24),
(386, 57, 3),
(387, 55, 43),
(388, 55, 44),
(389, 58, 22),
(390, 58, 28),
(391, 58, 39),
(392, 58, 41),
(393, 58, 43),
(394, 58, 159),
(395, 58, 67),
(396, 58, 68),
(397, 58, 69),
(398, NULL, 48),
(399, NULL, 39),
(400, 59, 24),
(401, 60, 80),
(402, 60, 57),
(403, 60, 58),
(404, 61, 167),
(405, 61, 165),
(406, 61, 48),
(407, 62, 167),
(408, 62, 165),
(409, 62, 48),
(410, 63, 68),
(411, 63, 70),
(412, 63, 51),
(413, 63, 69),
(414, 63, 71),
(415, 65, 56),
(416, 65, 33),
(417, 65, 48),
(418, 65, 71),
(419, 66, 163),
(420, 66, 151),
(421, 66, 165),
(422, 66, 39),
(423, 67, 50),
(424, 67, 48),
(425, 67, 11),
(426, 67, 12),
(427, 68, 87),
(428, 69, 33),
(429, 69, 154),
(430, 70, 52),
(431, 70, 51),
(432, 70, 93),
(433, 70, 81),
(434, 71, 81),
(435, 71, 52),
(436, 71, 85),
(437, 72, 13),
(438, 72, 14),
(439, 72, 158),
(440, 52, 13),
(441, 52, 14),
(442, 73, 22),
(443, 73, 23),
(444, 74, 74),
(445, 74, 75),
(446, 74, 168),
(447, 75, 27),
(448, 75, 28),
(449, 75, 169),
(450, 76, 25),
(451, 76, 22),
(452, 77, 27),
(453, 1, 170),
(454, 2, 170),
(455, 3, 170),
(456, 108, 170),
(457, 108, 6),
(458, 108, 7),
(459, 108, 8),
(460, 108, 9),
(461, 108, 11),
(462, 108, 12),
(463, 108, 13),
(464, 108, 14),
(465, 108, 16),
(466, 108, 17),
(467, 108, 20),
(468, 108, 22),
(469, 108, 24),
(470, 108, 25),
(471, 108, 27),
(472, 108, 28),
(473, 108, 29),
(474, 108, 32),
(475, 108, 33),
(476, 108, 34),
(477, 108, 35),
(478, 108, 39),
(479, 108, 41),
(480, 108, 42),
(481, 108, 43),
(482, 108, 45),
(483, 108, 48),
(484, 108, 50),
(485, 108, 53),
(486, 108, 57),
(487, 108, 58),
(488, 108, 60),
(489, 108, 67),
(490, 108, 68),
(491, 108, 69),
(492, 108, 71),
(493, 108, 73),
(494, 108, 74),
(495, 108, 78),
(496, 108, 79),
(497, 108, 88),
(498, 108, 89),
(499, 108, 92),
(500, 108, 94),
(501, 108, 95),
(502, 108, 96),
(503, 108, 97),
(504, 108, 151),
(505, 108, 152),
(506, 108, 155),
(507, 108, 158),
(508, 108, 160),
(509, 108, 161),
(510, 108, 163),
(511, 108, 165),
(512, 79, 20),
(513, 79, 22),
(514, 79, 24),
(515, 79, 28),
(516, 79, 170),
(517, 80, 29),
(518, 80, 15),
(519, 80, 9),
(520, 80, 64),
(521, 81, 97),
(522, 82, 32),
(523, 82, 81),
(524, 78, 11),
(525, 78, 12),
(526, 78, 13),
(527, 78, 14),
(528, 78, 41),
(529, 78, 172),
(530, 78, 53),
(531, 78, 60),
(532, 78, 63),
(533, 78, 171),
(534, 64, 11),
(535, 64, 12),
(536, 64, 74),
(537, 83, 83),
(538, 83, 84),
(539, 84, 52),
(540, 85, 49),
(541, 86, 67),
(542, 86, 68),
(543, 86, 70),
(544, 86, 173),
(545, 87, 63),
(546, 88, 174),
(547, 89, 67),
(548, 89, 68),
(549, 89, 70),
(550, 89, 72),
(551, 91, 11),
(552, 91, 16),
(553, 91, 13),
(554, 91, 20),
(555, 91, 19),
(556, 91, 74),
(557, 91, 158),
(558, 92, 66),
(559, 92, 10),
(560, 92, 71),
(561, 92, 64),
(562, 92, 155),
(563, 93, 9),
(564, 93, 79),
(565, 93, 88),
(566, 93, 74),
(567, 93, 16),
(568, 93, 17),
(569, 93, 158),
(570, 93, 78),
(571, 93, 94),
(572, 93, 29),
(573, 93, 89),
(574, 13, 9),
(575, 13, 74),
(576, 13, 158),
(577, 94, 45),
(578, 94, 159),
(579, 94, 97),
(580, 94, 74),
(581, 94, 11),
(582, 94, 12),
(583, 94, 13),
(584, 94, 14),
(585, 95, 175),
(586, 96, 76),
(587, 97, 65),
(588, 98, 96),
(589, 99, 79),
(590, 101, 86),
(591, 101, 42),
(592, 101, 74),
(593, 101, 88),
(594, 101, 26),
(595, 101, 6),
(596, 102, 45),
(597, 102, 159),
(598, 103, 176),
(599, 104, 40),
(600, 104, 41),
(601, 104, 43),
(602, 104, 44),
(603, 104, 163),
(604, 104, 49),
(605, 104, 42),
(606, 105, 14),
(607, 105, 13),
(608, 105, 33),
(609, 105, 50),
(610, 105, 74),
(611, 106, 54),
(612, 106, 17),
(613, 106, 27),
(614, 106, 29),
(615, 106, 74),
(616, 106, 32),
(617, 106, 78),
(618, 106, 14),
(619, 106, 13),
(620, 106, 20),
(621, 106, 19),
(622, 106, 89),
(623, 106, 177),
(624, 107, 97),
(625, 107, 78),
(626, 107, 50),
(627, 107, 33),
(628, 107, 74),
(629, 107, 32),
(630, 107, 29),
(631, 107, 16),
(632, 107, 17),
(633, 107, 13),
(634, 107, 14),
(635, 109, 23),
(636, 109, 19),
(637, 109, 20),
(638, 109, 170),
(639, 110, 19),
(640, 110, 20),
(641, 112, 170),
(642, 112, 178),
(643, 114, 6),
(644, 114, 22),
(645, 109, 178),
(646, 72, 178),
(647, 113, 179),
(648, 115, 39),
(649, 115, 48),
(650, 115, 45),
(651, 115, 165),
(652, 115, 49),
(653, 115, 167),
(654, 115, 44),
(655, 115, 41),
(656, 115, 43),
(657, 115, 163),
(658, 115, 172),
(659, 116, 50),
(660, 117, 90),
(661, 118, 180),
(662, 118, 181),
(663, 119, 39),
(664, 119, 48),
(665, 119, 50),
(666, 119, 159),
(667, 119, 165),
(668, 119, 167),
(669, 119, 49),
(670, 119, 41),
(671, 119, 43),
(672, 119, 45),
(673, 119, 181),
(674, 120, 23),
(675, 120, 170),
(676, 121, 9),
(677, 121, 17),
(678, 121, 12),
(679, 121, 14),
(680, 121, 29),
(681, 121, 74),
(682, 121, 32),
(683, 121, 3),
(684, 121, 78),
(685, 121, 97),
(686, 121, 88),
(687, 121, 89),
(688, 121, 33),
(689, 121, 50),
(690, 3, 87),
(691, 123, 182),
(692, 122, 60),
(693, 122, 96),
(694, 122, 14),
(695, 122, 89),
(696, 125, 183),
(697, 125, 33),
(698, 126, 62),
(699, 126, 33),
(700, 126, 88),
(701, 126, 89),
(702, 126, 74),
(703, 127, 9),
(704, 127, 74),
(705, 127, 88),
(706, 127, 89),
(707, 127, 94),
(708, 127, 32),
(709, 127, 78),
(710, 128, 33),
(711, 128, 35),
(712, 128, 50),
(713, 128, 74),
(714, 128, 88),
(715, 128, 89),
(716, 128, 92),
(717, 129, 13),
(718, 129, 14),
(719, 129, 79),
(720, 129, 63),
(721, 129, 64),
(722, 129, 29),
(723, 130, 154),
(724, 131, 53),
(725, 131, 54),
(726, 131, 55),
(727, 132, 184),
(728, 133, 28),
(729, 133, 27),
(730, 133, 24),
(731, 133, 185),
(732, 134, 49),
(733, 135, 186),
(734, 136, 56),
(735, 139, 38),
(736, 141, 37),
(737, 142, 72),
(738, 142, 160),
(739, 142, 161),
(740, 142, 187);

CREATE TABLE `grupos` (
  `id` int(11) NOT NULL,
  `nome` varchar(255) COLLATE utf8_unicode_ci DEFAULT NULL,
  `updated_at` datetime DEFAULT NULL,
  `created_at` datetime DEFAULT NULL
) ENGINE=InnoDB DEFAULT CHARSET=utf8 COLLATE=utf8_unicode_ci;

INSERT INTO `grupos` (`id`, `nome`, `updated_at`, `created_at`) VALUES
(1, 'Ervas Frescas', NULL, NULL),
(2, 'Temperos Secos', NULL, NULL),
(3, 'Mel, Geleias e Cremes', NULL, NULL),
(4, 'Açúcar, Xaropes e Adoçantes', NULL, NULL),
(5, 'Essências e Corantes', NULL, NULL),
(6, 'Condimentos', NULL, NULL),
(7, 'Farinhas e Aditivos', NULL, NULL),
(8, 'Enfeites', NULL, NULL),
(9, 'Mostardas e Pastas', NULL, NULL),
(10, 'Molhos', NULL, NULL),
(11, 'Pickels e Conservas', NULL, NULL),
(12, 'Vinagre', NULL, NULL),
(13, 'Óleos e Gorduras', NULL, NULL),
(14, 'Lacticínios', NULL, NULL),
(15, 'Ovos', NULL, NULL),
(16, 'Folhas', NULL, NULL),
(17, 'Raizes', NULL, NULL),
(18, 'Frutos', NULL, NULL),
(19, 'Temperos Frescos', NULL, NULL),
(20, 'Leguminosas', NULL, NULL),
(21, 'Cogumelos e Fungos', NULL, NULL),
(22, 'Frutas Frescas', NULL, NULL),
(23, 'Frutas Secas e Nozes', NULL, NULL),
(24, 'Grãos Secos e Cereais', NULL, NULL),
(25, 'Massas', NULL, NULL),
(26, 'Pescados', NULL, NULL),
(27, 'Algas e Plantas Aquáticas', NULL, NULL),
(28, 'Ovinos (Ovelhas, Carneiros e Cordeiros)', NULL, NULL),
(29, 'Suínos', NULL, NULL),
(30, 'Bovinos', NULL, NULL),
(31, 'Aves', NULL, NULL),
(32, 'Caças', NULL, NULL),
(33, 'Bebidas', NULL, NULL),
(34, 'Especialidades Locais', NULL, NULL),
(35, 'Caldos', NULL, NULL),
(36, 'Legume Caule ou Rebento', NULL, NULL),
(37, 'Outros', NULL, NULL),
(38, 'teste', '2017-03-09 01:30:25', '2017-03-09 01:30:25');

CREATE TABLE `ingredientes` (
  `id` int(11) NOT NULL,
  `nome` varchar(255) COLLATE utf8_unicode_ci DEFAULT NULL,
  `nome_cientifico` varchar(255) COLLATE utf8_unicode_ci DEFAULT NULL,
  `preco` double DEFAULT NULL,
  `propriedades_nutricionais` varchar(255) COLLATE utf8_unicode_ci DEFAULT NULL,
  `grupo_id` int(11) DEFAULT NULL,
  `descricao` text COLLATE utf8_unicode_ci,
  `beneficios` varchar(255) COLLATE utf8_unicode_ci DEFAULT NULL,
  `qualificacoes` varchar(255) COLLATE utf8_unicode_ci DEFAULT NULL,
  `restricoes` varchar(255) COLLATE utf8_unicode_ci DEFAULT NULL,
  `picture_updated_at` datetime DEFAULT NULL,
  `sazonalidade_inicial` datetime DEFAULT NULL,
  `sazonalidade_final` datetime DEFAULT NULL,
  `image` varchar(255) COLLATE utf8_unicode_ci DEFAULT NULL,
  `historico` text COLLATE utf8_unicode_ci,
  `updated_at` datetime DEFAULT NULL,
  `created_at` datetime DEFAULT NULL
) ENGINE=InnoDB DEFAULT CHARSET=utf8 COLLATE=utf8_unicode_ci;

INSERT INTO `ingredientes` (`id`, `nome`, `nome_cientifico`, `preco`, `propriedades_nutricionais`, `grupo_id`, `descricao`, `beneficios`, `qualificacoes`, `restricoes`, `picture_updated_at`, `sazonalidade_inicial`, `sazonalidade_final`, `image`, `historico`, `updated_at`, `created_at`) VALUES
(1, 'Coentro ou Cilantro ou Salsa Chinesa', NULL, NULL, NULL, 1, '<p>Suas folhas e ra&iacute;zes s&atilde;o usadas no caril verde Tahiland&ecirc;s.</p>\r\n<p>Muito usado na cozinha do Mediterr&acirc;neo, da Am&eacute;rica Latina e da &Aacute;sia.</p>\r\n<p>No Peru ele &eacute; usado para dar frescor e leveza &acirc; comida.</p>\r\n<p>Pode ser usado da seguinte forma:</p>\r\n<ol>\r\n<li><strong>raiz</strong> - tem cheiro quase t&atilde;o potente quanto o das folhas e &eacute; usada na cozinha Tailandesa e indiana, quando macerada com sal para temperar a carne.</li>\r\n<li><strong>broto</strong> - &eacute; o primeiro rebento da semente e tem sabor e aroma ligeiramente mais sutis que os das folhas. Costuma ser usado em saladas e na finaliza&ccedil;&atilde;o de pratos.</li>\r\n<li><strong>folha</strong> - &eacute; o coentro que realmente conhecemos. Tem cheiro e sabor vigorosos e &eacute; muito usada na cozinha Chinesa, Indiana, <span class=\"st\">&Aacute;</span>rabe e Sul-Americana.</li>\r\n<li><strong>flor</strong> - bonita e delicada, ela tem sabor suave e sutil do coentro. Ela &eacute; usada em pestos e para finaliza&ccedil;&atilde;o de pratos.</li>\r\n</ol>', NULL, NULL, NULL, NULL, NULL, NULL, NULL, NULL, NULL, NULL),
(2, 'Azeda', NULL, NULL, NULL, 1, '<p>Principalmente usada em <strong>sopas</strong>, <strong>omeletes</strong>, <strong>molhos para peixes e para aves frias</strong>.</p>\r\n<p>Pode tamb&eacute;m ser <strong>salpicada em batatas cozidas</strong> ou, ainda, ter suas folhas tenras em uma <strong>salada mista</strong>.</p>', NULL, NULL, NULL, NULL, NULL, NULL, NULL, NULL, NULL, NULL),
(3, 'Louro', NULL, NULL, NULL, 1, '<p>Suas folhas podem ser usadas secas ou frescas.</p>\r\n<p>O ch&aacute; das suas folhas &eacute; bom para <strong>problemas com a digest&atilde;o</strong>.</p>\r\n<p>Colocando-se algumas folhas num frasco de conserva com arroz, al&eacute;m de darem gosto ao cereal, ainda <strong>evitam a forma&ccedil;&atilde;o de carunchos</strong>.</p>', NULL, NULL, NULL, NULL, NULL, NULL, NULL, NULL, NULL, NULL),
(4, 'Erva-de-Limão', NULL, NULL, NULL, 1, '<p>As folhas podem ser usadas de v&aacute;rias formas: para impregnar a &aacute;gua em que o <strong>peixe</strong> ou o <strong>frango</strong> &eacute; fervido ou cozido no vapor; na calda para <strong>compota de frutas</strong>; no <em><strong>creme brull&eacute;</strong></em> ou no <strong>creme caramelo</strong>.</p>\r\n<p>Depois de retirar as camadas externas, que s&atilde;o duras, corte apenas os 10 cm da parte inferior do talo e, antes de picar, esmague a parte tenra de dentro.</p>\r\n<p>Muito comum em pratos da &Aacute;sia.</p>', NULL, NULL, NULL, NULL, NULL, NULL, NULL, NULL, NULL, NULL),
(5, 'Funcho ou Anis-Doce ou Erva-Doce ou Finóquio ou Maratro', NULL, NULL, NULL, 1, '<p>Suas folhas picadas podem ser usadas em <strong>saladas</strong> (principalmente na de batatas), com <strong>peixe</strong>, no <strong>molho de macarr&atilde;o</strong> e em <strong>pratos com arroz</strong>. Elas possuem betacaroteno e vitamina C.</p>\r\n<p>Seus ramos podem ser usados, por exemplo, como uma base para se assar um peixe inteiro.</p>\r\n<p>&Eacute; fonte de pot&aacute;ssio, fibras, vitamina C, ferro, c&aacute;lcio e &aacute;cido f&oacute;lico; &Eacute; ideal para quem deseja emagrecer, seu ch&aacute; ajuda em dietas para a <strong>obesidade</strong>.</p>\r\n<p>As sementes do funcho arom&aacute;tico s&atilde;o usadas para o preparo de um ch&aacute; refrescante, que alivia <strong>disten&ccedil;&otilde;es abdominais, gases e problemas intestinais</strong>.</p>\r\n<p>Estimula o leite na <strong>amamenta&ccedil;&atilde;o</strong>; ajuda na <strong>digest&atilde;o</strong> e na preven&ccedil;&atilde;o do <strong>mau h&aacute;lito</strong>; no tratamento de p<strong>edras nos rins</strong>, <strong>gota</strong>, dist&uacute;rbios do <strong>f&iacute;gado</strong> e do <strong>pulm&atilde;o</strong>.</p>', NULL, NULL, NULL, NULL, NULL, NULL, NULL, NULL, NULL, NULL),
(6, 'Estragão Fresco', NULL, NULL, NULL, 1, '<p>&Eacute; usado em <strong>combina&ccedil;&atilde;o de ervas finas</strong>, no <strong>molho <em>b&eacute;arnaise</em></strong>, com <strong>peixes</strong>, <strong>aves</strong>, <strong>mi&uacute;dos</strong> e pratros com <strong>ovos</strong>. Tamb&eacute;m <strong>d&aacute; gosto ao vinagre de vinho branco</strong>.</p>\r\n<p>O estrag&atilde;o franc&ecirc;s tem um sabor mais forte do que o russo.</p>', NULL, NULL, NULL, NULL, NULL, NULL, NULL, NULL, NULL, NULL),
(7, 'Milefólio ou Erva-dos-Carpinteiros ou Mil-Folhas', NULL, NULL, NULL, 1, '<p>&Eacute; usado em saladas mistas.</p>', NULL, NULL, NULL, NULL, NULL, NULL, NULL, NULL, NULL, NULL),
(8, 'Angélica ', NULL, NULL, NULL, 1, '<p>As folhas picadas podem ser usadas em <strong>saladas</strong> e em <strong>frutas guisadas</strong>.</p>\r\n<p>O talo cristalizado pode ser usado em <strong>sobremesas</strong> ou na decora&ccedil;&atilde;o de bolos.</p>\r\n<p>Tanto a folha, quanto o talo e a flor t&ecirc;m sabor doce.</p>\r\n<p>Suas sementes, talos e ra&iacute;zes s&atilde;o usadas para <strong>dar gosto ao licor</strong> chartreuse, ao B&eacute;n&eacute;dictine e ao vermute.</p>\r\n<p>Ela tem <strong>a&ccedil;&atilde;o digestiva e elimina os gases</strong>. Tem tamb&eacute;m a&ccedil;&atilde;o <strong>sedativa</strong>, al&eacute;m de equilibrar o <strong>sistema nervoso</strong>.</p>\r\n<p>Pode ser usada no combate a <strong>enj&ocirc;os</strong> e, com menor intensidade, tem poder <strong>antiinflamat&oacute;rio, diur&eacute;tico e depurativo</strong>.</p>\r\n<p>&nbsp;</p>', NULL, NULL, NULL, NULL, NULL, NULL, NULL, NULL, NULL, NULL),
(9, 'Manjerona', NULL, NULL, NULL, 1, '<p>Para ser usada com carnes, aves, verduras, pratos &aring; base de ovos, sopas, molhos, massas e arroz.</p>\r\n<p>&Eacute; freq&uuml;entemente usada em combina&ccedil;&otilde;es como a Herbes de Provence e o Z&aacute;tar.</p>', NULL, NULL, NULL, NULL, NULL, NULL, NULL, NULL, NULL, NULL),
(10, 'Alfazema', NULL, NULL, NULL, 1, '<p>Antigamente era utilizada, em pequenas quantidades, para temperar carnes e legumes.</p>\r\n<p>O mel de suas flores &eacute; de alta qualidade.</p>\r\n<p>Com parcimonia, suas flores podem ser usadas em bolos, biscoitos, gelatinas e gelados.</p>\r\n<p>Seus talos e flores tamb&eacute;m podem dar sabor ao vinagre.</p>', NULL, NULL, NULL, NULL, NULL, NULL, NULL, NULL, NULL, NULL),
(11, 'Rábano-Picante ou Raiz Forte', NULL, NULL, NULL, 17, '<p>Seu sabor s&oacute; aparece depois que a raiz &eacute; ralada e deve ser usada imediatamente ou misturada ao vinagre, pois pode escurecer, perder o sabor e tornar-se amarga.</p>\r\n<p>Pode ser usado cru, em saladas, em sopas, p&atilde;es, sucos. &Eacute; tamb&eacute;m usado para dar sabor picante a <strong>pat&ecirc;s </strong>e<strong> molhos</strong> que acompanham a carne assada, guisada ou cozida, as salsichas, o frango e o peixe ou peixe defumado.</p>\r\n<p>Suas folhas tamb&eacute;m s&atilde;o comest&iacute;veis.</p>\r\n<p>Sua raiz &eacute; rica em <strong>vitamina C, pot&aacute;ssio, c&aacute;lcio, magn&eacute;sio, f&oacute;sforo e &oacute;leos vol&aacute;teis </strong>com propriedades antibi&oacute;ticas.</p>', NULL, NULL, NULL, NULL, NULL, NULL, NULL, NULL, NULL, NULL),
(12, 'Caril (planta)', NULL, NULL, NULL, 1, '<p>Suas folhas podem ser usadas para cozinhar o arroz, fazer sopas, guisados e vitel.</p>\r\n<p>Podem tamb&eacute;m ser usadas no recheio de carnes de ca&ccedil;a.</p>', NULL, NULL, NULL, NULL, NULL, NULL, NULL, NULL, NULL, NULL),
(13, 'Sanguisorba', NULL, NULL, NULL, 1, '<p>Seu sabor lembra um pouco o do pepino.</p>\r\n<p>Suas hastes podem ser usadas em bebidas, dando um sabor refrescante a elas.</p>\r\n<p>Suas folhas podem ser usadas em saladas, sandu&iacute;ches, salpicadas no cream cheese ou no cottage cheese, no cole slaw e no iogurte.</p>\r\n<p>&nbsp;Pode, ainda, dar sabor a vinagres.</p>', NULL, NULL, NULL, NULL, NULL, NULL, NULL, NULL, NULL, NULL),
(14, 'Manjericão ou Basílico ou Alfavaca', NULL, NULL, NULL, 1, '<p>&Eacute; uma erva que se liga bem ao tomate.</p>\r\n<p>O ch&aacute; de suas folhas tem propriedades t&ocirc;nicas e digestivas.</p>\r\n<p>Para conservar sua cor, seja roxa ou verde, n&atilde;o pique as folhas com a faca, parta-as com as m&atilde;os.</p>', NULL, NULL, NULL, NULL, NULL, NULL, NULL, NULL, NULL, NULL),
(15, 'Ramo de Cheiros Brasileiro', NULL, NULL, NULL, 1, '<p>&Eacute; um amarrado de louro, salsa, tomilho e manjerona, que pode ser usado para se fazer sopas e guisados e &eacute; retirado ao final do preparo.</p>', NULL, NULL, NULL, NULL, NULL, NULL, NULL, NULL, NULL, NULL),
(16, 'Ramo de Cheiros Italiano', NULL, NULL, NULL, 1, '<p>&Eacute; um amarrado de louro, salsa, or&eacute;gano e alho e que &eacute; retirado ao final do preparo.</p>', NULL, NULL, NULL, NULL, NULL, NULL, NULL, NULL, NULL, NULL),
(17, 'Ramo de Cheiros Francês ou Bouquet Garni', NULL, NULL, NULL, 1, '<p>&Eacute; um amarrado de louro, salsa e tomilho, podendo ter ainda alho e gr&atilde;os de pimenta do reino esmagados na hora. Ele &eacute; retirado ao final do preparo.</p>', NULL, NULL, NULL, NULL, NULL, NULL, NULL, NULL, NULL, NULL),
(18, 'Caviar Beluga - Huso Huso', NULL, NULL, NULL, 34, '<p>Ovas do esturj&atilde;o mais raro, s&atilde;o grandes e macias e variam do cinza claro ao cinza profundo.</p>\r\n<p>Tem sabor sutil e refinado.</p>', NULL, NULL, NULL, NULL, NULL, NULL, NULL, NULL, NULL, NULL),
(19, 'Caviar Ossetra - Gueldenstaedttii', NULL, NULL, NULL, 34, '<p>Este caviar &eacute; chamado de \"esturj&atilde;o russo\".</p>', NULL, NULL, NULL, NULL, NULL, NULL, NULL, NULL, NULL, NULL),
(20, 'Caviar Sevruga - Stellatus', NULL, NULL, NULL, 34, '<p>Estas ovas s&atilde;o de tamanho m&eacute;dio e existem em todos os tons de cinza - do mais claro ao mais escuro.</p>\r\n<p>Tem sabor perfeito e equilibrado.</p>', NULL, NULL, NULL, NULL, NULL, NULL, NULL, NULL, NULL, NULL),
(21, 'Caviar Transmontanus - O Alverta', NULL, NULL, NULL, 34, '<p>Seu nome comum &eacute; esturj&atilde;o branco.</p>\r\n<p>Suas ovas t&ecirc;m sabor e tamanho pr&oacute;ximas das ovas do Ossetra.</p>', NULL, NULL, NULL, NULL, NULL, NULL, NULL, NULL, NULL, NULL),
(22, 'Caviar Baeri', NULL, NULL, NULL, 34, '<p>O tamanho e o sabor destas ovas aproximam-se das do Sevruga.</p>', NULL, NULL, NULL, NULL, NULL, NULL, NULL, NULL, NULL, NULL),
(23, 'Saquês Sofisticados (Josen Pink, Onna Nakasse, Maboroshi No Zeami)', NULL, NULL, NULL, 33, '<p>Classifica&ccedil;&atilde;o por Ana Toshimi Kanamura - especialista em saqu&ecirc;s.</p>\r\n<p><strong>Josen Pink</strong> - &eacute; adocicado. Tem um m&ecirc;s a mais de matura&ccedil;&atilde;o. Idealizado para conquistar o paladar feminino.</p>\r\n<p><strong>Onna Nakasse</strong> - superpremium. Suave e muito delicado.</p>\r\n<p><strong>Maboroshi No Zeami</strong> - &eacute; 100% artesanal. &Eacute; uma j&oacute;ia rara (apenas 1.500 garrafas ao ano).</p>', NULL, NULL, NULL, NULL, NULL, NULL, NULL, NULL, NULL, NULL),
(24, 'Saquês Intermediários (Ooyama, Horaisen, Tenzan)', NULL, NULL, NULL, 33, '<p>Classifica&ccedil;&atilde;o por Ana Toshimi Kanamura - especialista em saqu&ecirc;s.</p>\r\n<p><strong>Ooyama</strong> - &eacute; 100% arroz. Especial extraseco. Combina com comidas apimentadas e gordurosas.</p>\r\n<p><strong>Horaisen</strong> - tem adi&ccedil;&atilde;o de &aacute;lcool. &Eacute; especial e levemente seco.</p>\r\n<p><strong>Tenzan</strong> - Extraseco. Combina com comidas apimentadas e gordurosas.</p>', NULL, NULL, NULL, NULL, NULL, NULL, NULL, NULL, NULL, NULL),
(25, 'Saquês para o dia-a-dia (Tengumai, Kyoumaiko, Tozan Premium)', NULL, NULL, NULL, 33, '<p>Classifica&ccedil;&atilde;o por Ana Toshimi Kanamura - especialista em saqu&ecirc;s.</p>\r\n<p><strong>Tengumai</strong> - neutro, nem seco e nem suave.</p>\r\n<p><strong>Kyoumaiko</strong> - seco, pasteurizado apenas uma vez. De sabor suave e aroma discreto.</p>\r\n<p><strong>Tozan Premium</strong> - este saqu&ecirc; &eacute; nacional e tem bom custo-benef&iacute;cio.</p>', NULL, NULL, NULL, NULL, NULL, NULL, NULL, NULL, NULL, NULL),
(26, 'Mandioca ou Mandioca-Mansa ou Mandioca-Doce', NULL, NULL, NULL, 17, '<p>Pode ser branca ou amarela e deve ter a sua cor uniforme, jamais cinza. A polpa deve ser &uacute;mida e a casca deve soltar facilmente.</p>\r\n<p>Pode ser congelada a - 18 graus, por 3 meses, crua - em peda&ccedil;os, dentro de sacos pl&aacute;sticos; ou em forma de pur&ecirc; - em recipientes bem vedados. deve ser descongelada na geladeira.</p>', NULL, NULL, NULL, NULL, NULL, NULL, NULL, NULL, NULL, NULL),
(27, 'Arroz Carnaroli', NULL, NULL, NULL, 24, '<p>&Eacute; um arroz Italiano, cujos gr&atilde;os t&ecirc;m maior concentra&ccedil;&atilde;o de amido e uma textura mais firme do que o arroz arborio, o que proporciona a ele manter melhor a sua forma durante o lento processo de coc&ccedil;&atilde;o de um risotto.</p>\r\n<p>&Eacute; considerado um arroz \"superfino\", o \"rei dentre os pr&oacute;prios para risotto\".</p>', NULL, NULL, NULL, NULL, NULL, NULL, NULL, NULL, NULL, NULL),
(28, 'Arroz Arbóreo', NULL, NULL, NULL, 24, '<p>&Eacute; um arroz Italiano que tem baixo teor de amilose, que &eacute; uma subst&acirc;ncia do amido respons&aacute;vel por  manter os gr&atilde;os soltinhos. Quando cozido, ganha consist&ecirc;ncia pegajosa.</p>\r\n<p>Seu gr&atilde;o &eacute; curto, redondo, firme, cremoso e com sabor pronunciado de amido.</p>\r\n<p>Al&eacute;m de usado em risottos, tamb&eacute;m &eacute; usado para fazer pudim de arroz.</p>', NULL, NULL, NULL, NULL, NULL, NULL, NULL, NULL, NULL, NULL),
(29, 'Arroz Aromático', NULL, NULL, NULL, 24, '<p>Entre as varia&ccedil;&otilde;es mais conhecidas, est&atilde;o o Basmati e o Jasmine. Ambos t&ecirc;m uma mol&eacute;cula que d&aacute; ao gr&atilde;o um sabor natural amanteigado, parecido com o de pipoca de micro-ondas.</p>\r\n<p>Longos e de sabor pronunciado, os gr&atilde;os costumam ser usados em pratos da cozinha asi&aacute;tica.</p>\r\n<p>O Basmati &eacute; proveniente da &Iacute;ndia e do Paquist&atilde;o e &eacute; not&aacute;vel por sua fragr&atilde;ncia e delicado sabor.</p>\r\n<p>Seus gr&atilde;os s&atilde;o compridos e, depois de cozidos, s&atilde;o bem soltinhos.</p>\r\n<p>Existe em duas variedades: o branco e o marrom.</p>', NULL, NULL, NULL, NULL, NULL, NULL, NULL, NULL, NULL, NULL),
(30, 'Repolho Roxo', NULL, NULL, NULL, 16, '<p>O repolho roxo p<span style=\"font-family: Arial;\">ode ser comido cru em saladas, refogado, em sopas, conservas, acompanhamentos, massas ou de muitos outros modos.</span></p>\r\n<p>Braseado, ele vai bem com ma&ccedil;&atilde;s, cebola, nozes, vinho tinto e fica muito bom com porco, pato e salmon.</p>\r\n<p>O chucrute &eacute; uma conserva de repolho fermentado.</p>\r\n<p>Ele &eacute; uma fonte riqu&iacute;ssima de <strong>vitamina C</strong>.</p>\r\n<p>Por ser roxo, <span>tem &oacute;timo efeito <strong>contra o envelhecimento</strong>.</span></p>', NULL, NULL, NULL, NULL, NULL, NULL, NULL, NULL, NULL, NULL),
(31, 'Arroz Branco ou Polido', NULL, NULL, NULL, 24, '<p>Transl&uacute;cido, &eacute; o arroz do dia-a-dia e n&atilde;o &eacute; dos mais nutritivos, pois o farelo que recobre o gr&atilde;o &eacute; retirado na hora do polimento.</p>\r\n<p>Ele &eacute; vers&aacute;til, tem parte de suas defici&ecirc;ncias nutritivas supridas quando misturado ao feij&atilde;o, pois o arroz cont&eacute;m a metionina e o feij&atilde;o, a lisina. Estes dois amino&aacute;cidos, quando misturados, formam uma composi&ccedil;&atilde;o proteica rara entre os vegetais.</p>', NULL, NULL, NULL, NULL, NULL, NULL, NULL, NULL, NULL, NULL),
(32, 'Arroz Integral', NULL, NULL, NULL, 24, '<p>De colora&ccedil;&atilde;o amarelada, este arroz diferentemente do arroz branco, possui o farelo que recobre o gr&atilde;o preservado, o que o torna mais nutritivo.</p>\r\n<p>Ap&oacute;s seu cozimento, ele perde vitaminas, mas mant&eacute;m 90% do orizanol.</p>\r\n<p>Fica muito bom combinado com peixes, assados e legumes, ou ainda, enriquecido com outros gr&atilde;os como gergelim e linha&ccedil;a.</p>', NULL, NULL, NULL, NULL, NULL, NULL, NULL, NULL, NULL, NULL),
(33, 'Arroz Selvagem ou Preto', NULL, NULL, NULL, 24, '<p>Esta &eacute; uma variedade do arroz integral que cont&eacute;m, no farelo que recobre seus gr&atilde;os, flavon&oacute;ides que lhe d&atilde;o sua colora&ccedil;&atilde;o peculiar e propriedades antioxidantes.</p>\r\n<p>Al&eacute;m de ser nutritivo e manter 90% do orizanol como a variedade integral, este arroz ainda mant&eacute;m quatro vezes mais compostos fen&oacute;licos, que tamb&eacute;m s&atilde;o conhecidos pelo poder antioxidante.</p>\r\n<p>Por seu sabor acentuado, fica melhor se usado como ingrediente e n&atilde;o como acompanhamento.</p>\r\n<p>No entanto, se usado como acompanhamento, combina com aves, galetos, codornas e com saladas ex&oacute;ticas de brotos e gr&atilde;os.</p>', NULL, NULL, NULL, NULL, NULL, NULL, NULL, NULL, NULL, NULL),
(34, 'Arroz Vermelho', NULL, NULL, NULL, 24, '<p>O arroz vermelho, assim como o preto, &eacute; integral e tem maior abund&acirc;ncia de flavon&oacute;ides do que&nbsp; o arroz n&atilde;o pigmentado.</p>\r\n<p>Ele &eacute; um alimento saboroso, que possui um sabor amendoado e tem cor ex&oacute;tica.</p>\r\n<p>Pode ser preparado sem &oacute;leo ou gordura e mesmo assim fica soltinho.</p>\r\n<p>Pode ser usado em saladas, risotos (&eacute; um bom substituto para o arroz arb&oacute;reo) e at&eacute; misturado a outros tipos de arrozes.</p>\r\n<p>O preparo do arroz vermelho pode ser feito da mesma maneira que o arroz tradicional, com tempero a gosto.</p>\r\n<p>Ele &eacute; um alimento rico em <strong>ferro, </strong><strong>zinco, </strong><strong>fibras, prote&iacute;nas, vitaminas e sais minerais</strong> e pode auxiliar na <strong>circula&ccedil;&atilde;o sangu&iacute;nea, na digest&atilde;o e nas fun&ccedil;&otilde;es intestinais.</strong></p>\r\n<p>&nbsp;</p>', NULL, NULL, NULL, NULL, NULL, NULL, NULL, NULL, NULL, NULL),
(35, 'Beterraba', NULL, NULL, NULL, 17, '<p>A beterraba tem um sabor de terra pronunciado e que fica ainda mais evidente quando ela &eacute; assada.</p>\r\n<p>Al&eacute;m de assada, ela pode ser cozida no vapor, no microondas ou em &aacute;gua.</p>\r\n<p>Se for preparada com sua casca e um pouco dos talos, fica mais saborosa e sua cor &eacute; mantida ainda mais. A casca sai facilmente depois.</p>\r\n<p>3 - 5&nbsp; beterrabas m&eacute;dias = 1 lb. = 2 x&iacute;caras de beterrabas em cubos.</p>', NULL, NULL, NULL, NULL, NULL, NULL, NULL, NULL, NULL, NULL),
(36, 'Cenoura', NULL, NULL, NULL, 17, '<p>A cenoura, crua ou cozida, &eacute; adocica e colore os pratos. Ela deve ser escolhida pela cor viva e brilhante. Evite as moles, rachadas ou murchas.</p>\r\n<p>Na Primavera deve-se escolher as cenouras novas e com folhagem intacta. Elas n&atilde;o precisam ser descascadas ou raspadas.</p>\r\n<p>Ela &eacute; uma grande fonte de <strong>vitamina A</strong>.</p>\r\n<p>O melhor &eacute; compr&aacute;-la ainda com suas ramas, pois ela &eacute; mais fresca desta forma.</p>\r\n<p>1 cenoura grande = 1 x&iacute;cara de cenoura ralada.</p>', NULL, NULL, NULL, NULL, NULL, NULL, NULL, NULL, NULL, NULL),
(37, 'Aipo', NULL, NULL, NULL, 17, '<p>O aipo pode ser comido cru ou cozido.</p>\r\n<p>&nbsp;</p>', NULL, NULL, NULL, NULL, NULL, NULL, NULL, NULL, NULL, NULL),
(38, 'Cacau', NULL, NULL, NULL, 18, '<p>Sua polpa &eacute; parte essencial do processo de fermenta&ccedil;&atilde;o. Pode ser consumida in natura e em sucos.</p>\r\n<p>O mel de cacau &eacute; a seiva retirada da polpa durante a colheita e &eacute; muito perec&iacute;vel, durando apenas 1 ou 2 dias.</p>\r\n<p>As am&ecirc;ndoas s&atilde;o revestidas pela polpa e precisam ser fermentadas, secas e torradas. T&ecirc;m sabor potente de chocolate amargo depois de torradas.</p>', NULL, NULL, NULL, NULL, NULL, NULL, NULL, NULL, NULL, NULL),
(39, 'Arroz Parboilizado', NULL, NULL, NULL, 24, '<p>No seu processo de beneficiamento, parte das vitaminas e minerais presentes no farelo que recobre o gr&atilde;o, migram para dentro do gr&atilde;o.</p>\r\n<p>Nutricionalmente, este arroz &eacute; um meio-termo entre o arroz polido e o integral.</p>\r\n<p>Por ser neutro, combina com qualquer acompanhamento.</p>\r\n<p>Ele &eacute; mais soltinho e &eacute; f&aacute;cil de preparar.</p>', NULL, NULL, NULL, NULL, NULL, NULL, NULL, NULL, NULL, NULL),
(40, 'Arroz Oriental', NULL, NULL, NULL, 24, '<p>Tem baixo teor de amilose, que &eacute; a subst&acirc;ncia do amido respons&aacute;vel por manter os gr&atilde;os soltinhos, por isso que depois de cozido, tem consist&ecirc;ncia pegajosa.</p>\r\n<p>Combina com pratos da culin&aacute;ria japonesa, como sushis e temakis.</p>\r\n<p>Quanbdo cozido apenas em &aacute;gua, &eacute; chamado de gohan. E se seus gr&atilde;os forem bem escolhidos, este gohan fica bem saboroso.</p>', NULL, NULL, NULL, NULL, NULL, NULL, NULL, NULL, NULL, NULL),
(41, 'Alho Negro', NULL, NULL, NULL, 19, '<p>O alho negro &eacute; uma esp&eacute;cie de alho produzida artesanalmente a partir da sele&ccedil;&atilde;o de cabe&ccedil;as grandes de alho, que s&atilde;o mantidas sob temperatura e umidade controladas por um per&iacute;odo de 35 a 40 dias. Nesse intervalo, a&ccedil;&uacute;cares e amino&aacute;cidos produzem a melanoidina, que &eacute; a subst&acirc;ncia respons&aacute;vel pela mudan&ccedil;a de colora&ccedil;&atilde;o do bulbo.</p>\r\n<p>Sua textura &eacute; macia, tem sabor adocicado, toque c&iacute;trico e gosto semelhante ao de um figo seco.</p>\r\n<p>Ele &eacute; usado em pizzas, pat&ecirc;s, gel&eacute;ias, na aromatiza&ccedil;&atilde;o de azeites e vinagres e no acabamento de pratos como peixe e massas.</p>', NULL, NULL, NULL, NULL, NULL, NULL, NULL, NULL, NULL, NULL),
(42, 'Alho', NULL, NULL, NULL, 19, '<p>O alho &eacute; um bulbo composto por \"dentes\", comest&iacute;vel e usado tanto como tempero como para fins medicinais.</p>\r\n<p>Ele pode ser utilizado de diversas formas: cru, frito, escaldado, refogado, picado, em rodelas, assado, salteado, cozido com ou sem casca etc..</p>\r\n<p>Ele &eacute; bastante usado em molhos, salsas, manteigas, saladas, marinadas, sopas e guisados.</p>\r\n<p>Os povos mediterr&acirc;neos usam-no misturado a tomates e cebolas.</p>\r\n<p>O Alho tem sabor forte e &aacute;cido. Quando cozido, &eacute; bem mais suave do que cru e picado.</p>\r\n<p>Seu h&aacute;lito caracter&iacute;stico e geralmente considerado desagrad&aacute;vel pode ser minimizado se for consumido com salsa fresca.</p>\r\n<p>A cabe&ccedil;a de alho deve ser escolhida quando estiver firme, redonda, sem manchas e com a casca clara e tipo papel.</p>\r\n<p>Quanto menor o bulbo, mais forte seu sabor.</p>\r\n<p>O alho deve ser conservado em local fresco e seco, n&atilde;o deve ir &aring; geladeira.</p>\r\n<p>Ele tem propriedades terap&ecirc;uticas, como por exemplo, baixar o  colesterol do sangue. Tamb&eacute;m ajuda na preven&ccedil;&atilde;o de c&acirc;ncer e derrames e  ajuda na absor&ccedil;&atilde;o de vitaminas. Deve ser armazenado em lugar fresco e seco.</p>', NULL, NULL, NULL, NULL, NULL, NULL, NULL, NULL, NULL, NULL),
(43, 'Pimenta Fresca ou Dedo-de-Moça ou Chifre-de-Veado ou Pimenta Vermelha ou Pimenta Calabresa ou Ají (Peru)', NULL, NULL, NULL, 19, '<p>A Pimenta Dedo-de-Mo&ccedil;a tem pung&ecirc;ncia picante baixa e aroma baixo.</p>\r\n<p>Ela pode ser usada em molhos l&iacute;quidos, conservas e calabresa (desidratado na forma de flocos  com sementes)</p>', NULL, NULL, NULL, NULL, NULL, NULL, NULL, NULL, NULL, NULL),
(44, 'Oleo de Gergelim', NULL, NULL, NULL, 13, '<p>Ele &eacute; de origem Chinesa e empresta sabor.</p>', NULL, NULL, NULL, NULL, NULL, NULL, NULL, NULL, NULL, NULL),
(45, 'Molho de Ostra', NULL, NULL, NULL, 10, '<p>Ele &eacute; Orienta e oferece aroma e textura &acirc;s receitas.</p>', NULL, NULL, NULL, NULL, NULL, NULL, NULL, NULL, NULL, NULL),
(46, 'Molho de Soja', NULL, NULL, NULL, 10, '<p>Ele &eacute; Oriental e &eacute; usado para marinar e temperar.</p>', NULL, NULL, NULL, NULL, NULL, NULL, NULL, NULL, NULL, NULL),
(47, 'Limão', NULL, NULL, NULL, 22, '<p>Ele &eacute; indispens&aacute;vel &acirc; culin&aacute;ria Peruana.</p>', NULL, NULL, NULL, NULL, NULL, NULL, NULL, NULL, NULL, NULL),
(49, 'Água de Flor de Laranjeira', NULL, NULL, NULL, 1, '<p>Delicada e arom&aacute;tica, a ess&ecirc;ncia &eacute; muito usada na do&ccedil;aria Libanesa para fazer caldas e enriquecer pudins, cremes e manjares como o Malabie.</p>\r\n<p>Basta usar uma dose misturada a uma x&iacute;cara de &aacute;gua quente para fazer o caf&eacute; branco &aacute;rabe, que &eacute; um &oacute;timo digestivo.</p>\r\n<p>Uma boa marca: Mechaalany</p>', NULL, NULL, NULL, NULL, NULL, NULL, NULL, NULL, NULL, NULL),
(50, 'Sumac ou Sumagre', NULL, NULL, NULL, 1, '<p>&Eacute; um condimento Liban&ecirc;s, extra&iacute;do da macera&ccedil;&atilde;o do fruto da Rhus Coriaria.</p>\r\n<p>Ele &eacute; um p&oacute; avermelhado e de sabor &aacute;cido. Tem gosto azedo e parecido com o do lim&atilde;o.</p>\r\n<p>&Eacute; usado para temperar saladas, pastas iogurte, carnes grelhadas e azeites.</p>\r\n<p>&nbsp;</p>', NULL, NULL, NULL, NULL, NULL, NULL, NULL, NULL, NULL, NULL),
(51, 'Xarope de Damasco', NULL, NULL, NULL, 4, '', NULL, NULL, NULL, NULL, NULL, NULL, NULL, NULL, NULL, NULL),
(52, 'Miski', NULL, NULL, NULL, 34, '<p>O miski &eacute; uma resina vegetal obtida atrav&eacute;s da perfura&ccedil;&atilde;o da casca da Aroeira (&aacute;rvore da mesma fam&iacute;lia do pistache).</p>\r\n<p>De Denomina&ccedil;&atilde;o de Origem Controlada, &eacute; produzido na Gr&eacute;cia, em Chlos.</p>\r\n<p>Ele pode ser encontrado em envelopes de aproximadamente 3 gramas, em cartelas com 10 unidades ou como &oacute;leo essencial (U$ 650 a garrafa de 200 ml).</p>\r\n<p>Seu aroma &eacute; &uacute;nico, delicado, por&eacute;m marcante. Parece-se com &acirc;mbar ou com figo verde.</p>\r\n<p>Para dar aroma a doces, caldas e sorvetes, ela deve ser esmagada ou triturada.</p>', NULL, NULL, NULL, NULL, NULL, NULL, NULL, NULL, NULL, NULL),
(53, 'Tahine', NULL, NULL, NULL, 34, '<p>O Tahini &eacute; uma pasta feita de sementes de gergelim (s&eacute;samo) muito usada na cozinha do Oriente M&eacute;dio.</p>\r\n<p>Pode ser usado como complemento de muitos pratos &aacute;rabes e tamb&eacute;m em doces.</p>', NULL, NULL, NULL, NULL, NULL, NULL, NULL, NULL, NULL, NULL),
(54, 'Pimenta Sete Espécies', NULL, NULL, NULL, 6, '<p>Esta pimenta &eacute; composta por uma mistura de especiarias mo&iacute;das, cuja receita pode variar de regi&atilde;o para regi&atilde;o.</p>\r\n<p>A da regi&atilde;o da Gardenia, leva pimenta s&iacute;ria, pimenta-do-reino, canela, cravo, noz moscada, coentro e gengibre.</p>', NULL, NULL, NULL, NULL, NULL, NULL, NULL, NULL, NULL, NULL),
(55, 'Cardamomo', NULL, NULL, NULL, 2, '<p>Suas sementes secas, caras, superarom&aacute;ticas e levemente picantes s&atilde;o usadas no L&iacute;bano para perfumar o caf&eacute; e \"temperar\" sopas de iogurte e pratos salgados.</p>', NULL, NULL, NULL, NULL, NULL, NULL, NULL, NULL, NULL, NULL),
(56, 'Folhas de Uva', NULL, NULL, NULL, 16, '<p>As folhas de uva s&atilde;o conservadas em um pote de vidro, fechado, &aring; v&aacute;cuo.</p>\r\n<p>Elas devem ser hidratadas em &aacute;gua fria e depois banhadas em &aacute;gua morna antes de envolver o recheio do charutinho.</p>', NULL, NULL, NULL, NULL, NULL, NULL, NULL, NULL, NULL, NULL),
(57, 'Xarope de Tâmara', NULL, NULL, NULL, 4, '<p>Assim como os xaropes de rosas, de amora ou de tamarindo, o xarope de t&acirc;mara &eacute; usado em pratos e em refrescos com &aacute;gua e gelo.</p>', NULL, NULL, NULL, NULL, NULL, NULL, NULL, NULL, NULL, NULL),
(58, 'Arak', NULL, NULL, NULL, 33, '<p>O Arak &eacute; um destilado de uva aromatizado com anis.</p>\r\n<p>Ele &eacute; servido com &aacute;gua e gelo e ganha uma cor branca leitosa no copo.</p>\r\n<p>Uma boa marca nacional &eacute; a Georges Aubert.</p>', NULL, NULL, NULL, NULL, NULL, NULL, NULL, NULL, NULL, NULL),
(59, 'Pinoli ou Snoubar', NULL, NULL, NULL, 24, '<p>O pinoli &eacute; uma semente de uma &aacute;rvore nativa do Mediterr&acirc;neo.</p>\r\n<p>Fazem a diferen&ccedil;a no recheio de quibes, charutos de uva e doces.</p>', NULL, NULL, NULL, NULL, NULL, NULL, NULL, NULL, NULL, NULL),
(60, 'Pistache', NULL, NULL, NULL, 23, '<p>O pistache &eacute; nativo do sudoeste asi&aacute;tico, de onde se estendeu o cultivo &agrave; regi&atilde;o mediterr&acirc;nica e &agrave; Calif&oacute;rnia.</p>\r\n<p>Suas sementes s&atilde;o consumidas secas, inteiras e salgadas ou frescas.</p>\r\n<p>Podem ser usadas para incrementar receitas como o Baklava e o Knefe, usadas frescas em saladas, em pudins,  conservas de frutas e, por vezes, queijo cottage ou marshmallow.</p>\r\n<p>Ele &eacute; mais rico em <strong>betacaroteno e vitamina E</strong> do que outros tipos de  nozes e, se incorporado &agrave; dieta, <strong>pode diminuir o nivel de colesterol ruim</strong>.</p>', NULL, NULL, NULL, NULL, NULL, NULL, NULL, NULL, NULL, NULL),
(61, 'Favas', NULL, NULL, NULL, 20, '<p>As favas podem ser usadas para se fazer pur&ecirc;s, saladas e podem, ainda, ser servidas como acompanhamento de carnes.</p>\r\n<p>Alguns tipos:</p>\r\n<ol>\r\n<li>Seca - esta &eacute; uma semente grande. Quando cozida, lembra batata doce e castanha portuguesa.</li>\r\n<li>Fresca - s&atilde;o sementes tenras e devem ser lavadas e escaldadas para se retirar a casca. S&atilde;o &oacute;timas em saladas e para acompanhar carnes.</li>\r\n<li>Libanesa - &eacute; uma semente menor e mais dura. Deve ser descascada e bem cozida como o feij&atilde;o, antes de entrar no preparo de sopas e cozidos.</li>\r\n<li>Manteiga - &eacute; um gr&atilde;o usado em favadas, pois ficam cremosas e d&atilde;o um bom caldo.</li>\r\n<li>Rajada - esta fava &eacute; rica em carboidratos e fica muito boa em cozidos, com carnes fortes, com legumes e com embutidos como a lingui&ccedil;a.</li>\r\n</ol>', NULL, NULL, NULL, NULL, NULL, NULL, NULL, NULL, NULL, NULL),
(62, 'Coentro', NULL, NULL, NULL, 6, '<p>As sementes secas do coentro, quando mo&iacute;das, perdem seu aroma caracter&iacute;stico, permanecendo ainda, notas c&iacute;tricas e suaves.</p>\r\n<p><span class=\"st\">&Eacute; </span>indispens&aacute;vel em curries e em masalas.</p>', NULL, NULL, NULL, NULL, NULL, NULL, NULL, NULL, NULL, NULL),
(63, 'Ossobuco', NULL, NULL, NULL, 30, '<p>O osso deste peda&ccedil;o &eacute; ladeado por uma carne musculosa que deve ser cozida, por horas, em fogo baixo, para ficar macia, suculenta, sem desfazer o tutano do osso.</p>', NULL, NULL, NULL, NULL, NULL, NULL, NULL, NULL, NULL, NULL),
(64, 'Pé de Frango', NULL, NULL, NULL, 31, '<p><span class=\"st\">&Eacute; no miolo vermelho do p&eacute; de galinha que fica o tutano.</span></p>\r\n<p><span class=\"st\">Ele deve ser incorporado aos caldos da ave.</span></p>\r\n<p><span class=\"st\">Pode ser marinado, selado e cozido com temperos.<br /></span></p>', NULL, NULL, NULL, NULL, NULL, NULL, NULL, NULL, NULL, NULL),
(65, 'Tutano', NULL, NULL, NULL, 30, '<p><span class=\"st\">O tutano &eacute; retirado da por&ccedil;&atilde;o mediana da panturrilha do boi, pois &eacute; onde existe boa quantidade e tamanho ideal para manejo (vitelas t&ecirc;m menos tutano).</span></p>\r\n<p><span class=\"st\">Ele &eacute; cortado em peda&ccedil;os de 5 cm a 12 cm, limpo e assado sem tempero.</span></p>', NULL, NULL, NULL, NULL, NULL, NULL, NULL, NULL, NULL, NULL),
(66, 'Joelho de Porco', NULL, NULL, NULL, 29, '<p>Na culin&aacute;ria alem&atilde;, o joelho de porco &eacute; o famoso Eisbein.</p>\r\n<p>Tamb&eacute;m &eacute; apreciado pelos orientais.</p>\r\n<p>Depois de lavado, pode ser assado, frito, defumado ou cozido, temperado com p&aacute;prika e pimenta-do-reino.</p>', NULL, NULL, NULL, NULL, NULL, NULL, NULL, NULL, NULL, NULL),
(67, 'Ossobuco de Cordeiro', NULL, NULL, NULL, 28, '<p>Comparado ao ossobuco bovino, o de cordeiro &eacute; menor e a quantidade de tutano tamb&eacute;m &eacute; menor.</p>\r\n<p>H&aacute; um corte deste ossobuco que pode ser feito cozido e regado com um molho de ervas.</p>', NULL, NULL, NULL, NULL, NULL, NULL, NULL, NULL, NULL, NULL),
(68, 'Ossobuco de Cordeiro', NULL, NULL, NULL, 28, '<p>Comparado ao ossobuco bovino, o de cordeiro &eacute; menor e a quantidade de tutano tamb&eacute;m &eacute; menor.</p>\r\n<p>H&aacute; um corte deste ossobuco que pode ser feito cozido e regado com um molho de ervas.</p>', NULL, NULL, NULL, NULL, NULL, NULL, NULL, NULL, NULL, NULL),
(69, 'Mocotó', NULL, NULL, NULL, 30, '<p>Esta parte do boi &eacute; o p&eacute; (ou a m&atilde;o de vaca, como dizem os nordestinos).</p>\r\n<p><span class=\"st\">&Eacute; uma parte cartilaginosa, que quase n&atilde;o tem m&eacute;usculo nem gordura.</span></p>\r\n<p><span class=\"st\">Quando cozido lentamente, libera col&aacute;geno.</span></p>\r\n<p><span class=\"st\">Rende um caldo saboroso e encorpado.</span></p>\r\n<p><span class=\"st\">Pode ser substitu&iacute;do pelo p&eacute; de cordeiro.<br /></span></p>', NULL, NULL, NULL, NULL, NULL, NULL, NULL, NULL, NULL, NULL),
(70, 'Pé de Cordeiro', NULL, NULL, NULL, 28, '<p><span class=\"st\">&Eacute; um bom substituto para o mocot&oacute;, o p&eacute; de boi.</span></p>', NULL, NULL, NULL, NULL, NULL, NULL, NULL, NULL, NULL, NULL),
(71, 'Rabo de Boi', NULL, NULL, NULL, 30, '<p>Os peda&ccedil;os maiores do rabo de boi, que ficam perto da anca, s&atilde;o ideais para se fazer cozidos.</p>\r\n<p>Durante a coc&ccedil;&atilde;o, o col&aacute;geno dos ossos se desprende, dando sabor e textura.</p>\r\n<p>Estes peda&ccedil;os tamb&eacute;m podem ser assados.</p>\r\n<p>A ponta do rabo, que tem ossos menores e menos carne, &eacute; boa para caldos.</p>', NULL, NULL, NULL, NULL, NULL, NULL, NULL, NULL, NULL, NULL),
(72, 'Stinco de Cordeiro ou Ponta de Paleta ou Jarret', NULL, NULL, NULL, 28, '<p>O stinco de cordeiro compreende toda a panturrilha do animal, a canela inteira, e pode chegar a 12 cm de comprimento. Fica logo acima do p&eacute; (mocot&oacute;).</p>\r\n<p>Tem mais carne que o ossobuco (que compreende o osso com o tutano).</p>\r\n<p>O dianteiro tem carne mais dura e exige maior tempo de coc&ccedil;&atilde;o.</p>', NULL, NULL, NULL, NULL, NULL, NULL, NULL, NULL, NULL, NULL),
(73, 'Stinco de Boi ou Paleta', NULL, NULL, NULL, 30, '<p>O stinco de boi (assim como o de cordeiro) compreende toda a panturrilha do animal, a canela inteira, e pode chegar a 12 cm de comprimento. Fica logo acima do p&eacute; (mocot&oacute;).</p>', NULL, NULL, NULL, NULL, NULL, NULL, NULL, NULL, NULL, NULL),
(74, 'Sal de Mesa', NULL, NULL, NULL, 6, '<p>O sal de mesa &eacute; derivado de precipita&ccedil;&atilde;o qu&iacute;mica pela evapora&ccedil;&atilde;o da &aacute;gua.</p>\r\n<p>Ele &eacute; diferente da Flor de Sal, que &eacute; constitu&iacute;da pelos cristais de sal que se formam &agrave; superf&iacute;cie da &aacute;gua, e do sal marinho, que &eacute; obtido por evapora&ccedil;&atilde;o da &aacute;gua do mar.</p>\r\n<p>Para que o alimento seja salgado, &eacute; necess&aacute;rio cobrir toda a sua superf&iacute;cie com o sal de mesa, o que n&atilde;o ocorre com a flor de sal, pois com pouca quantidade, o seu crocante j&aacute; espalha o sabor salgado.</p>', NULL, NULL, NULL, NULL, NULL, NULL, NULL, NULL, NULL, NULL),
(75, 'Flor de Sal ou Coalho', NULL, NULL, NULL, 6, '<p>A flor de sal &eacute; constitu&iacute;da pelos cristais de sal que se formam &agrave; superf&iacute;cie da &aacute;gua, durante a produ&ccedil;&atilde;o do sal marinho.</p>\r\n<p>Ela &eacute; colhida  diariamente e cuidadosamente para n&atilde;o  tocar o fundo.</p>\r\n<p>Seu sabor &eacute; especial e &eacute; rico emoligoelementos e micronutrientes.</p>\r\n<p>Existe no Brasil a Flor de Sal de Mossor&oacute;, que tem sabor e delicadeza, mas seus cristais se desmancham muito rapidamente.</p>', NULL, NULL, NULL, NULL, NULL, NULL, NULL, NULL, NULL, NULL),
(76, 'Chá Maccha', NULL, NULL, NULL, 33, '<p>O Maccha, quando produzido, &eacute; transformado em p&oacute;, o que o deixa mais encorpado. Deve ser conservado cuidadosamente e o seu consumo deve ser r&aacute;pido.</p>\r\n<p>Existem dois tipos de Maccha:</p>\r\n<ul>\r\n<li>o forte, de cor escura e menos amargo</li>\r\n<li>o fraco, que &eacute; amargo e de cor mais clara</li>\r\n</ul>\r\n<p>Deve ser saboreado assim que for preparado, seja quente ou frio. Seu p&oacute; deve ser dilu&iacute;do em &aacute;gua quente e a quantidade do p&oacute; depende do gosto.</p>\r\n<p>Quando tomado logo ap&oacute;s o consumo de um doce, fica mais \"f&aacute;cil\" de tomar.</p>\r\n<p>Este ch&aacute; tamb&eacute;m serve para o preparo de doces e bolos.</p>', NULL, NULL, NULL, NULL, NULL, NULL, NULL, NULL, NULL, NULL),
(78, 'Chá Gyokuro', NULL, NULL, NULL, 33, '<p>O ch&aacute; Gyokuro &eacute; um ch&aacute; de cor mais escura e que tem aroma e sabor doces.</p>\r\n<p>No Jap&atilde;o, ele &eacute; considerado o ch&aacute; de melhor qualidade.</p>\r\n<p>Para prepar&aacute;-lo, use 10 gramas com 60 ml de &aacute;gua a uma temperatura de 50<span class=\"st\">&deg;C</span> a 60<span class=\"st\">&deg;C, por 2 minutos</span>.</p>', NULL, NULL, NULL, NULL, NULL, NULL, NULL, NULL, NULL, NULL),
(79, 'Chá Bancha', NULL, NULL, NULL, 33, '<p>O Bancha, por ser feito com folhas maiores, colhidas no ver&atilde;o e no outono, &eacute; mais amargo e encorpado que as outras variedades de ch&aacute; japoneses.</p>\r\n<p>Ele deixa um sabor refrescante na boca e facilita a digest&atilde;o, principalmente depois do consumo de comidas gordurosas.</p>\r\n<p>No Jap&atilde;o, &eacute; considerado de qualidade inferior.</p>\r\n<p>Para prepar&aacute;-lo, use 15 gramas em 650 ml de &aacute;gua, a uma temperatura de 100<span class=\"st\">&deg;C, por 30 segundos.<br /></span></p>', NULL, NULL, NULL, NULL, NULL, NULL, NULL, NULL, NULL, NULL),
(80, 'Chá Geinmaicha', NULL, NULL, NULL, 33, '<p>O Geinmaicha &eacute; um ch&aacute; feito da mistura de Sencha e/ou Bancha com arroz torrado.</p>\r\n<p>Tem um aroma inconfund&iacute;vel e seu sabor parece com o do ch&aacute; mate.</p>\r\n<p>Bom para acompanhar um lanche r&aacute;pido ou um tira-gosto como o Okaki, japon&ecirc;s, feito de arroz e algas.</p>\r\n<p>Para prepar&aacute;-lo, junte 15 gramas a 650 ml de &aacute;gua a uma temperatura de 100<span class=\"st\">&deg;C, por 30 segundos.<br /></span></p>', NULL, NULL, NULL, NULL, NULL, NULL, NULL, NULL, NULL, NULL),
(81, 'Chá Sencha', NULL, NULL, NULL, 33, '<p>O ch&aacute; Sencha &eacute; o mais consumido no Jap&atilde;o e no Brasil, &eacute; servido nos melhores restaurantes de comida japonesa.</p>\r\n<p>Tem folhas de primeira colheita, novas, de colora&ccedil;&atilde;o verde-clara e viva.</p>\r\n<p>Tem sabor suave e extremamente refrescante. Ele &eacute; um bom acompanhamento para refei&ccedil;&otilde;es, especialmente para alimentos secos e para Senbei (biscoito fino de arroz).</p>\r\n<p>No Brasil, pode ser encontrado com o nome de \"ch&aacute; verde extra\".</p>', NULL, NULL, NULL, NULL, NULL, NULL, NULL, NULL, NULL, NULL),
(82, 'Asari', NULL, NULL, NULL, 26, '<p>Marisco japon&ecirc;s que pode ser substitu&iacute;do no Brasil por v&ocirc;ngole.</p>', NULL, NULL, NULL, NULL, NULL, NULL, NULL, NULL, NULL, NULL),
(83, 'Sêmola de Trigo ou Semolina', NULL, NULL, NULL, 7, '<p>A s&ecirc;mola de trigo &eacute; o resultado da moagem incompleta do trigo.</p>\r\n<p>Tem elevado conte&uacute;do e qualidade de gl&uacute;ten e por isso &eacute;               ideal para elaborar massas de excelente qualidade.</p>\r\n<p>Tamb&eacute;m &eacute; usada para se fazer cuscuz marroquino.</p>\r\n<p>As pr&eacute;-cozidas s&oacute; precisam ser hidratadas.</p>', NULL, NULL, NULL, NULL, NULL, NULL, NULL, NULL, NULL, NULL),
(84, 'Farinha de Mandioca', NULL, NULL, NULL, 7, '<p>A farinha de Mandioca &eacute; fobtida da raiz da mandioca. Os principais tipos s&atilde;o:&nbsp;<br /> &ndash; Farinha d\'&aacute;gua (fermentada)<br /> &ndash;&nbsp;Farinha seca (ralada)&nbsp;<br /> &ndash; Farinha mista</p>\r\n<p>Ela faz dueto com a farinha de milho no cuscuz paulista.</p>', NULL, NULL, NULL, NULL, NULL, NULL, NULL, NULL, NULL, NULL),
(85, 'Farinha de Milho Flocada Branca', NULL, NULL, NULL, 7, '<p>Ela substitui a farinha amarela nas receitas do Nordeste e do Sudeste.</p>', NULL, NULL, NULL, NULL, NULL, NULL, NULL, NULL, NULL, NULL),
(86, 'Farinha de Milho em Flocos Amarela', NULL, NULL, NULL, 7, '<p>no Nordeste, a farinha de milho em flocos amarela &eacute; cozida com sal ou leite de c&ocirc;co. Em S&atilde;o Paulo, &eacute; base do cuscuz paulista.</p>', NULL, NULL, NULL, NULL, NULL, NULL, NULL, NULL, NULL, NULL),
(87, 'Queijo Maasdam', NULL, NULL, NULL, 14, '<p>O queijo Maasdam tem origem Holandesa.</p>\r\n<p>Ele &eacute; formado por buracos grandes e &eacute; ideal para sandu&iacute;ches, aperitivos, pode ser usado para fondues e na prepara&ccedil;&atilde;o de pratos gratinados.</p>', NULL, NULL, NULL, NULL, NULL, NULL, NULL, NULL, NULL, NULL),
(88, 'Queijo Cablanca', NULL, NULL, NULL, 14, '<p>O queijo Cablanca &eacute; produzido na Holanda, com leite de cabra suave e com baixo teor de gordura. Tem um aroma muito gostoso e sabor delicado.</p>\r\n<p>Este queijo &eacute; indicado para saladas e pratos r&aacute;pidos.</p>\r\n<p>Tamb&eacute;m &eacute; uma boa pedida para uma t&aacute;bua de queijos.</p>', NULL, NULL, NULL, NULL, NULL, NULL, NULL, NULL, NULL, NULL),
(89, 'Queijo Serra de Balkis', NULL, NULL, NULL, 14, '<p>O queijo Serra de Balkis &eacute; um queijo brasileiro com um toque de Portugal.</p>\r\n<p>Ele &eacute; curado e de pasta semimole, amanteigado e saboroso.</p>\r\n<p>Tem aroma intenso e paladar suave.</p>\r\n<p>Fica muito bom como recheio de massas.</p>', NULL, NULL, NULL, NULL, NULL, NULL, NULL, NULL, NULL, NULL),
(90, 'Queijo Caciocavallo', NULL, NULL, NULL, 14, '<p>O queijo Caciocavallo &eacute; Italiano, possui a mesma massa e sabor sabor semelhante ao do queijo Provolone, a diferen&ccedil;a &eacute; que este queijo &eacute; preparado com leite magro.</p>\r\n<p>Este &eacute; um queijo pouco gorduroso e de consist&ecirc;ncia dura.</p>', NULL, NULL, NULL, NULL, NULL, NULL, NULL, NULL, NULL, NULL),
(91, 'Queijo Grana Padano', NULL, NULL, NULL, 14, '<p>O queijo Grana Padano &eacute; Italiano, feito com leite de vaca.</p>\r\n<p>Ele tem sabor fresco, frutado e doce. Tamb&eacute;m &eacute; formado por uma casca dura, de cor amarelo forte e textura lisa e grossa.</p>', NULL, NULL, NULL, NULL, NULL, NULL, NULL, NULL, NULL, NULL),
(92, 'Queijo Emmental', NULL, NULL, NULL, 14, '<p>O queijo Emmental &eacute; Su&iacute;&ccedil;o.</p>\r\n<p>Este queijo tem muitos orif&iacute;cios internos e &eacute; o maior de todos os queijos.</p>\r\n<p>Ele tem aroma delicado e textura suave.</p>\r\n<p>Este &eacute; um bom queijo para integrar o fondue ou outros pratos que envolvam queijo derretido.</p>', NULL, NULL, NULL, NULL, NULL, NULL, NULL, NULL, NULL, NULL),
(93, 'Ruibarbo', NULL, NULL, NULL, 17, '<p>O Ruibarbo &eacute; origin&aacute;rio do Sudeste Europeu e tem propriedades digestivas, laxantes e ben&eacute;ficas ao f&iacute;gado. No entanto, desta planta utilizam-se apenas as hastes ou talos, <strong>suas folhas t&ecirc;m  &aacute;cido ox&aacute;lico e s&atilde;o muito t&oacute;xicas quando ingeridas</strong>.&nbsp; Por isso, o aproveitamento do ruibarbo deve ser cauteloso.</p>\r\n<p>O  ch&aacute; das esp&eacute;cies medicinais &eacute; um excelente t&ocirc;nico para o organismo e age  como <strong>purgante</strong>. &Eacute; indicado nas <strong>perturba&ccedil;&otilde;es do est&ocirc;mago </strong>(azias, enj&ocirc;os e  digest&atilde;o dif&iacute;cil) <strong>e do intestino, nos quais atua como estimulante</strong>. No  tratamento da pris&atilde;o de ventre, o ch&aacute; das ra&iacute;zes tem apresentado bons  resultados por seu <strong>efeito laxante</strong>.</p>\r\n<p>Ele &eacute; utilizado para fazer doces: faz-se uma gel&eacute;ia, que pode ser usada em recheios de tortas, bolos, ou na prepara&ccedil;&atilde;o de sufl&ecirc;s e outras sobremesas.</p>\r\n<p>Ele &eacute; da mesma fam&iacute;lia das Azedinhas, tem talos avermelhados e apar&ecirc;ncia igual &aring; do sals&atilde;o. O Ruibarbo &eacute; rico em <strong>fibras, pot&aacute;ssio e vitamina C</strong>.</p>\r\n<p>&nbsp;</p>', NULL, NULL, NULL, NULL, NULL, NULL, NULL, NULL, NULL, NULL),
(95, 'Baru', NULL, NULL, NULL, 23, '<p>O Bar&uacute; &eacute; uma Castanha do Cerrado, produzida org&acirc;nicamente por pequenos produtores.</p>', NULL, NULL, NULL, NULL, NULL, NULL, NULL, NULL, NULL, NULL),
(96, 'Queijo de Leite Cru da Serra do Salitre', NULL, NULL, NULL, 14, '<p>O Queijo de Leite Cru da Serra do Salitre &eacute; produzido de maneira org&acirc;nica por pequenos produtoresem de Minas Gerais.</p>\r\n<p>Gostoso quando usado em saladas.</p>', NULL, NULL, NULL, NULL, NULL, NULL, NULL, NULL, NULL, NULL),
(97, 'Arroz Vermelho do Vale do Piancó', NULL, NULL, NULL, 24, '<p>O Arroz Vermelho do Vale do Pianc&oacute;, na Para&iacute;ba, &eacute; um alimento org&acirc;nico produzido por pequenos produtores.</p>\r\n<p>Gostoso quando usado em saladas.</p>', NULL, NULL, NULL, NULL, NULL, NULL, NULL, NULL, NULL, NULL),
(98, 'Óleo de Linhaça', NULL, NULL, NULL, 13, '<p><span id=\"taw\" style=\"margin-right: 0;\"><span class=\"ac\">&Eacute; aconselh&aacute;vel a ingest&atilde;o de 1/4 a 1/2 de colher de sopa do &oacute;leo de linha&ccedil;a por dia, sobre saladas ou sobre a refei&ccedil;&atilde;o.</span></span></p>', NULL, NULL, NULL, NULL, NULL, NULL, NULL, NULL, NULL, NULL),
(99, 'Linhaça em Grãos Marrom', NULL, NULL, NULL, 24, '<p>A linha&ccedil;a pode ser misturada a sucos, iogurtes, frutas, sobremesas, shakes, leite, sopas, feij&atilde;o, lentilha etc.</p>\r\n<p>Pode ser utilizada como ingrediente de p&atilde;es, bolos, biscoitos.</p>\r\n<p>O gr&atilde;o da linha&ccedil;a deve ser batido no liquidificador para o organismo assimilar melhor as suas propriedades (<strong>&ocirc;mega 3, fibras</strong>).</p>\r\n<p>Para cada kg de farinha, pode-se colocar at&eacute; 2 colheres de medida de linha&ccedil;a.</p>', NULL, NULL, NULL, NULL, NULL, NULL, NULL, NULL, NULL, NULL),
(100, 'Farinha de Linhaça Dourada', NULL, NULL, NULL, 7, '', NULL, NULL, NULL, NULL, NULL, NULL, NULL, NULL, NULL, NULL),
(101, 'Farinha de Linhaça', NULL, NULL, NULL, 7, '', NULL, NULL, NULL, NULL, NULL, NULL, NULL, NULL, NULL, NULL),
(102, 'Soja', NULL, NULL, NULL, 24, '<p>A soja &eacute; usada na preven&ccedil;&atilde;o de c&acirc;ncer, na redu&ccedil;&atilde;o da perda de c&aacute;lcio, na perda de mem&oacute;ria, na regulariza&ccedil;&atilde;o dos n&iacute;veis de glicose no sangue e na preven&ccedil;&atilde;o de doen&ccedil;as cardio-vasculares.</p>', NULL, NULL, NULL, NULL, NULL, NULL, NULL, NULL, NULL, NULL),
(103, 'Castanha do Pará', NULL, NULL, NULL, 23, '<p>A Castanha do Par&aacute; &eacute; rica em gordura monoinsaturada, reduz o colesterol ruim e aumenta o bom.</p>\r\n<p>Ajuda a prevenir doen&ccedil;as cardio-vasculares e &eacute; um poderoso antioxidante.</p>', NULL, NULL, NULL, NULL, NULL, NULL, NULL, NULL, NULL, NULL),
(104, 'Ovo de Ganso', NULL, NULL, NULL, 15, '<p>Livro \"Cooking Ingredients\" de Christine Ingram.</p>', NULL, NULL, NULL, NULL, NULL, NULL, NULL, NULL, NULL, NULL),
(105, 'Ovo de Galinha Pequena ou Bantam', NULL, NULL, NULL, 15, '<p>Livro \"Cooking Ingredients\" de Christine Ingram.</p>', NULL, NULL, NULL, NULL, NULL, NULL, NULL, NULL, NULL, NULL),
(106, 'Ovo de Codorna ou Quail', NULL, NULL, NULL, 15, '<p>Livro \"Cooking Ingredients\" de Christine Ingram.</p>', NULL, NULL, NULL, NULL, NULL, NULL, NULL, NULL, NULL, NULL),
(107, 'Ovo de Pato', NULL, NULL, NULL, 15, '<p>Livro \"Cooking Ingredients\" de Christine Ingram.</p>', NULL, NULL, NULL, NULL, NULL, NULL, NULL, NULL, NULL, NULL),
(108, 'Creme Azedo ou Sour Cream ou Crema', NULL, NULL, NULL, 14, '<p>O creme azedo &eacute; usado principalmente na cozinha europ&eacute;ia e na Am&eacute;rica do Norte. Ele &eacute; usado como condimento.</p>\r\n<p>O<em> Sour Cream </em>&eacute; muito usado em pratos salgados,&nbsp;como&nbsp;um acompanhamento, para dar cremosidade ao prato ou, ainda, para dar um gosto &aacute;cido &agrave; prepara&ccedil;&atilde;o.</p>\r\n<p>Nos Estados Unidos &eacute; usado como cobertura para batatas de forno com cebolinhas.</p>\r\n<p>Ado&ccedil;ado, pode ser misturado a bolos, bolachas salgadas, rosquinhas e frutas. Pode ainda &nbsp;ser usado como pasta para bolos, tortas, biscoitos etc.</p>\r\n<p>Na Am&eacute;rica Central h&aacute; uma varia&ccedil;&atilde;o chamada de <em>crema</em>, que &eacute; um ingrediente b&aacute;sico em um caf&eacute;-da-manh&atilde; completo.</p>\r\n<p>Na cozinha tex mex, &eacute; usado em nachos, burritos, tacos e guacamole. &Eacute; um dos ingredientes mais comuns no strogonoff de carne da cozinha americana.</p>', NULL, NULL, NULL, NULL, NULL, NULL, NULL, NULL, NULL, NULL),
(109, 'Cream Cheese', NULL, NULL, NULL, 14, '<p>O cream cheese tem alta quantidade de creme de leite na sua composi&ccedil;&atilde;o e &eacute; ideal para  uso em tortas salgadas, pat&ecirc;s ou para a produ&ccedil;&atilde;o do cheesecake.</p>\r\n<p>&nbsp;</p>', NULL, NULL, NULL, NULL, NULL, NULL, NULL, NULL, NULL, NULL),
(110, 'Creme de Ricota', NULL, NULL, NULL, 14, '<p>O creme de ricota &eacute; um creme de queijo mais leve, de paladar suave. Ele &eacute; uma op&ccedil;&atilde;o com baixa caloria, muita prote&iacute;na e baixa quantidade de s&oacute;dio.</p>\r\n<p>Ele pode ser consumido ao  natural, ou pode servir como base para pat&ecirc;s, molhos, sopas, ou como  substituto do creme de leite.</p>', NULL, NULL, NULL, NULL, NULL, NULL, NULL, NULL, NULL, NULL);
INSERT INTO `ingredientes` (`id`, `nome`, `nome_cientifico`, `preco`, `propriedades_nutricionais`, `grupo_id`, `descricao`, `beneficios`, `qualificacoes`, `restricoes`, `picture_updated_at`, `sazonalidade_inicial`, `sazonalidade_final`, `image`, `historico`, `updated_at`, `created_at`) VALUES
(111, 'Queijo Processado ou Fundido', NULL, NULL, NULL, 14, '<p>O queijo processado ou fundido <strong></strong>&eacute; uma mistura de  diversos tipos de queijo com &aacute;gua, manteiga ou creme, al&eacute;m de  saborizantes.</p>\r\n<p>Ele &eacute; liso e homog&ecirc;neo e &eacute; muito bom para ser usado em sandu&iacute;ches e como aperitivo.</p>', NULL, NULL, NULL, NULL, NULL, NULL, NULL, NULL, NULL, NULL),
(112, 'Requeijão', NULL, NULL, NULL, 14, '<p>O requeij&atilde;o &eacute; um alimento composto pela massa do queijo misturada com creme de leite e &aacute;gua.</p>\r\n<p>Ele &eacute; mais comum no estado cremoso, mas pode ser encontrado  tamb&eacute;m em corte.</p>\r\n<p>Excelente para lanches e na prepara&ccedil;&atilde;o de recheios e  molhos.</p>', NULL, NULL, NULL, NULL, NULL, NULL, NULL, NULL, NULL, NULL),
(113, 'Catupiry', NULL, NULL, NULL, 14, '<p>O catupiry &eacute; um alimento muito cremoso.</p>\r\n<p>Ele &eacute; ingrediente essencial em v&aacute;rias receitas t&iacute;picas do Brasil, como pizzas e past&eacute;is.</p>', NULL, NULL, NULL, NULL, NULL, NULL, NULL, NULL, NULL, NULL),
(114, 'Gordura de Ganso', NULL, NULL, NULL, 13, '<p>Usada para se fazer o confit.</p>', NULL, NULL, NULL, NULL, NULL, NULL, NULL, NULL, NULL, NULL),
(115, 'Feijão Branco', NULL, NULL, NULL, 20, '<h3><strong>O feij&atilde;o branco &eacute; macio e cremoso.  Para o Edinho Engel, o problema &eacute; a casca. </strong></h3>\r\n<h3><strong>Com atum, ele pode  virar uma&nbsp; salada r&aacute;pida.</strong></h3>\r\n<h3><strong>Se batido com mixer, se transforma em pur&ecirc;.</strong></h3>\r\n<h3><strong>Se amassadinho com garfo, com cebola picada e salsinha, vira pasta para  passar no p&atilde;o.</strong></h3>', NULL, NULL, NULL, NULL, NULL, NULL, NULL, NULL, NULL, NULL),
(116, 'Feijão Verde', NULL, NULL, NULL, 20, '<h3>O feij&atilde;o verde &eacute; primo do feij&atilde;o fradinho, &eacute; do tipo que n&atilde;o d&aacute; caldo e por isso &eacute; &oacute;timo para fazer saladas.</h3>\r\n<h3>Ele tem um gosto vegetal.</h3>', NULL, NULL, NULL, NULL, NULL, NULL, NULL, NULL, NULL, NULL),
(117, 'Feijão Mangalô', NULL, NULL, NULL, 20, '', NULL, NULL, NULL, NULL, NULL, NULL, NULL, NULL, NULL, NULL),
(119, 'Feijão Fradinho', NULL, NULL, NULL, 20, '', NULL, NULL, NULL, NULL, NULL, NULL, NULL, NULL, NULL, NULL),
(120, 'Feijão de Corda', NULL, NULL, NULL, 20, '<p>O feij&atilde;o de corda &eacute; intenso, potente e &eacute; usado para se fazer o bai&atilde;o de dois e o feij&atilde;o tropeiro.</p>', NULL, NULL, NULL, NULL, NULL, NULL, NULL, NULL, NULL, NULL),
(121, 'Feijão Carioquinha', NULL, NULL, NULL, 20, '<p>O feij&atilde;o carioquinha &eacute; o mais usado em S&atilde;o Paulo no dia-a-dia.</p>\r\n<p>Ele se desmancha, tem a casca fina e faz um caldo cremoso.</p>', NULL, NULL, NULL, NULL, NULL, NULL, NULL, NULL, NULL, NULL),
(122, 'Feijão Preto', NULL, NULL, NULL, 20, '<p>O feij&atilde;o preto &eacute; usado no dia-a-dia do carioca.</p>\r\n<p>Ele tamb&eacute;m &eacute; o feij&atilde;o da feijoada.</p>', NULL, NULL, NULL, NULL, NULL, NULL, NULL, NULL, NULL, NULL),
(123, 'Feijão Mulatinho', NULL, NULL, NULL, 20, '<p>O feij&atilde;o mulatinho &eacute; usado no dia-a-dia do Baiano.</p>', NULL, NULL, NULL, NULL, NULL, NULL, NULL, NULL, NULL, NULL),
(124, 'Feijão Badajó', NULL, NULL, NULL, 20, '<p>O feij&atilde;o Badaj&oacute; tem uma cor verde vibrante e tem sabor que sugere maresia, por isso vai bem com pescados.</p>\r\n<p>Ele d&aacute; um bom caldo.</p>\r\n<p><span class=\"st\">&Eacute;</span> encontrado no mercado de Salvador.</p>', NULL, NULL, NULL, NULL, NULL, NULL, NULL, NULL, NULL, NULL),
(125, 'Feijão Enxofre', NULL, NULL, NULL, 20, '<p>O feij&atilde;o enxofre &eacute; proveniente da Bahia.</p>\r\n<p>Ele &eacute; um feij&atilde;o que n&atilde;o tem muito caldo, mas &eacute; rico em aromas. Fica muito bom em feijoadas.</p>\r\n<p>Cresce bastante e fica maior que os outros feij&otilde;es.</p>\r\n<p>&nbsp;</p>', NULL, NULL, NULL, NULL, NULL, NULL, NULL, NULL, NULL, NULL),
(126, 'Feijão Manteiguinha', NULL, NULL, NULL, 20, '<p>O feij&atilde;o manteiguinha &eacute; proveniente do Par&aacute;.</p>\r\n<p>Ele &eacute; miudinho, branquinho e primo do feij&atilde;o fradinho. Ele &eacute; uma variedade adocicada.</p>', NULL, NULL, NULL, NULL, NULL, NULL, NULL, NULL, NULL, NULL),
(127, 'Pirarucu Seco', NULL, NULL, NULL, 26, '<p>O pirarucu &eacute; um peixe de &aacute;gua doce da Bacia Amaz&ocirc;nica.</p>\r\n<p>Pode ser um bom substituto do bacalhau.</p>\r\n<p>Depois de dessalgado, ele pode ser assado, frito, cozido ou ensopado.</p>', NULL, NULL, NULL, NULL, NULL, NULL, NULL, NULL, NULL, NULL),
(128, 'Farinha de Feijão Fradinho', NULL, NULL, NULL, 7, '<p>A farinha de feij&atilde;o fradinho prov&eacute;m da prensagem do feij&atilde;o fradinho e vem da Bahia.</p>\r\n<p>Ela &eacute; usada para se fazer o abar&aacute; e o acaraj&eacute;.</p>', NULL, NULL, NULL, NULL, NULL, NULL, NULL, NULL, NULL, NULL),
(129, 'Hortelã-do-Norte', NULL, NULL, NULL, 1, '<p>A hortel&atilde;-do-norte &eacute; encontrada em todo o Brasil.</p>\r\n<p>Suas folhas t&ecirc;m sabor acentuado e servem para temperar feij&otilde;es, frango, sopas, carnes e pestos.</p>', NULL, NULL, NULL, NULL, NULL, NULL, NULL, NULL, NULL, NULL),
(130, 'Mentruz-Rasteiro', NULL, NULL, NULL, 16, '<p>O mentruz-rasteiro &eacute; uma planta rasteira, perfumada e picante, proveniente do Sul e do Sudeste do Brasil.</p>\r\n<p>Suas folhas lembram a mostarda e o agri&atilde;o.</p>\r\n<p>Fica boa misturada a uma salada de folhas ou acompanhada de batatas.</p>', NULL, NULL, NULL, NULL, NULL, NULL, NULL, NULL, NULL, NULL),
(131, 'Fubá', NULL, NULL, NULL, 7, '<p>O fub&aacute; &eacute; a farinha do milho torrado e mo&iacute;do, mais comumente encontrado no Sert&atilde;o Brasileiro.</p>\r\n<p>Pode ser consumido doce, com a&ccedil;&uacute;car mascavo e banana ou em prepara&ccedil;&otilde;es salgadas, no lugar de outras farinhas.</p>', NULL, NULL, NULL, NULL, NULL, NULL, NULL, NULL, NULL, NULL),
(132, 'Serralha', NULL, NULL, NULL, 16, '<p>A serralha pode quase que ser considerada uma erva \"daninha\", mas &eacute; comest&iacute;vel.</p>\r\n<p>Seu sabor &eacute; amargo e ela &eacute; rica em &oacute;leos essenciais, taninos e subst&acirc;ncias amargas.</p>\r\n<p>Ela &eacute; nativa da Europa, mas pode ser encontrada por toda a parte.</p>', NULL, NULL, NULL, NULL, NULL, NULL, NULL, NULL, NULL, NULL),
(133, 'Beldroega ou Beldroega-Grande ou Bredo', NULL, NULL, NULL, 16, '<p>A beldroega &eacute; uma planta comest&iacute;vel que &eacute; encontrada principalmente na Bahia, mas tamb&eacute;m por todo o pa&iacute;s.</p>\r\n<p>Pode ser usada refogada, em cozidos ou em sopas.</p>', NULL, NULL, NULL, NULL, NULL, NULL, NULL, NULL, NULL, NULL),
(134, 'Vieira Nativa', NULL, NULL, NULL, 26, '<p>A vieira nativa &eacute; um molusco nativo da Costa Brasileira e quase extinta. Existe produ&ccedil;&atilde;o dela na Ilha Grande, no Rio de Janeiro.</p>\r\n<p>Pode ser usada in natura, tratada como suhi, grelhada ou salteada.</p>', NULL, NULL, NULL, NULL, NULL, NULL, NULL, NULL, NULL, NULL),
(135, 'Camarão de Água-Doce (grelhado / cozido)', NULL, NULL, NULL, 26, '<p>O camar&atilde;o de &aacute;gua doce &eacute; um crust&aacute;ceo comum em em rios e lagos que se comunicam com &aacute;guas salobras. Vem do Esp&iacute;rito Santo.</p>\r\n<p>Ele pode ser feito grelhado, em caldos e saladas.</p>\r\n<p>Sua casca pode ser mo&iacute;da at&eacute;&nbsp; virar p&oacute; e poder ser usada em outras prepara&ccedil;&otilde;es.</p>', NULL, NULL, NULL, NULL, NULL, NULL, NULL, NULL, NULL, NULL),
(136, 'Calêndula', NULL, NULL, NULL, 1, '<p>A cal&ecirc;ndula &eacute; uma flor aveludada, com sabor amargo e origin&aacute;ria da Europa, embora tenha variedades que podem ser encontradas em todo o mundo.</p>\r\n<p>Quando frescas, as flores podem ser usadas em saldas e, quando est&atilde;o secas, podem ser usadas em sopas e guisados.</p>\r\n<p>Pode ser usada em molhos ou para aromatizar azeites e manteigas. Tamb&eacute;m colore e d&aacute; sabor a arrozes, peixes, bolos e pudins.</p>\r\n<p>Durante o Imp&eacute;rio Romano, era conhecida como o a&ccedil;afr&atilde;o dos pobres.</p>', NULL, NULL, NULL, NULL, NULL, NULL, NULL, NULL, NULL, NULL),
(137, 'Mel do Mangue', NULL, NULL, NULL, 3, '<p>O mel do mangue &eacute; aquele feito por abelhas nativas que ficam em manguezais de S&atilde;o Miguel dos Milagres, em Alagoas.</p>\r\n<p>Suas notas podem ser tanto florais quanto frutadas.</p>\r\n<p>Ele &eacute; um mel com boa densidade e do&ccedil;ura equilibrada, o que o faz ser adequado para uso em caldos e molhos.</p>', NULL, NULL, NULL, NULL, NULL, NULL, NULL, NULL, NULL, NULL),
(138, 'Maçunim', NULL, NULL, NULL, 26, '<p>O ma&ccedil;unim &eacute; um molusco primo do mexilh&atilde;o e que est&aacute; em toda a Costa Brasileira at&eacute; o Mar do Caribe.</p>\r\n<p>Ele vai bem na moqueca e tambeem &eacute; usado em recheios.</p>\r\n<p>Fica muito bom com leite de c&ocirc;co.</p>', NULL, NULL, NULL, NULL, NULL, NULL, NULL, NULL, NULL, NULL),
(139, 'Feijão Andu', NULL, NULL, NULL, 20, '<p>O feij&atilde;o andu &eacute; um tipo de feij&atilde;o que costuma ser vendido j&aacute; de molho, dentro d\'&aacute;gua, pois devido &aring; acidez dos seus gr&atilde;os, deve ser fervido e trocado de &aacute;gua tr&ecirc;s vezes, como a mandioca.</p>\r\n<p>Fica bom se cozido com aves.</p>', NULL, NULL, NULL, NULL, NULL, NULL, NULL, NULL, NULL, NULL),
(140, 'Espino', NULL, NULL, NULL, 2, '<p>O espino &eacute; uma semente Chilena normalmente usada na forma de um p&oacute; torrado.</p>\r\n<p>Seus aromas e sabor lembram os do caf&eacute;.</p>', NULL, NULL, NULL, NULL, NULL, NULL, NULL, NULL, NULL, NULL),
(141, 'Tomilho Fresco', NULL, NULL, NULL, 1, '<p>O tomilho &eacute; uma erva vers&aacute;til, tem um sabor bem agrad&aacute;vel, forte e arom&aacute;tico.</p>\r\n<p>Suas folhas podem ser usadas em sopas, guisados, feij&atilde;o, carnes cozidas, cremes, molhos, pat&ecirc;s, legumes e principalmente batatas assadas.</p>\r\n<p>Seu &oacute;leo essencial tem poder anti-s&eacute;ptico e &eacute; muito utilizado contra as <strong>afec&ccedil;&otilde;es pulmonares</strong> e como <strong>estimulante digestivo.</strong></p>\r\n<p>Uma variedade &eacute; o tomilho-lim&atilde;o.<strong><br /></strong></p>', NULL, NULL, NULL, NULL, NULL, NULL, NULL, NULL, NULL, NULL),
(142, 'Pimenta de Szechuan', NULL, NULL, NULL, 6, '', NULL, NULL, NULL, NULL, NULL, NULL, NULL, NULL, NULL, NULL),
(143, 'Cachaça Envelhecida', NULL, NULL, NULL, 33, '<p>A cacha&ccedil;a envelhecida fica 1 ano em ton&eacute;is de at&eacute; 700 litros.</p>', NULL, NULL, NULL, NULL, NULL, NULL, NULL, NULL, NULL, NULL),
(144, 'Cachaça Ouro', NULL, NULL, NULL, 33, '<p>A cacha&ccedil;a ouro &eacute; a cacha&ccedil;a feita a partir da mistura de 50% de cacha&ccedil;a envelhecida com uma pura.</p>', NULL, NULL, NULL, NULL, NULL, NULL, NULL, NULL, NULL, NULL),
(145, 'Cachaça Premium', NULL, NULL, NULL, 33, '<p>A cacha&ccedil;a premium passa de 1 a 3 anos em toneeis de at&eacute; 700 litros.</p>', NULL, NULL, NULL, NULL, NULL, NULL, NULL, NULL, NULL, NULL),
(146, 'Cachaça Extra Premium', NULL, NULL, NULL, 33, '<p>A cacha&ccedil;a extra premium deve ficar por, no m&iacute;nimo, 3 anos em ton&eacute;is de at&eacute; 700 litros.</p>', NULL, NULL, NULL, NULL, NULL, NULL, NULL, NULL, NULL, NULL),
(147, 'Cachaça Armazenada', NULL, NULL, NULL, 33, '<p>A cacha&ccedil;a armazenada &eacute; conservada em ton&eacute;is de mais de 700 litros, sem tempo determinado.</p>', NULL, NULL, NULL, NULL, NULL, NULL, NULL, NULL, NULL, NULL),
(148, 'Queijo do Serro', NULL, NULL, NULL, 14, '<p>O queijo do serro &eacute; feito com leite cru e pingo.</p>\r\n<p>O pingo &eacute; o soro drenado da produ&ccedil;&atilde;o do queijo do dia anterior. Ele &eacute; um fermento natural com bact&eacute;rias l&aacute;cticas que d&atilde;o sabor e textura &uacute;nicas ao queijo.</p>\r\n<p>Ele &eacute; produzido em 4 microrregi&otilde;es demarcadas pelo Emater-MG: Canastra, Serro, Arax&aacute; e Alto Para&iacute;ba.</p>', NULL, NULL, NULL, NULL, NULL, NULL, NULL, NULL, NULL, NULL),
(149, 'Mograbie', NULL, NULL, NULL, 24, '', NULL, NULL, NULL, NULL, NULL, NULL, NULL, NULL, NULL, NULL),
(150, 'Lambari', NULL, NULL, NULL, 26, '', NULL, NULL, NULL, NULL, NULL, NULL, NULL, NULL, NULL, NULL),
(151, 'Dashi', NULL, NULL, NULL, 35, '<p>O dashi &eacute; um caldo base da culin&aacute;ria japonesa, feito com katsuobushi e alga kombo.</p>', NULL, NULL, NULL, NULL, NULL, NULL, NULL, NULL, NULL, NULL),
(152, 'Budião-Azul', NULL, NULL, NULL, 26, '', NULL, NULL, NULL, NULL, NULL, NULL, NULL, NULL, NULL, NULL),
(153, 'Pimenta Jiquitaia', NULL, NULL, NULL, 6, '<p>A jiquitaia &eacute; uma pimenta em p&oacute; feita pelos &iacute;ndios Baniwa que ficam entre o Brasil e a Col&ocirc;mbia.</p>', NULL, NULL, NULL, NULL, NULL, NULL, NULL, NULL, NULL, NULL),
(154, 'Cebola Comum ou Amarela ou Marrom ou Francesa', NULL, NULL, NULL, 19, '<p>A cebola comum tem tamanhos e cores variadas. Normalmente ela &eacute; grande, redonda e suave.</p>\r\n<p>Seus sabores v&atilde;o do adocicado ao ardido e ela &eacute; rica em minerais e vitaminas B e C.</p>\r\n<p>Quanto mais nova e verde, mais ardida &eacute; a cebola.</p>\r\n<p>Fica &oacute;tima crua, em saladas, frita, em sandu&iacute;ches, com lingui&ccedil;a, carnes e massas. Tempera arroz, sopas, cremes, molhos e pat&ecirc;s.</p>', NULL, NULL, NULL, NULL, NULL, NULL, NULL, NULL, NULL, NULL),
(155, 'Minicebolas', NULL, NULL, NULL, 19, '<p>As minicebolas t&ecirc;m sabor doce, s&atilde;o ideais para conservas ou carameladas, com carne de porco e de cordeiro.</p>\r\n<p>&nbsp;</p>', NULL, NULL, NULL, NULL, NULL, NULL, NULL, NULL, NULL, NULL),
(156, 'Échalote', NULL, NULL, NULL, 19, '<p>A &eacute;chalote &eacute; um bulbo similar &aring; cebola. Tem sabor suave e &eacute; boa em saladas, cozidos e assados.</p>', NULL, NULL, NULL, NULL, NULL, NULL, NULL, NULL, NULL, NULL),
(157, 'Cebola Branca', NULL, NULL, NULL, 19, '<p>A cebola branca &eacute; mais suave.</p>\r\n<p>Serve para tudo na cozinha e tamb&eacute;m pode ser usada em saladas.</p>\r\n<p>Ela tem boa durabilidade.</p>', NULL, NULL, NULL, NULL, NULL, NULL, NULL, NULL, NULL, NULL),
(158, 'Cebola Roxa', NULL, NULL, NULL, 19, '<p>A Cebola Roxa &eacute; mais &aacute;cida que a cebola vermelha e tem maior durabilidade.</p>\r\n<p>Ela fica muito boa consumida crua, em saladas e em pratos frios. Pode ser cozida. N&atilde;o fica t&atilde;o boa assada.</p>\r\n<p>Por sua cor, tamb&eacute;m &eacute; uma boa op&ccedil;&atilde;o para a decora&ccedil;&atilde;o de pratos.</p>\r\n<p>Se misturada a c&iacute;tricos, acaba por colorir tudo com seu vermelho.</p>', NULL, NULL, NULL, NULL, NULL, NULL, NULL, NULL, NULL, NULL),
(159, 'Cebola Pequena', NULL, NULL, NULL, 19, '<p>A cebola pequena tem sabor mais fraco e adocicado.</p>\r\n<p>Fica boa quando assada com carnes ou cozida com legumes.</p>', NULL, NULL, NULL, NULL, NULL, NULL, NULL, NULL, NULL, NULL),
(160, 'Alho Branco', NULL, NULL, NULL, 19, '<p>O alho branco &eacute; bastante comum na culin&aacute;ria brasileira. Ele &eacute; fonte de vitaminas A, B e C.</p>\r\n<p>Quando usado para se fazer arroz, em carnes ou em cozidos, deve ser usado moderadamente.</p>\r\n<p>Quando acompanhando frango &aring; passarinho ou outros petiscos, fica bom frito.</p>\r\n<p>Tamb&eacute;m d&aacute; muito sabor &aring;s conservas.</p>', NULL, NULL, NULL, NULL, NULL, NULL, NULL, NULL, NULL, NULL),
(161, 'Alho Roxo', NULL, NULL, NULL, 19, '<p>O alho roxo tem gosto mais intenso que o branco.</p>\r\n<p>Ele &eacute; indicado para pastas e fica muito bom quando assado.</p>', NULL, NULL, NULL, NULL, NULL, NULL, NULL, NULL, NULL, NULL),
(162, 'Nirá ou Alho Japonês', NULL, NULL, NULL, 1, '<p>O nir&aacute; &eacute; suave e por isso, muito gostoso<em> in natura</em>.</p>\r\n<p>Suas folhas temperam molhos para saladas e decoram pratos.</p>', NULL, NULL, NULL, NULL, NULL, NULL, NULL, NULL, NULL, NULL),
(163, 'Cebolinha Francesa ou Ciboulette', NULL, NULL, NULL, 1, '<p>A cebolinha francesa tem talos menores e mais finos do que a cebolinha verde.</p>\r\n<p>Ela &eacute; bem delicada e &eacute; recomendada para molhos, pat&ecirc;s e peixes, al&eacute;m de dar um toque &aring; decora&ccedil;&atilde;o dos pratos.</p>', NULL, NULL, NULL, NULL, NULL, NULL, NULL, NULL, NULL, NULL),
(164, 'Cebolinha Verde ou Cebolinho', NULL, NULL, NULL, 1, '<p>A cebolinha verde &eacute; uma cebola imatura, n&atilde;o totalmente formada.</p>\r\n<p>Tem sabor suave e cont&eacute;m minerais e vitaminas A, B e C.</p>\r\n<p>Ela &eacute; um dos componentes das ervas arom&aacute;ticas.</p>\r\n<p>Fica bem em acepipes, pratos com queijo, sopas, saladas, fritos, refogados e marinadas.</p>\r\n<p>Ela combina com ovos e serve para aromatizar manteigas e queijos.</p>\r\n<p>Suas flores roxas ou cor-de-rosa s&atilde;o usadas em saladas.</p>', NULL, NULL, NULL, NULL, NULL, NULL, NULL, NULL, NULL, NULL),
(165, 'Ricota', NULL, NULL, NULL, 14, '<p>A ricota &eacute; um derivado de queijo de massa mole, fresco e com baixo teor de gordura.</p>\r\n<p>Ela n&atilde;o &eacute; produzida a partir do leite, do coalho, mas sim, do soro de queijo, o que lhe confere um alto teor de prote&iacute;na.</p>', NULL, NULL, NULL, NULL, NULL, NULL, NULL, NULL, NULL, NULL),
(166, 'Badejo', NULL, NULL, NULL, 26, '', NULL, NULL, NULL, NULL, NULL, NULL, NULL, NULL, NULL, NULL),
(167, 'Pescada Branca', NULL, NULL, NULL, 26, '', NULL, NULL, NULL, NULL, NULL, NULL, NULL, NULL, NULL, NULL),
(168, 'Pescada Amarela', NULL, NULL, NULL, 26, '', NULL, NULL, NULL, NULL, NULL, NULL, NULL, NULL, NULL, NULL),
(169, 'Cavala', NULL, NULL, NULL, 26, '', NULL, NULL, NULL, NULL, NULL, NULL, NULL, NULL, NULL, NULL),
(170, 'Enchova', NULL, NULL, NULL, 26, '', NULL, NULL, NULL, NULL, NULL, NULL, NULL, NULL, NULL, NULL),
(171, 'Garoupa', NULL, NULL, NULL, 26, '', NULL, NULL, NULL, NULL, NULL, NULL, NULL, NULL, NULL, NULL),
(172, 'Robalo', NULL, NULL, NULL, 26, '', NULL, NULL, NULL, NULL, NULL, NULL, NULL, NULL, NULL, NULL),
(173, 'Tainha', NULL, NULL, NULL, 26, '', NULL, NULL, NULL, NULL, NULL, NULL, NULL, NULL, NULL, NULL),
(174, 'Capivara', NULL, NULL, NULL, 32, '<p>A carne da capivara tem colora&ccedil;&atilde;o avermelhada e se parece com a de su&iacute;nos, em textura e sabor.</p>\r\n<p>Saborosa, &eacute; magra e de alto valor nutricional.</p>', NULL, NULL, NULL, NULL, NULL, NULL, NULL, NULL, NULL, NULL),
(175, 'Paca', NULL, NULL, NULL, 32, '<p>A carne de paca &eacute; uma carne de sabor e textura muito delicados.</p>\r\n<p>Ela &eacute; pouco dispon&iacute;vel e tem pre&ccedil;o alto.</p>', NULL, NULL, NULL, NULL, NULL, NULL, NULL, NULL, NULL, NULL),
(176, 'Porco-do-Mato ou Queixada', NULL, NULL, NULL, 32, '<p>A carne do porco-do-mato &eacute; vermelha escura, &eacute; muito saborosa, tem pouca gordura e baixo teor de colesterol.</p>', NULL, NULL, NULL, NULL, NULL, NULL, NULL, NULL, NULL, NULL),
(177, 'Tatu', NULL, NULL, NULL, 32, '', NULL, NULL, NULL, NULL, NULL, NULL, NULL, NULL, NULL, NULL),
(178, 'Veado', NULL, NULL, NULL, 32, '', NULL, NULL, NULL, NULL, NULL, NULL, NULL, NULL, NULL, NULL),
(179, 'Ameixa-Nativa', NULL, NULL, NULL, 22, '', NULL, NULL, NULL, NULL, NULL, NULL, NULL, NULL, NULL, NULL),
(180, 'Cajá-Manga', NULL, NULL, NULL, 22, '', NULL, NULL, NULL, NULL, NULL, NULL, NULL, NULL, NULL, NULL),
(181, 'Cajazinho', NULL, NULL, NULL, 22, '', NULL, NULL, NULL, NULL, NULL, NULL, NULL, NULL, NULL, NULL),
(182, 'Cambuci', NULL, NULL, NULL, 22, '', NULL, NULL, NULL, NULL, NULL, NULL, NULL, NULL, NULL, NULL),
(183, 'Banana Maçã', NULL, NULL, NULL, 22, '', NULL, NULL, NULL, NULL, NULL, NULL, NULL, NULL, NULL, NULL),
(184, 'Banana Nanica', NULL, NULL, NULL, 22, '', NULL, NULL, NULL, NULL, NULL, NULL, NULL, NULL, NULL, NULL),
(185, 'Banana Nanicão', NULL, NULL, NULL, 22, '', NULL, NULL, NULL, NULL, NULL, NULL, NULL, NULL, NULL, NULL),
(186, 'Banana Naniquinha', NULL, NULL, NULL, 22, '', NULL, NULL, NULL, NULL, NULL, NULL, NULL, NULL, NULL, NULL),
(187, 'Banana Prata', NULL, NULL, NULL, 22, '', NULL, NULL, NULL, NULL, NULL, NULL, NULL, NULL, NULL, NULL),
(188, 'Banana Veiaca', NULL, NULL, NULL, 22, '<p>A banana veiaca est&aacute; em extin&ccedil;&atilde;o por n&atilde;o resistir &aring;s pragas.</p>', NULL, NULL, NULL, NULL, NULL, NULL, NULL, NULL, NULL, NULL),
(189, 'Banana da Terra ou Pacova', NULL, NULL, NULL, 22, '', NULL, NULL, NULL, NULL, NULL, NULL, NULL, NULL, NULL, NULL),
(190, 'Marolo', NULL, NULL, NULL, 22, '<p>O marolo &eacute; uma fruta nativa do Cerrado Brasileiro.</p>', NULL, NULL, NULL, NULL, NULL, NULL, NULL, NULL, NULL, NULL),
(191, 'Nata', NULL, NULL, NULL, 14, '<p>Nata &eacute; a camada que se forma na superf&iacute;cie do leite e que pode ser usada de mil e uma formas.</p>\r\n<p>Pode ser usada no preparo de molhos para carnes, como por exemplo o strogonoff; para preparar um <em>sour cream</em>; ou pode ainda ser misturada a ervinhas frescas e servir de <em>dip </em>para palitos de cenoura, de pepino e&nbsp;de erva-doce.</p>\r\n<p>A marca Balkis tem embalagem de 360 g.</p>', NULL, NULL, NULL, NULL, NULL, NULL, NULL, NULL, NULL, NULL),
(192, 'Fécula de Araruta', NULL, NULL, NULL, 7, '<p>A f&eacute;cula de araruta tem um grande poder espessante e ao mesmo tempo, um sabor neutro. Por isso, &eacute; um dos amidos mais vers&aacute;teis.</p>\r\n<p>Como tem um elevado poder de espessar, deve ser usada em quantidades menores do que outros amidos.</p>\r\n<p>Suas caracter&iacute;sticas s&atilde;o muito parecidas com as do polvilho doce.</p>\r\n<p>O amido age &aring; temperatura de 58<span class=\"st\">&ordm;C.</span></p>\r\n<p>Vem do rec&ocirc;ncavo Baiano.</p>', NULL, NULL, NULL, NULL, NULL, NULL, NULL, NULL, NULL, NULL),
(193, 'Espessantes', NULL, NULL, NULL, 7, '<p>Alguns espessantes s&atilde;o:</p>\r\n<ul>\r\n<li>F&eacute;cula de Batata</li>\r\n<li>Amido de Milho (maisena)</li>\r\n<li>Farinha de Trigo</li>\r\n<li>F&eacute;cula de Araruta</li>\r\n<li>F&eacute;cula de Arroz </li>\r\n<li>F&eacute;cula de Mandioca (Polvilho)</li>\r\n</ul>', NULL, NULL, NULL, NULL, NULL, NULL, NULL, NULL, NULL, NULL),
(194, 'Fécula de Arroz', NULL, NULL, NULL, 7, '<p>A f&eacute;cula de arroz &eacute; um espessante bastante usado no preparo de mingaus e doces tradicionais japoneses.</p>\r\n<p>Ela &eacute; indicada para quem busca uma textura similar &aring; do <em>petit gateau</em>, ou seja, uma leve crosta por fora e um <em>ganache</em> por dentro.</p>\r\n<p>O amido desta f&eacute;cula age &aring; temperatura de 84<span class=\"st\">&ordm;C.</span></p>', NULL, NULL, NULL, NULL, NULL, NULL, NULL, NULL, NULL, NULL),
(195, 'Farinha de Trigo Convencional', NULL, NULL, NULL, 7, '<p>A farinha de trigo &eacute; o espessante mais popular do mundo.</p>\r\n<p>Ela pode deixar aroma e gosto na comida quando mal aplicada.</p>\r\n<p>O amido age &aring; temperatura de 80<span class=\"st\">&ordm;C.</span></p>', NULL, NULL, NULL, NULL, NULL, NULL, NULL, NULL, NULL, NULL),
(196, 'Fécula de Batata', NULL, NULL, NULL, 7, '<p>A f&eacute;cula de batata &eacute; um espessante que, assim como o amido de milho, tem sabor neutro e confere cremosidade &aring; consist&ecirc;ncia.</p>\r\n<p>Ela &eacute; muito usada na cozinha oriental para engrossar caldos.</p>\r\n<p>O amido age &aring; temperatura de 58<span class=\"st\">&ordm;C.</span></p>', NULL, NULL, NULL, NULL, NULL, NULL, NULL, NULL, NULL, NULL),
(197, 'Fécula de Mandioca ou Polvilho', NULL, NULL, NULL, 7, '<p>Existem dois tipos do espessante f&eacute;cula de mandioca: o doce e o azedo.</p>\r\n<p>A f&eacute;dula doce &eacute; mais densa e \"visguenta\", por isso &eacute; ideal para engrossar a massa de biscoitos e fazer p&atilde;o de queijo.</p>\r\n<p>A f&eacute;cula azeda &eacute; menos densa e mais macia. Ela &eacute; melhor para os molhos.</p>\r\n<p>O amido age &aring; temperatura de 58<span class=\"st\">&ordm;C.</span></p>\r\n<p>&nbsp;</p>', NULL, NULL, NULL, NULL, NULL, NULL, NULL, NULL, NULL, NULL),
(198, 'Amido de Milho ou Maisena', NULL, NULL, NULL, 7, '<p>O amido de milho n&atilde;o tem gl&uacute;ten, n&atilde;o tem sabor nem odor e por isso n&atilde;o altera o gosto dos alimentos.</p>\r\n<p>Ele d&aacute; consist&ecirc;ncia aveludada e dissolve com facilidade.</p>\r\n<p>O amido age &aring; temperatura de 65<span class=\"st\">&ordm;C.</span></p>', NULL, NULL, NULL, NULL, NULL, NULL, NULL, NULL, NULL, NULL),
(199, 'Amidos', NULL, NULL, NULL, 7, '<p>Os amidos interferem na textura ou no corpo de uma prepara&ccedil;&atilde;o culin&aacute;ria, pois t&ecirc;m o poder da gelatiniza&ccedil;&atilde;o.</p>\r\n<p>No entanto, para que comece a agir, o amido precisa ser aquecido.</p>\r\n<p>Os amidos de cereais precisam de temperaturas mais elevadas para se gelificar.</p>\r\n<p>No caso das f&eacute;culas, o processo ocorre &aring; temperatura mais baixa.</p>\r\n<p>As f&eacute;culas de ra&iacute;zes e tub&eacute;rculos se gelificam rapidamente.</p>', NULL, NULL, NULL, NULL, NULL, NULL, NULL, NULL, NULL, NULL),
(200, 'Kuzu ou Kudzu ou Araruta Nopônica', NULL, NULL, NULL, 7, '<p>O Kuzu &eacute; um amido japon&ecirc;s extra&iacute;do da raiz de uma trepadeira nativa do Jap&atilde;o, a Pueraria Lobata.</p>\r\n<p>Ela &eacute; mais parecida com a farinha de tapioca do que com a araruta brasileira.</p>\r\n<p>Tem uma textura peculiar, elasticidade de maria-mole, balan&ccedil;o da gelatina e a prepara&ccedil;&atilde;o se rompe facilmente se um garfo for passado.</p>\r\n<p>O Kuzu s&oacute; &eacute; encontrado no bairro de Kappabashi em T&oacute;quio.</p>\r\n<p>&nbsp;</p>', NULL, NULL, NULL, NULL, NULL, NULL, NULL, NULL, NULL, NULL),
(201, 'Lírio-do-Brejo ou Gengibre-Branco', NULL, NULL, NULL, 17, '<p>O l&iacute;rio-do-brejo lembra o gengibre, tanto na apar&ecirc;ncia quanto no gosto, mas como sua flor &eacute; muito perfumada, tamb&eacute;m tem algumas notas florais.</p>\r\n<p>Ele &eacute; uma planta que nasce espontaneamente em terrenos alagadi&ccedil;os.</p>\r\n<p>O amido desta planta &eacute; muito especial, mas deve ser usado com modera&ccedil;&atilde;o, pois &eacute; muito forte.</p>', NULL, NULL, NULL, NULL, NULL, NULL, NULL, NULL, NULL, NULL),
(202, 'Inhame', NULL, NULL, NULL, 17, '<p>O inhame tem uma subst&acirc;ncia t&oacute;xica na sua composi&ccedil;&atilde;o e a &uacute;nica maneira de faz&ecirc;-lo perder a efici&ecirc;ncia desta subst&acirc;ncia &eacute; cozinhando o tub&eacute;rculo.</p>\r\n<p>N&atilde;o deve ser guardado na geladeira, mas em lugar arejado, fresco e escuro.</p>\r\n<p>Pode ser usado, assim como a batata, para espessar cremes no lugar da farinha de trigo.</p>\r\n<p>Seu preparo &eacute; como o de uma batata: amassado, cozido, assado ou frito.</p>', NULL, NULL, NULL, NULL, NULL, NULL, NULL, NULL, NULL, NULL),
(203, 'Feijão Roxinho', NULL, NULL, NULL, 20, '', NULL, NULL, NULL, NULL, NULL, NULL, NULL, NULL, NULL, NULL),
(204, 'Feijão Jalo', NULL, NULL, NULL, 20, '', NULL, NULL, NULL, NULL, NULL, NULL, NULL, NULL, NULL, NULL),
(205, 'Feijão Canário', NULL, NULL, NULL, 20, '', NULL, NULL, NULL, NULL, NULL, NULL, NULL, NULL, NULL, NULL),
(206, 'Feijão Rosinha', NULL, NULL, NULL, 20, '', NULL, NULL, NULL, NULL, NULL, NULL, NULL, NULL, NULL, NULL),
(207, 'Baunilha do Cerrado', NULL, NULL, NULL, 16, '<p><span style=\"font-size: small;\"><span lang=\"PT-BR\">Vanilla    &eacute; um g&ecirc;nero de planta nativa do M&eacute;xico pertencente &agrave; fam&iacute;lia das   orquid&aacute;ceas.</span></span></p>\r\n<p><span style=\"font-size: small;\"><span lang=\"PT-BR\">A partir dos frutos de algumas esp&eacute;cies obt&eacute;m-se a   especiaria comercialmente conhecida como baunilha. </span></span><span style=\"font-size: small;\"><span lang=\"PT-BR\">A fava &eacute; uma de suas folhas secas cujas sementes s&atilde;o uma das iguarias mais caras que existem.</span></span></p>', NULL, NULL, NULL, NULL, NULL, NULL, NULL, NULL, NULL, NULL),
(208, 'Caranguejos', NULL, NULL, NULL, 26, '', NULL, NULL, NULL, NULL, NULL, NULL, NULL, NULL, NULL, NULL),
(209, 'Cajuzinho do Mato', NULL, NULL, NULL, 23, '', NULL, NULL, NULL, NULL, NULL, NULL, NULL, NULL, NULL, NULL),
(210, 'Mangarito', NULL, NULL, NULL, 17, '<p>O mangarito &eacute; um tub&eacute;rculo de cultivo delicado e manhoso, tem aspecto  disforme e pouco atraente</p>\r\n<p>Tem sabor amendoado e &eacute; bem vers&aacute;til. Limpa-se  um a um, depois ele &eacute; cozido e descascado.</p>\r\n<p>Pode ser  comido assim ou passado na manteiga.</p>\r\n<p>Segundo Mara Salles, &eacute; &oacute;tima companhia para  assados, frangos ensopados e carnes de panela. Dele, pode-se fazer nhoque de mangarito ou ceviche de peixe branco com pimentas amaz&ocirc;nicas e  mangaritos em melado de cana!</p>', NULL, NULL, NULL, NULL, NULL, NULL, NULL, NULL, NULL, NULL),
(211, 'Camarão Seco', NULL, NULL, NULL, 26, '', NULL, NULL, NULL, NULL, NULL, NULL, NULL, NULL, NULL, NULL),
(212, 'Lambreta', NULL, NULL, NULL, 26, '', NULL, NULL, NULL, NULL, NULL, NULL, NULL, NULL, NULL, NULL),
(213, 'Siri', NULL, NULL, NULL, 26, '', NULL, NULL, NULL, NULL, NULL, NULL, NULL, NULL, NULL, NULL),
(214, 'Carimã, Puba ou Mandioca Mole', NULL, NULL, NULL, 17, '<p>A carim&atilde; vem do aipim, raiz comest&iacute;vel tamb&eacute;m chamada de mandioca ou macaxeira.</p>\r\n<p>Ela &eacute; uma massa fermentada e que depois &eacute; colocada para escorrer.</p>\r\n<p>Transformar a mandioca em carim&atilde; n&atilde;o &eacute; um processo  muito f&aacute;cil, mas depois de pronta transforma-se num alimento rico em  vitaminas e minerais.</p>\r\n<p>Ela &eacute; encontrada com facilidade nas feiras livres  de nossa cidade.</p>', NULL, NULL, NULL, NULL, NULL, NULL, NULL, NULL, NULL, NULL),
(215, 'Maturi', NULL, NULL, NULL, 18, '<p>O maturi &eacute; a castanha de caju verde.</p>\r\n<p>Ela &eacute; usada em pratos da culin&aacute;ria nordestina.</p>\r\n<p>&nbsp;</p>', NULL, NULL, NULL, NULL, NULL, NULL, NULL, NULL, NULL, NULL),
(216, 'Patauá ou Ungurahui', NULL, NULL, NULL, 18, '<p>O patau&aacute;, a exemplo do a&ccedil;a&iacute;, &eacute; mais uma palmeira amaz&ocirc;nica de cujas sementes extrai-se um &oacute;leo que pode ser usado na culin&aacute;ria e que cont&eacute;m os &Oacute;mega 3 e 6 &aacute;cidos aminos.</p>\r\n<p>Puro ou misturado com mel e lim&atilde;o, este &oacute;leo de patau&aacute; &eacute; empregado para o tratamento das infec&ccedil;&otilde;es br&ocirc;nquicas e pulmonares menores.</p>\r\n<p>Seus frutos s&atilde;o comest&iacute;veis e em alguns meses do ano tamb&eacute;m pode-se fazer o vinho do  patau&aacute;, que &eacute; o suco extra&iacute;do das sementes, e vendido no mercado  informal de sucos em Rio Branco (AC).</p>', NULL, NULL, NULL, NULL, NULL, NULL, NULL, NULL, NULL, NULL),
(217, 'Pimenta Baniwa', NULL, NULL, NULL, 6, '<p>A pimenta baniwa &eacute; origin&aacute;ria da regi&atilde;o do rio I&ccedil;ana, na Amaz&ocirc;nia.</p>\r\n<p><span class=\"r_corpo\">Esta pimenta em p&oacute; &eacute; um dos mais tradicionais condimentos da culin&aacute;ria da etnia.</span></p>\r\n<p><span class=\"r_corpo\">A culin&aacute;ria tradicional Baniwa utiliza esta pimenta socada principalmente como tempero para peixes.</span></p>', NULL, NULL, NULL, NULL, NULL, NULL, NULL, NULL, NULL, NULL),
(218, 'Tucupi', NULL, NULL, NULL, 6, '<p>O tucupi &eacute; um tempero e molho de cor amarela extra&iacute;do da raiz da mandioca brava, que &eacute; descascada, ralada e espremida (tradicionalmente usando-se um tipiti - esp&eacute;cie de prensa ou espremedor de palha tran&ccedil;ada usado para escorrer e secar a mandioca ralada).</p>\r\n<p>Depois de extra&iacute;do, o molho \"descansa\" para que o amido  (goma) se separe do l&iacute;quido (tucupi). Este l&iacute;quido &eacute; inicialmente venenoso devido &agrave;  presen&ccedil;a do &aacute;cido cian&iacute;drico, mas depois de cozido por horas (processo que elimina o  veneno), pode, ent&atilde;o, ser usado como molho na culin&aacute;ria.</p>', NULL, NULL, NULL, NULL, NULL, NULL, NULL, NULL, NULL, NULL),
(219, 'Mel Manduri', NULL, NULL, NULL, 3, '<p>O mel manduri tem uma acidez bem sutil e &eacute; pouco doce.</p>', NULL, NULL, NULL, NULL, NULL, NULL, NULL, NULL, NULL, NULL),
(220, 'Mel Apis', NULL, NULL, NULL, 3, '<p>O mel apis &eacute; um mel bem doce e espesso.</p>', NULL, NULL, NULL, NULL, NULL, NULL, NULL, NULL, NULL, NULL),
(221, 'Mel Mandaçaia', NULL, NULL, NULL, 3, '<p>O mel manda&ccedil;aia &eacute; clar&iacute;ssimo e &eacute; o mel mais l&iacute;quido que tem. Sua acidez &eacute; alta.</p>', NULL, NULL, NULL, NULL, NULL, NULL, NULL, NULL, NULL, NULL),
(222, 'Mel Tubuna', NULL, NULL, NULL, 3, '<p>O mel tubuna tem amargor e n&atilde;o deixa res&iacute;duo doce.</p>', NULL, NULL, NULL, NULL, NULL, NULL, NULL, NULL, NULL, NULL),
(223, 'Mel Tubi', NULL, NULL, NULL, 3, '<p>O mel tubi &eacute; bem c&iacute;trico e tem leve amargor.</p>', NULL, NULL, NULL, NULL, NULL, NULL, NULL, NULL, NULL, NULL),
(224, 'Mel Borá', NULL, NULL, NULL, 3, '<p>O mel bor&aacute; remete ao queijo no aroma e no sabor.</p>', NULL, NULL, NULL, NULL, NULL, NULL, NULL, NULL, NULL, NULL),
(225, 'Mel Uruçú', NULL, NULL, NULL, 3, '<p>O mel uru&ccedil;&uacute; lembra em aroma o do mel apis.</p>', NULL, NULL, NULL, NULL, NULL, NULL, NULL, NULL, NULL, NULL),
(226, 'Mel Tujumirim', NULL, NULL, NULL, 3, '<p>O mel tujumirim tem sabor bem floral.</p>', NULL, NULL, NULL, NULL, NULL, NULL, NULL, NULL, NULL, NULL),
(227, 'Mel Guaraipo', NULL, NULL, NULL, 3, '<p>O mel guaraipo tem toque de mato e frutas secas.</p>', NULL, NULL, NULL, NULL, NULL, NULL, NULL, NULL, NULL, NULL),
(228, 'Mel Jataí', NULL, NULL, NULL, 3, '<p>O mel jata&iacute; &eacute; doce e lembra o mosto de uva.</p>', NULL, NULL, NULL, NULL, NULL, NULL, NULL, NULL, NULL, NULL),
(229, 'Caranguejo Aratu', NULL, NULL, NULL, 26, '<p>O caranguejo aratu &eacute; t&iacute;pico do Sergipe.</p>\r\n<p>Ele &eacute; pequeno e sua carne &eacute; delicada.</p>', NULL, NULL, NULL, NULL, NULL, NULL, NULL, NULL, NULL, NULL),
(230, 'Castanha de Baru', NULL, NULL, NULL, 23, '<p>A castanha de baru &eacute; comum no Cerrado, em Goi&aacute;s.</p>', NULL, NULL, NULL, NULL, NULL, NULL, NULL, NULL, NULL, NULL),
(231, 'Pinhão', NULL, NULL, NULL, 18, '<p>O pinh&atilde;o &eacute; a designa&ccedil;&atilde;o gen&eacute;rica da semente de v&aacute;rias esp&eacute;cies de arauc&aacute;rias.</p>\r\n<p>Ele pode ser consumido assado ou cozido, destacando-se alguns pratos, como a  pa&ccedil;oca de pinh&atilde;o e o entrevero.</p>\r\n<p>No Paran&aacute; s&atilde;o feitos os doces de pinh&atilde;o, o frango ensopado com pinh&atilde;o, a sopa  de pinh&atilde;o, o cordeiro ao molho de pinh&atilde;o e outras iguarias.</p>\r\n<p>Tamb&eacute;m &eacute; apreciado como aperitivo e em v&aacute;rias sobremesas.</p>', NULL, NULL, NULL, NULL, NULL, NULL, NULL, NULL, NULL, NULL),
(232, 'Pitu', NULL, NULL, NULL, 26, '<p>O pitu &eacute; um camar&atilde;o de rio.</p>\r\n<p>Seu sabor &eacute; mais adocicado e marcante.</p>', NULL, NULL, NULL, NULL, NULL, NULL, NULL, NULL, NULL, NULL),
(233, 'Perdiz Brasileira ou Inhambupé', NULL, NULL, NULL, 32, '<p>A perdiz brasileira &eacute; muito semelhante &agrave; nossa codorna silvestre e se difere apenas pelo seu grande porte.</p>\r\n<p>Ela &eacute; comumente encontrada no Brasil Central.</p>\r\n<p>&nbsp;</p>', NULL, NULL, NULL, NULL, NULL, NULL, NULL, NULL, NULL, NULL),
(234, 'Marrecão ou Marrecão-da-Patagônia ou Pato-Picazo', NULL, NULL, NULL, 32, '<p>O marrec&atilde;o &eacute; uma esp&eacute;cie de marreco selvagem, natural do Rio Grande do Sul.</p>\r\n<p>Ele circula no Brasil entre os meses de Junho e Agosto.</p>', NULL, NULL, NULL, NULL, NULL, NULL, NULL, NULL, NULL, NULL),
(235, 'Buriti ou Aguaje', NULL, NULL, NULL, 18, '<p>O buriti &eacute; uma planta cujo fruto &eacute; uma fonte de alimento privilegiada, pois &eacute; rico em vitamina A, B e C, fornece c&aacute;lcio, ferro e prote&iacute;nas.</p>\r\n<p>Tradicionalmente seu fruto &eacute; consumido ao natural,mas tamb&eacute;m pode ser transformado em doces, sucos, picol&eacute;s, licores, sobremesas de paladar peculiares.</p>\r\n<p>Fornece ainda um saboroso palmito, e a f&eacute;cula.</p>', NULL, NULL, NULL, NULL, NULL, NULL, NULL, NULL, NULL, NULL),
(236, 'Conserva de Alcachofra', NULL, NULL, NULL, 11, '<p>O ideal &eacute; que a compota de alcachofra seja feita apenas em azeite, sem nenhuma acidez.</p>', NULL, NULL, NULL, NULL, NULL, NULL, NULL, NULL, NULL, NULL),
(237, 'Aceto Balsâmico ou Vinagre Balsâmico', NULL, NULL, NULL, 12, '<p>O aceto bals&acirc;mico &eacute; <span class=\"inbox\">escuro e bastante arom&aacute;tico.</span></p>\r\n<p><span class=\"inbox\">Ele &eacute; feito com uvas  selecionadas da regi&atilde;o de Modena, na It&aacute;lia. O aut&ecirc;ntico vinagre  bals&acirc;mico passa por um longo processo de fermenta&ccedil;&atilde;o, feita em barris de  madeira, que deve durar pelo menos 10 anos.</span></p>\r\n<p><span class=\"inbox\">&Eacute; excelente no preparo de  molhos para saladas, para temperar legumes ou para enriquecer molhos a  partir do fundo de cozimento. </span></p>\r\n<p>Puro e concentrado tem sabor que remete a melado. O bals&acirc;mico branco pode ser aromatizado com or&eacute;gano.</p>\r\n<p>Existe o aceto bals&acirc;mico Ginepro Reserve, envelhecido por 16 anos em barris de zimbro, o que lhe confere sabor com toques herb&aacute;ceos e t&acirc;nicos. Vendido na Olive &amp; Co, vem em caixa numerada.</p>', NULL, NULL, NULL, NULL, NULL, NULL, NULL, NULL, NULL, NULL),
(238, 'Mostarda de Frutas', NULL, NULL, NULL, 9, '<p>&nbsp;</p>\r\n<p>&nbsp;</p>\r\n<p>A mostarda de Frutas de Cremona da Lazzaris &eacute; bem saborosa.</p>', NULL, NULL, NULL, NULL, NULL, NULL, NULL, NULL, NULL, NULL),
(239, 'Postas Dessalgadas de Bacalhau Gadus Morhua', NULL, NULL, NULL, 26, '', NULL, NULL, NULL, NULL, NULL, NULL, NULL, NULL, NULL, NULL),
(240, 'Mel Branco ou Guaraipo', NULL, NULL, NULL, 3, '<p>O mel branco &eacute; uma variedade rara de mel, de cor clara, textura cremosa e do&ccedil;ura equilibrada, ele &eacute; raro porque &eacute; produzido em pequena quantidade, apenas 15 kg por ano, em Cambar&aacute; do Sul.</p>', NULL, NULL, NULL, NULL, NULL, NULL, NULL, NULL, NULL, NULL),
(241, 'Javali', NULL, NULL, NULL, 32, '<p>A carne do javali &eacute; uma carne nobre, de cor mais escura do que a do porco, &eacute; de excepcional qualidade, &eacute; saborosa e suave.</p>\r\n<p>Ela &eacute; uma carne magra, tenra e com baixo teor de gordura e colesterol.</p>', NULL, NULL, NULL, NULL, NULL, NULL, NULL, NULL, NULL, NULL),
(242, 'Cateto', NULL, NULL, NULL, 32, '<p>O cateto &eacute; uma esp&eacute;cie de porco-do-mato. Sua carne &eacute; rosada, semelhante &aring; do porco dom&eacute;stico, tem baixos n&iacute;veis de colesterol e gordura e seu sabor &eacute; suave e levemente adocicado.</p>\r\n<p>&nbsp;</p>', NULL, NULL, NULL, NULL, NULL, NULL, NULL, NULL, NULL, NULL),
(243, 'Jacaré', NULL, NULL, NULL, 32, '', NULL, NULL, NULL, NULL, NULL, NULL, NULL, NULL, NULL, NULL),
(244, 'Ema', NULL, NULL, NULL, 32, '', NULL, NULL, NULL, NULL, NULL, NULL, NULL, NULL, NULL, NULL),
(245, 'Galinha D\'Angola', NULL, NULL, NULL, 31, '', NULL, NULL, NULL, NULL, NULL, NULL, NULL, NULL, NULL, NULL),
(246, 'Avestruz', NULL, NULL, NULL, 31, '', NULL, NULL, NULL, NULL, NULL, NULL, NULL, NULL, NULL, NULL),
(247, 'Cabrito', NULL, NULL, NULL, 28, '', NULL, NULL, NULL, NULL, NULL, NULL, NULL, NULL, NULL, NULL),
(248, 'Marreco', NULL, NULL, NULL, 31, '', NULL, NULL, NULL, NULL, NULL, NULL, NULL, NULL, NULL, NULL),
(249, 'Pato', NULL, NULL, NULL, 31, '', NULL, NULL, NULL, NULL, NULL, NULL, NULL, NULL, NULL, NULL),
(250, 'Coelho', NULL, NULL, NULL, 32, '', NULL, NULL, NULL, NULL, NULL, NULL, NULL, NULL, NULL, NULL),
(251, 'Manjericão Tailandês', NULL, NULL, NULL, 1, '', NULL, NULL, NULL, NULL, NULL, NULL, NULL, NULL, NULL, NULL),
(252, 'Galangal ou Gengibre Chinês', NULL, NULL, NULL, 17, '<p>Parente do Gengibre.</p>', NULL, NULL, NULL, NULL, NULL, NULL, NULL, NULL, NULL, NULL),
(253, 'Erva Cidreira ou Capim Santo ou Capim Limão', NULL, NULL, NULL, 1, '<p>A erva cidreira tem folhas serrilhadas e possui caracter&iacute;sticas inconfund&iacute;veis como o cheiro e o sabor c&iacute;tricos.</p>\r\n<p>D&atilde;o sabor de hortel&atilde; &aring; carne, &aring;s aves e ao peixe, a saladas de frutas e verduras, al&eacute;m de sopas e pudins.</p>\r\n<p>A infus&atilde;o se suas folhas faz um ch&aacute; tranquilizante.</p>\r\n<p>&nbsp;</p>\r\n<p>&nbsp;</p>', NULL, NULL, NULL, NULL, NULL, NULL, NULL, NULL, NULL, NULL),
(254, 'Ervas Finas (salsa, cerefólio, cebolinha e estragão picadinhos)', NULL, NULL, NULL, 1, '<p>Ervas Finas &eacute; um combinado de salsa, ceref&oacute;lio, cebolinha e estrag&atilde;o, todos picadinhos.</p>\r\n<p>Elas s&atilde;o usadas para dar gosto a pratos delicados como omeletes e saladas de verduras.</p>\r\n<p>Quando misturadas ao sumo de lim&atilde;o ou &aring; manteiga levemente derretida, ficam &oacute;timas para serem usadas com peixes, com carnes grelhadas, com molho b&eacute;rnaise e com molho hollandaise.</p>', NULL, NULL, NULL, NULL, NULL, NULL, NULL, NULL, NULL, NULL),
(255, 'Hortelã ou Menta', NULL, NULL, NULL, 1, '<p>A hortel&atilde; tem um sabor forte e ardido, j&aacute; a menta tem um sabor mais suave e &eacute; usada como tempero.</p>\r\n<p>A menta &eacute; usada no mundo todo para dar sabor a tudo, desde cordeiro at&eacute; doces.</p>\r\n<p>Seus rebentos podem ser usados em bebidas.</p>\r\n<p>Suas folhas picadas, em cordeiro, legumes, batata, ervilhas, salada-de-frutas, para molho de hortel&atilde; etc.</p>\r\n<p>Algumas variedades:</p>\r\n<p>Hortel&atilde;-Pimenta ou Peppermint - mais usada em doces</p>\r\n<p>Hortel&atilde;-Ma&ccedil;&atilde;</p>\r\n<p>&nbsp;</p>', NULL, NULL, NULL, NULL, NULL, NULL, NULL, NULL, NULL, NULL),
(256, 'Pimpinela ou Sanguissorba', NULL, NULL, NULL, 1, '<p>Os pequenos ramos da pimpinela d&atilde;o um refrescante sabor de pepino &aring;s bebidas e suas folhas podem ser usadas em saladas e sandu&iacute;ches.</p>', NULL, NULL, NULL, NULL, NULL, NULL, NULL, NULL, NULL, NULL),
(257, 'Alecrim', NULL, NULL, NULL, 1, '<p>O alecrim &eacute; um arbusto cujas folhas podem ser usadas secas ou frescas.</p>\r\n<p>Ele tem propriedades excitantes, t&ocirc;nicas e estimulantes.</p>\r\n<p>Ele &eacute; usado principalmente com carnes como vitelo, cordeiro, aves e ca&ccedil;a. Seu sabor &eacute; muito forte para ser usado com peixes.</p>\r\n<p>Tamb&eacute;m &eacute; usado em pizzas, foccacia, massas e risottos.</p>\r\n<p>A sua flor &eacute; muita apreciada pelas abelhas que produzem um mel de  extrema qualidade.</p>', NULL, NULL, NULL, NULL, NULL, NULL, NULL, NULL, NULL, NULL),
(258, 'Cerefólio', NULL, NULL, NULL, 1, '<p>O ceref&oacute;lio &eacute; uma erva parente da salsa, de aroma delicado. Ele faz parte das ervas que comp&otilde;em as ervas finas arom&aacute;ticas.</p>\r\n<p>Suas folhas secas s&atilde;o usadas como especiaria, lembrando uma mistura de <a title=\"Anis\" href=\"http://pt.wikipedia.org/wiki/Anis\"></a>anis e salsa<a title=\"Salsa\" href=\"http://pt.wikipedia.org/wiki/Salsa\"></a>.</p>\r\n<p>Suas sementes s&atilde;o usadas no Norte de &Aacute;frica como especiaria nos mesmos pratos que o coentro.</p>\r\n<p>Ele &eacute; muito usado na cozinha francesa, pode tamb&eacute;m ser usado como corante amarelo e vai bem em tudo o que leva salsa: omeletes, saladas, vinagretes, molhos com creme, sopas, pratos com ovos, frangos, peixes e carnes assadas. Quando o prato for cozido, coloque-o no &uacute;ltimo instante.</p>', NULL, NULL, NULL, NULL, NULL, NULL, NULL, NULL, NULL, NULL),
(259, 'Salsa ou Salsinha', NULL, NULL, NULL, 1, '<p>A salsa ou salsinha tem folhas verdes e achatadas, &eacute; resistente e altamente nutritiva.</p>\r\n<p>Ela tem um aroma suave e agrad&aacute;vel. Quando cozida, destaca o sabor do prato principal.</p>\r\n<p>Suas folhas podem ser usadas, seu talo &eacute; usado no Bouquet Garni ou na elabora&ccedil;&atilde;o de caldos.</p>\r\n<p>Na Fran&ccedil;a, &eacute; utilizada para se fazer o <em>persillade</em>, que &eacute; uma mistura de salsa e alho picados, usada para polvilhar todo tipo de prato antes de serem servidos.</p>\r\n<p>A <em>gremolata</em> &eacute; uma mistura de salsa, alho e um pouco de lim&atilde;o, tamb&eacute;m usada para polvilhar pratos antes de serem servidos.</p>', NULL, NULL, NULL, NULL, NULL, NULL, NULL, NULL, NULL, NULL),
(260, 'Dill ou Endro ou Aneto', NULL, NULL, NULL, 1, '<p>O dill &eacute; uma erva verde claro, de folhas finas e flores pequenas entre o verde e o amarelo.</p>\r\n<p>Suas folhas d&atilde;o sabor suave e agrad&aacute;vel a comidas pouco temperadas como arroz, sopas, saladas e peixes. Tamb&eacute;m fica bom com ovos, pepino e queijo <em>cottage</em>.</p>\r\n<p>Fica excelente quando usado com salmon.</p>\r\n<p>Suas sementes e folhas s&atilde;o essencias no preparo de <em>picles</em> e vinagretes arom&aacute;ticos. Ele tamb&eacute;m faz parte dos ingredientes do molho <em>curry</em>.</p>', NULL, NULL, NULL, NULL, NULL, NULL, NULL, NULL, NULL, NULL),
(261, 'Sálvia', NULL, NULL, NULL, 1, '<p>A s&aacute;lvia &eacute; uma erva de folhas aveludadas, com sabor forte e que tende a predominar.</p>\r\n<p>Ela &eacute; usada no preparo de feij&atilde;o seco e de carnes gordurosas como as de porco, ganso, pato, peixe gordo, novilho e massas.</p>\r\n<p>Na It&aacute;lia, &eacute; utilizada no saltimboca e no f&iacute;gado.</p>\r\n<p>&nbsp;</p>', NULL, NULL, NULL, NULL, NULL, NULL, NULL, NULL, NULL, NULL),
(262, 'Arruda', NULL, NULL, NULL, 1, '<p>A arruda &eacute; uma erva com folhas fortemente arom&aacute;ticas e amargas.</p>\r\n<p>Na Roma antiga era usada como tempero para carnes.</p>\r\n<p>Na It&aacute;lia atual &eacute; usada em saladas mistas.</p>\r\n<p>Ela &eacute; boa para refrescar as vistas que est&atilde;o irritadas: basta socar  um galhinho de arruda no fundo do copo e encher o copo de &aacute;gua gelada e  ir pingando nos olhos aos poucos com ajuda de um algod&atilde;o.</p>\r\n<p>Tamb&eacute;m &eacute; muito usada para tratamento de machucados, entorses e hematomas.</p>\r\n<p>Deve ser usada com cuidado e mulheres gr&aacute;vidas n&atilde;o devem consum&iacute;-la.</p>', NULL, NULL, NULL, NULL, NULL, NULL, NULL, NULL, NULL, NULL),
(263, 'Orégano', NULL, NULL, NULL, 1, '<p>O or&eacute;gano &eacute; uma erva perene, de sabor forte e arom&aacute;tico, muito utilizado na cozinha do Mediterr&acirc;neo.</p>\r\n<p>Sus folhas s&atilde;o utilizadas frescas ou secas, em carnes, aves, ovos, massas, sopas, molhos, arroz, vegetais refogados, caldeiradas, queijo fresco e requeij&atilde;o.</p>\r\n<p>Combina especialmente com tomates frescos, molho de tomate e pizzas.</p>\r\n<p>Faz parte do <em>Fine Herbes</em> franc&ecirc;s.</p>', NULL, NULL, NULL, NULL, NULL, NULL, NULL, NULL, NULL, NULL),
(264, 'Lúcia-Lima ou Verbena', NULL, NULL, NULL, 1, '<p>A l&uacute;cia-lima &eacute; uma erva que confere um sabor alimonado aos pratos de peixe ou de aves, &agrave;s marinadas de vegetais, aos molhos para saladas, &aring;s compotas, aos pudins e &aring;s bebidas.</p>\r\n<p>Ela tamb&eacute;m &eacute; usada em infus&otilde;es herbais e para fazer sorvetes.</p>\r\n<p>Suas folhas d&atilde;o sabor aos pudins de arroz, ao <span class=\"st\"><em>cr&egrave;me</em></span><em> brull&eacute;e</em> e ao creme caramelo.</p>', NULL, NULL, NULL, NULL, NULL, NULL, NULL, NULL, NULL, NULL),
(265, 'Bergamota ou Tangerina ou Mexerica ou Laranja-Cravo', NULL, NULL, NULL, 22, '<p>A bergamota &eacute; uma fruta c&iacute;trica de sabor adocicado.</p>\r\n<p>Suas folhas podem ser usadas em bebidas de ver&atilde;o, no ch&aacute; (calmante e que se conserva na geladeira por at&eacute; 3 semanas), em saladsa, sobremesas e com carnes.</p>\r\n<p>Suas flores podem ser colocadas em saladas.</p>', NULL, NULL, NULL, NULL, NULL, NULL, NULL, NULL, NULL, NULL),
(266, 'Hissopo', NULL, NULL, NULL, 1, '<p>O hissopo &eacute; um pequeno arbusto arom&aacute;tico. Suas folhas picadas podem ser usadas com carne de porco, no recheio de ganso ou de pato, no molho de carne, em sopas.</p>\r\n<p>Suas flores ficam bem em saladas.</p>', NULL, NULL, NULL, NULL, NULL, NULL, NULL, NULL, NULL, NULL),
(267, 'Segurelha', NULL, NULL, NULL, 1, '<p>A segurelha &eacute; uma erva de aroma e sabor amargo muito boa para a digest&atilde;o.</p>\r\n<p>Suas folhas picadas d&atilde;o um toque apimentado.</p>\r\n<p>Liga bem com feij&atilde;o e lentilha secos, com feij&atilde;o fresco, d&aacute; sabor a legumes e fica muito boa na prepara&ccedil;&atilde;o de peixe e carne panados, f&iacute;gados e sopas.</p>\r\n<p>Faz parte do <em>Fine Herbes</em> e das <em>Herbes de Provence</em>.</p>', NULL, NULL, NULL, NULL, NULL, NULL, NULL, NULL, NULL, NULL),
(268, 'Segurelha', NULL, NULL, NULL, 1, '<p>A segurelha &eacute; uma erva de aroma e sabor amargo muito boa para a digest&atilde;o.</p>\r\n<p>Suas folhas picadas d&atilde;o um toque apimentado.</p>\r\n<p>Liga bem com feij&atilde;o e lentilha secos, com feij&atilde;o fresco, d&aacute; sabor a legumes e fica muito boa na prepara&ccedil;&atilde;o de peixe e carne panados, f&iacute;gados e sopas.</p>\r\n<p>Faz parte do <em>Fine Herbes</em> e das <em>Herbes de Provence</em>.</p>', NULL, NULL, NULL, NULL, NULL, NULL, NULL, NULL, NULL, NULL),
(269, 'Segurelha', NULL, NULL, NULL, 1, '<p>A segurelha &eacute; uma erva de aroma e sabor amargo muito boa para a digest&atilde;o.</p>\r\n<p>Suas folhas picadas d&atilde;o um toque apimentado.</p>\r\n<p>Liga bem com feij&atilde;o e lentilha secos, com feij&atilde;o fresco, d&aacute; sabor a legumes e fica muito boa na prepara&ccedil;&atilde;o de peixe e carne panados, f&iacute;gados e sopas.</p>\r\n<p>Faz parte do <em>Fine Herbes</em> e das <em>Herbes de Provence</em>.</p>', NULL, NULL, NULL, NULL, NULL, NULL, NULL, NULL, NULL, NULL);
INSERT INTO `ingredientes` (`id`, `nome`, `nome_cientifico`, `preco`, `propriedades_nutricionais`, `grupo_id`, `descricao`, `beneficios`, `qualificacoes`, `restricoes`, `picture_updated_at`, `sazonalidade_inicial`, `sazonalidade_final`, `image`, `historico`, `updated_at`, `created_at`) VALUES
(270, 'Alcaravia ou Cominho ou Kümel', NULL, NULL, NULL, 1, '<p>A alcaravia &eacute; uma erva cujas folhas novas s&atilde;o usadas em sopas e saladas e salpicadas em verduras.</p>\r\n<p>Suas sementes s&atilde;o utilizadas para condimentar bolos, biscoitos, p&atilde;es, queijos, pickels e legumes cozidos (principalmente ra&iacute;zes)</p>\r\n<p>&nbsp;</p>', NULL, NULL, NULL, NULL, NULL, NULL, NULL, NULL, NULL, NULL),
(271, 'Levístico', NULL, NULL, NULL, 1, '<p>O lev&iacute;stico &eacute; uma planta cujo sabor lembra a combina&ccedil;&atilde;o do aipo e da salsinha, podendo ser substitu&iacute;do pela mistura destes dois.</p>\r\n<p>Suas folhas, sementes e frutas s&atilde;o utilizadas na culin&aacute;ria.</p>\r\n<p>Suas folhas picadas d&atilde;o um sabor apimentado a saladas, sopas e carnes.</p>', NULL, NULL, NULL, NULL, NULL, NULL, NULL, NULL, NULL, NULL),
(272, 'Sabugueiro', NULL, NULL, NULL, 1, '<p>Do sabugueiro, apenas as flores e os frutos maduros podem ser usados na culin&aacute;ria, pois suas folhas, galhos, ramos, sementes e ra&iacute;zes s&atilde;o t&oacute;xicos.</p>\r\n<p>As flores frescas podem ser usadas para se fazer vinho, em sobremesas e para dar sabor a gelatinas de frutas.</p>\r\n<p>Seus frutos podem ser usados em tortas e molhos doces, para fazer gel&eacute;ia, gelatina e chutney.</p>', NULL, NULL, NULL, NULL, NULL, NULL, NULL, NULL, NULL, NULL),
(273, 'Camomila ou Macela ou Mançanila', NULL, NULL, NULL, 1, '<p>A camomila &eacute; uma erva cujos talo e extremidades floridas s&atilde;o usadas secas ou frescas em infus&atilde;o arom&aacute;tica e ligeiramente amarga.</p>\r\n<p>Suas pequenas flores amarelas e brancas, semelhantes a margaridas, podem ser usadas em saladas.</p>\r\n<p>Ela &eacute; digestiva, sedativa e t&ocirc;nica.</p>\r\n<p>&nbsp;</p>', NULL, NULL, NULL, NULL, NULL, NULL, NULL, NULL, NULL, NULL),
(275, 'Tomate Cereja (aperitivo, saladas)', NULL, NULL, NULL, 18, '<blockquote>\r\n<p>O tomate cereja&nbsp;&eacute;&nbsp;um \"mini-tomate\", com tamanho pequeno, redondo ou oblongo, &eacute; delicado e adocicado.</p>\r\n<p>Ele &eacute;&nbsp;utilizado como aperitivo ou em saladas. Pode tamb&eacute;m ser cozido.</p>\r\n<p>&nbsp;</p>\r\n</blockquote>', NULL, NULL, NULL, NULL, NULL, NULL, NULL, NULL, NULL, NULL),
(276, 'Pimenta Malagueta', NULL, NULL, NULL, 6, '<p>A Pimenta Malagueta pode ser verde (imatura) ou vermelha (madura).</p>\r\n<p>Sua pung&ecirc;ncia &eacute; picante m&eacute;dio a alto e com aroma baixo.</p>\r\n<p>Pode ser usada como condimento no preparo de peixes, acaraj&eacute;s e carnes; molhos de pimentas e  conservas</p>', NULL, NULL, NULL, NULL, NULL, NULL, NULL, NULL, NULL, NULL),
(277, 'Pimenta-de-Cheiro', NULL, NULL, NULL, 6, '<p>A Pimenta de Cheiro tem frutos amarelo leitoso, amarelo forte, alaranjado, salmon e  vermelho at&eacute; preto (maduros).</p>\r\n<p>Sua pung&ecirc;ncia &eacute; picante baixo a picante alto e seu aroma &eacute; forte e caracter&iacute;stico</p>\r\n<p>Pode ser usada como condimento para saladas, arroz e preparo de peixes.</p>', NULL, NULL, NULL, NULL, NULL, NULL, NULL, NULL, NULL, NULL),
(279, 'Pimenta Cumarí-do-Pará', NULL, NULL, NULL, 6, '<p>A Pimenta Cumar&iacute;-do-Par&aacute; tem frutos amarelos. Sua pung&ecirc;ncia &eacute; picante alto e seu aroma m&eacute;dio.</p>\r\n<p>Pode ser usada, principalmente, em conservas.</p>', NULL, NULL, NULL, NULL, NULL, NULL, NULL, NULL, NULL, NULL),
(280, 'Pimenta Bode', NULL, NULL, NULL, 6, '<p>A Pimenta Bode tem cor amarela ou vermelha e formato arredondado ou achatado.</p>\r\n<p>Sua pung&ecirc;ncia &eacute; picante m&eacute;dio a alto e seu aroma &eacute; forte.</p>\r\n<p>Pode ser usada em temperos para carne, arroz, feij&atilde;o, pamonha salgada e biscoitos de  polvilho. Os frutos maduros s&atilde;o usados em conservas e molhos.</p>', NULL, NULL, NULL, NULL, NULL, NULL, NULL, NULL, NULL, NULL),
(281, 'Pimenta Murupi', NULL, NULL, NULL, 6, '<p>A Pimenta Murupi &eacute; alongada e pode ser verde (imatura), amarela p&aacute;lida, amarela viva ou vermelha (madura).</p>\r\n<p>Sua pung&ecirc;ncia &eacute; picante m&eacute;dia a alta e seu aroma &eacute; forte e caracter&iacute;stico.</p>\r\n<p>Pode ser usada em condimentos, molhos misturado ao caldo do tucupi e conservas com vinagre,  &oacute;leo ou soro de leite.</p>\r\n<p>&nbsp;</p>', NULL, NULL, NULL, NULL, NULL, NULL, NULL, NULL, NULL, NULL),
(282, 'Pimenta Jalapeño', NULL, NULL, NULL, 6, '<p>A Pimenta Jalape&ntilde;o &eacute; c&ocirc;nica triangular e pode ser verde clara ou escura (imatura) e vermelha (madura).</p>\r\n<p>Sua pung&ecirc;ncia &eacute; picante m&eacute;dio e tem aroma alto.</p>\r\n<p>Pode ser usada no consumo fresco, em molhos l&iacute;quidos, nas conservas em vinagre ou azeite e  desidratadas (condimentos).</p>', NULL, NULL, NULL, NULL, NULL, NULL, NULL, NULL, NULL, NULL),
(283, 'Pimenta Cambucí', NULL, NULL, NULL, 6, '<p>A Pimenta Cambuc&iacute; &eacute; arredondada a ovalada, verde (imatura), vermelha ou alaranjada (madura).</p>\r\n<p>Tem pung&ecirc;ncia doce e aroma baixo.</p>\r\n<p>Pode ser usada em saladas, cozidos e conservas.</p>', NULL, NULL, NULL, NULL, NULL, NULL, NULL, NULL, NULL, NULL),
(284, 'Licuri', NULL, NULL, NULL, 18, '<p>O Licuri &eacute; um coquinho de 1,5 cm nativo do semi&aacute;rido baiano.</p>\r\n<p>Ele &eacute; um alimento saud&aacute;vel que pode ser degustado torrado, caramelizado ou em  forma de  pa&ccedil;oca.</p>\r\n<p>Ele &eacute; rico em zinco, pot&aacute;ssio e  f&oacute;sforo.</p>', NULL, NULL, NULL, NULL, NULL, NULL, NULL, NULL, NULL, NULL),
(285, 'Umbu', NULL, NULL, NULL, 18, '<p>O umbuzeiro &eacute; uma &aacute;rvore de pequeno porte (mede at&eacute; seis metros de altura), de copa larga (at&eacute;  quinze metros de largura) e origin&aacute;ria dos chapad&otilde;es semi-&aacute;ridos do  Nordeste brasileiro.</p>\r\n<p>Suas folhas t&ecirc;m grande valor aliment&iacute;cio e gosto \"azedinho\". Seu fruto, o umbu &eacute; esverdeado, tendendo, &agrave; medida que amadurece, para a cor amarela.</p>\r\n<p>O umbu &eacute; muito rico em vitamina C e tem um sabor azedinho.</p>\r\n<p>Pode ser consumido ao  natural e tamb&eacute;m pode ser utilizado em preparos culin&aacute;rios, como sorvetes, gel&eacute;ias e  doces como a umbuzada, que &eacute; um doce nordestino preparado com leite e a&ccedil;&uacute;car.</p>', NULL, NULL, NULL, NULL, NULL, NULL, NULL, NULL, NULL, NULL),
(286, 'Semente de Manjericão', NULL, NULL, NULL, 24, '<p>A semente de manjeric&atilde;o &eacute; quase microsc&oacute;pica. O seu sabor &eacute; mais suave que o das folhas. O importante dela &eacute; a sua capa gelificante e a sua croc&acirc;ncia.</p>\r\n<p>Ela &eacute; esbranqui&ccedil;ada, mas quando amadurece e est&aacute; boa para ser consumida, fica marrom.</p>\r\n<p>Quando colocada em &aacute;gua, &eacute; um gel poderoso.</p>\r\n<p>Quando hidratada em leite e cozida rapidamente (pois o calor em excesso compromete o sabor e a textura) empresta aroma a sorvetes, cremes e chocolates.</p>', NULL, NULL, NULL, NULL, NULL, NULL, NULL, NULL, NULL, NULL),
(287, 'Semente de Chia', NULL, NULL, NULL, 24, '<p>A Chia &eacute; uma semente muito usada no M&eacute;xico. No Brasil ainda &eacute; encontrada exclusivamente em lojas de produtos naturais e mercados gourmet.</p>\r\n<p>Ela pode ser consumida crua, cozida ou assada. Seu sabor lembra o da noz.</p>\r\n<p>Crua, &eacute; mo&iacute;da e usada na massa de p&atilde;o; misturada com farinha de milho ou de trigo, em sopas e mingaus.</p>\r\n<p>Se mergulhada em &aacute;gua, vira uma bebida refrescante. Se assada, mo&iacute;da e misturada com &aacute;gua, d&aacute; uma massa gelatinosa, saborosa e nutritiva.</p>', NULL, NULL, NULL, NULL, NULL, NULL, NULL, NULL, NULL, NULL),
(288, 'Semente de Amaranto', NULL, NULL, NULL, 24, '<p>A Semente de Amaranto, se hidratada, conserva a superf&iacute;cie crocante e o interior macio.</p>\r\n<p>Ela pode ser assada, cozida ou mo&iacute;da como farinha.</p>\r\n<p>Ela &eacute; rica em prote&iacute;na e &oacute;leo.</p>', NULL, NULL, NULL, NULL, NULL, NULL, NULL, NULL, NULL, NULL),
(289, 'Semente de Aipo ou Semente de Salsão', NULL, NULL, NULL, 24, '<p>A Semente de Sals&atilde;o concentra o aroma e o sabor do sals&atilde;o fresco. Ela tem um gosto mais amargo e &eacute; rica em sais minerais.</p>\r\n<p>Na Europa, &eacute; muito usada nas misturas de temperos e embutidos.</p>\r\n<p>Ela pode ser misturada ao sal comum ou, <strong>mo&iacute;da, pode substituir o sal de cozinha</strong>.</p>\r\n<p>Ela d&aacute; sabor a carnes, sopas, molhos e &eacute; ingrediente b&aacute;sico no <em>bloody mary</em>.</p>', NULL, NULL, NULL, NULL, NULL, NULL, NULL, NULL, NULL, NULL),
(290, 'Semente de Caruru', NULL, NULL, NULL, 24, '<p>A Semente de Caruru que conhecemos no Brasil &eacute; de origem asi&aacute;tica. Ela &eacute; escura e potente: tem a mesma quantidade de prote&iacute;na da semente de quinoa.</p>\r\n<p>Suas folhas s&atilde;o muito usadas em pratos baianos.</p>\r\n<p>Quando ela &eacute; transformada em farinha, pode ser usada em p&atilde;es ou ingerida torrada.</p>', NULL, NULL, NULL, NULL, NULL, NULL, NULL, NULL, NULL, NULL),
(291, 'Semente de Milhete', NULL, NULL, NULL, 24, '<p>A Semente de Milhete &eacute; rica em prote&iacute;nas. Pode substituir &aring; altura, cereais como o arroz.</p>\r\n<p>Para que amole&ccedil;a, precisa ser cozido em leite ou em &aacute;gua.</p>\r\n<p>Na &Iacute;ndia, &eacute; usada para preparar o chapati.</p>\r\n<p>Quando crua, d&aacute; uma farinha leve e seca. Quando o gr&atilde;o est&aacute; germinado, pode ser usado em saladas e sanduiches.</p>', NULL, NULL, NULL, NULL, NULL, NULL, NULL, NULL, NULL, NULL),
(292, 'Semente de Quinoa', NULL, NULL, NULL, 24, '', NULL, NULL, NULL, NULL, NULL, NULL, NULL, NULL, NULL, NULL),
(293, 'Obá ou Semente de Shissô', NULL, NULL, NULL, 24, '<p>Shiss&ocirc; &eacute; uma erva Chinesa parente da hortel&atilde;.</p>\r\n<p>A conserva de ob&aacute; &eacute; feita com as sementes curtidas em sal por uma semana e pode ser usada como acompanhamento de carnes, arroz e at&eacute; mesmo puras.</p>', NULL, NULL, NULL, NULL, NULL, NULL, NULL, NULL, NULL, NULL),
(294, 'Semente de Flor-de-Lótus ou Hasu No Mi', NULL, NULL, NULL, 24, '<p>A forma da Semente de L&oacute;tus lembra a macad&acirc;mia.</p>\r\n<p>D&aacute; para ser comida fresca.</p>\r\n<p>Ela &eacute; vendida em pacotes, deve ser hidratada por 3 horas e depois levada &aring; panela com &aacute;gua fervente para ser comida.</p>\r\n<p>&nbsp;</p>\r\n<p>&nbsp;</p>', NULL, NULL, NULL, NULL, NULL, NULL, NULL, NULL, NULL, NULL),
(295, 'Raiz-de-Lótus', NULL, NULL, NULL, 27, '<p>A Raiz-de-L&oacute;tus &eacute; uma raiz aqu&aacute;tica cuja polpa branco-amarelada &eacute; crocante e de sabor semelhante ao do c&ocirc;co.</p>\r\n<p>Suas ra&iacute;zes podem ser vendidas frescas, em calda, em conserva e desidratadas.</p>', NULL, NULL, NULL, NULL, NULL, NULL, NULL, NULL, NULL, NULL),
(296, 'Semente-de-Ginko ou Ginnam', NULL, NULL, NULL, 24, '<p>A Semente-de-Ginko n&atilde;o pode ser comida mais do que 3 unidades por pessoa. Ela &eacute; uma iguaria no Jap&atilde;o.</p>\r\n<p>Pode entrar em flans ou em massa de peixes quando cozida e rapidamente passada no &oacute;leo.</p>', NULL, NULL, NULL, NULL, NULL, NULL, NULL, NULL, NULL, NULL),
(298, 'Tomate Santa Cruz (saladas, molhos)', NULL, NULL, NULL, 18, '<p>O tomate Santa Cruz tem&nbsp;formato oblongo e&nbsp;&eacute;&nbsp;usado em saladas e molhos.</p>', NULL, NULL, NULL, NULL, NULL, NULL, NULL, NULL, NULL, NULL),
(299, 'Tomate Caqui (saladas, lanches)', NULL, NULL, NULL, 18, '<p>O tomate Caqui&nbsp;tem formato redondo e&nbsp;&eacute; utilizado em saladas e em lanches.</p>', NULL, NULL, NULL, NULL, NULL, NULL, NULL, NULL, NULL, NULL),
(300, 'Tomate Saladete (saladas)', NULL, NULL, NULL, 18, '<p>O tomate Saladete tem formato redondo e&nbsp;&eacute;&nbsp;utilizado em saladas.</p>\r\n<p>&nbsp;</p>', NULL, NULL, NULL, NULL, NULL, NULL, NULL, NULL, NULL, NULL),
(301, 'Tomate Italiano (molhos, saladas)', NULL, NULL, NULL, 18, '<p>O tomate Italiano tem&nbsp;formato oblongo, tipicamente alongado.</p>\r\n<p>Ele &eacute; utilizado principalmente para molhos, podendo ainda fazer parte de saladas.</p>', NULL, NULL, NULL, NULL, NULL, NULL, NULL, NULL, NULL, NULL),
(302, 'Farinha de Aveia', NULL, NULL, NULL, 7, '<p>A Aveia &eacute; rica em fibras.</p>\r\n<p>Ela &eacute;&nbsp;muito utilizada em bolos, biscoitos e sucos e&nbsp;vitaminas.</p>', NULL, NULL, NULL, NULL, NULL, NULL, NULL, NULL, NULL, NULL),
(303, 'Flocos de Aveia', NULL, NULL, NULL, 24, '', NULL, NULL, NULL, NULL, NULL, NULL, NULL, NULL, NULL, NULL),
(304, 'Farelo de Aveia', NULL, NULL, NULL, 24, '', NULL, NULL, NULL, NULL, NULL, NULL, NULL, NULL, NULL, NULL),
(305, 'Azeitona Preta', NULL, NULL, NULL, 18, '<p>A Azeitona &eacute; muito cal&oacute;rica, mas &eacute; rica em vitaminas e sais minerais.</p>\r\n<p>Ela &eacute; muito usada na culin&aacute;ria Mediterr&acirc;nea.</p>', NULL, NULL, NULL, NULL, NULL, NULL, NULL, NULL, NULL, NULL),
(306, 'Azeitona Verde', NULL, NULL, NULL, 18, '', NULL, NULL, NULL, NULL, NULL, NULL, NULL, NULL, NULL, NULL),
(307, 'Azeitona Rosada', NULL, NULL, NULL, 18, '', NULL, NULL, NULL, NULL, NULL, NULL, NULL, NULL, NULL, NULL),
(308, 'Azeitona Portuguesa', NULL, NULL, NULL, 18, '', NULL, NULL, NULL, NULL, NULL, NULL, NULL, NULL, NULL, NULL),
(309, 'Azeitona Chilena', NULL, NULL, NULL, 24, '', NULL, NULL, NULL, NULL, NULL, NULL, NULL, NULL, NULL, NULL),
(310, 'Batata Asterix (frita)', NULL, NULL, NULL, 17, '<p>A Batata Asterix tem casca vermelha e polpa bastante amarela. Sua forma &eacute; oval-alongada  de tamanho grande.</p>\r\n<p>Ela &eacute;&nbsp;muito utilizada fresca e em batatas fritas.</p>\r\n<p>&nbsp;</p>', NULL, NULL, NULL, NULL, NULL, NULL, NULL, NULL, NULL, NULL),
(311, 'Batata Doce Roxa ou Vermelha (assada, sopa, torta, doce)', NULL, NULL, NULL, 17, '<p>A Batata Doce Roxa tem o corpo interno de cor amarela clara.</p>\r\n<p>Ela &eacute; utilizada na culin&aacute;ria para a produ&ccedil;&atilde;o de doces, sopas e tortas, embora seja consumida,     na maioria das vezes, assada.</p>\r\n<p>Deve ser preparada e cozida como uma batata normal.</p>\r\n<p>Ela &eacute; rica em carboidratos, fibras alimentares e possui vitaminas do complexo B e C.</p>\r\n<p>Esta batata deve ser guardada num lugar arejado, fresco e escuro.</p>', NULL, NULL, NULL, NULL, NULL, NULL, NULL, NULL, NULL, NULL),
(312, 'Batata Doce Amarela', NULL, NULL, NULL, 17, '', NULL, NULL, NULL, NULL, NULL, NULL, NULL, NULL, NULL, NULL),
(313, 'Batata Doce Branca (guarnição, sopa, bolinho, biscoito, bolo e torta)', NULL, NULL, NULL, 17, '<p>A Batata Doce Branca tem uma casca cremosa e colorida e uma polpa cremosa e amarela.</p>\r\n<p>Fica boa como guarni&ccedil;&atilde;o, em sopas, bolinhos, biscoitos, bolos e tortas.</p>', NULL, NULL, NULL, NULL, NULL, NULL, NULL, NULL, NULL, NULL),
(314, 'Batata Bartina', NULL, NULL, NULL, 17, '<p>A Batata Bartina tem casca vermelha e polpa bastante amarela.</p>\r\n<p>Ela &eacute; muito utilizada fresca.</p>', NULL, NULL, NULL, NULL, NULL, NULL, NULL, NULL, NULL, NULL),
(315, 'Batata', NULL, NULL, NULL, 17, '<p>A batata possui vitaminas do complexo B e vitamina&nbsp;C, f&oacute;sforo (em boa quantidade), ferro, pot&aacute;ssio e c&aacute;lcio.</p>\r\n<p>Ela &eacute; uma fonte importante de amido.</p>\r\n<p>Ela se divide em dois tipos b&aacute;sicos: colheita nova e colheita velha.</p>\r\n<p>A batata deve ser bem escolhida, n&atilde;o deve ser demasiadamente  serosa. Para checar isso, basta cortar um peda&ccedil;o de uma batata e passar  o dedo sobre a superf&iacute;cie descoberta. No contato, voc&ecirc; vai perceber se  ela tem naturalmente um pouquinho de cera. Batatas com cera em excesso  n&atilde;o s&atilde;o boas. As &aacute;speras tamb&eacute;m n&atilde;o. Elas v&atilde;o conferir uma textura um  pouco &ldquo;farinhenta&rdquo; ao pur&eacute;.</p>', NULL, NULL, NULL, NULL, NULL, NULL, NULL, NULL, NULL, NULL),
(316, 'Batata Désirée (cozida, assada, puré)', NULL, NULL, NULL, 17, '<p>A Batata D&eacute;sir&eacute;e tem a casca rosada, a polpa dourada e sua forma &eacute; oval-alongada de tamanho grande.</p>\r\n<p>Ela pode ser cozida, assada ou usada em pur&eacute;. Fica bem na salada.</p>\r\n<p>Ela n&atilde;o serve para fritar.</p>\r\n<p>&nbsp;</p>', NULL, NULL, NULL, NULL, NULL, NULL, NULL, NULL, NULL, NULL),
(317, 'Batata Kondor', NULL, NULL, NULL, 17, '<p>A Batata Kondor tem a casca vermelha, a polpa amarela  clara e a sua forma &eacute; oval-alongada de tamanho muito grande.</p>', NULL, NULL, NULL, NULL, NULL, NULL, NULL, NULL, NULL, NULL),
(318, 'Batata Raja (frita)', NULL, NULL, NULL, 17, '<p>A Batata Raja tem a casca vermelha, a polpa bastante  amarela e a sua forma &eacute; oval de tamanho grande.</p>\r\n<p>Pode ser consumida fresca, frita e &eacute; utilizada para batatas fritas de pacote.</p>', NULL, NULL, NULL, NULL, NULL, NULL, NULL, NULL, NULL, NULL),
(319, 'Batata Romana (assada, frita)', NULL, NULL, NULL, 17, '<p>A Batata Romana tem a casca vermelha, a polpa branco  amarelado firme e a sua forma &eacute; redondo-ovalada de tamanho grande. Ela &eacute; uma esp&eacute;cie serosa.</p>\r\n<p>Fica boa assada ou frita.</p>', NULL, NULL, NULL, NULL, NULL, NULL, NULL, NULL, NULL, NULL),
(320, 'Batata Alaska', NULL, NULL, NULL, 17, '<p>A Batata Alaska tem casca amarela e polpa amarelo-esbranqui&ccedil;ada.</p>\r\n<p>Ela &eacute; de clima Mediterr&acirc;neo.</p>', NULL, NULL, NULL, NULL, NULL, NULL, NULL, NULL, NULL, NULL),
(321, 'Batata Aminca (frita)', NULL, NULL, NULL, 17, '<p>A Batata Aminca tem casca amarela, polpa amarelo-clara e forma oval-alongada de tamanho grande.</p>\r\n<p>Ela &eacute; melhor consumida como batata frita.</p>', NULL, NULL, NULL, NULL, NULL, NULL, NULL, NULL, NULL, NULL),
(322, 'Batata Baraka (frita)', NULL, NULL, NULL, 17, '<p>A Batata Baraka tem a casca amarela clara, polpa  amarela clara e forma oval de tamanho muito grande.</p>\r\n<p>Destina-se ao consumo em batatas fritas e batatas fritas de pacote.</p>', NULL, NULL, NULL, NULL, NULL, NULL, NULL, NULL, NULL, NULL),
(323, 'Batata Bintje (cozida, frita, puré)', NULL, NULL, NULL, 17, '<p>A Batata Bintje tem a casca branca e cremosa, a polpa  amarelo-clara serosa e a sua forma &eacute; oval-alongada de tamanho grande.</p>\r\n<p>Pode ser consumida fresca, cozida, frita, como pur&eacute; e como batata frita de pacote.</p>', NULL, NULL, NULL, NULL, NULL, NULL, NULL, NULL, NULL, NULL),
(324, 'Batata Escort (frita)', NULL, NULL, NULL, 17, '<p>A Batata Escort tem a casca amarela, a polpa  amarelo-clara e sua forma &eacute; redondo-ovalada de tamanho grande</p>\r\n<p>Ela &eacute; consumida principalmente fresca e como batata  frita de pacote.</p>', NULL, NULL, NULL, NULL, NULL, NULL, NULL, NULL, NULL, NULL),
(325, 'Batata Frieslander', NULL, NULL, NULL, 17, '<p>A Batata Frieslander tem a casca amarela, polpa bastante  amarela e a sua forma &eacute; oval de tamanho grande.</p>\r\n<p>Destina-se a ser consumida fresca.</p>', NULL, NULL, NULL, NULL, NULL, NULL, NULL, NULL, NULL, NULL),
(326, 'Batata Hermes', NULL, NULL, NULL, 17, '<p>A Batata Hermes tem a casca amarela, a polpa bastante  amarela e forma redonda-ovalada de tamanho muito grande.</p>', NULL, NULL, NULL, NULL, NULL, NULL, NULL, NULL, NULL, NULL),
(327, 'Batata Jaerla', NULL, NULL, NULL, 17, '<p>A Batata Jaerla tem a casca amarela, a polpa  amarelo-clara e forma redonda-ovalada de tamanho grande.</p>', NULL, NULL, NULL, NULL, NULL, NULL, NULL, NULL, NULL, NULL),
(328, 'Batata Delaware (assada, cozida, frita, gratinada)', NULL, NULL, NULL, 17, '<p>A Batata Delaware tem a casca cremosa e a polpa branca.</p>\r\n<p>Ela pode ser assada, cozinhada no microondas ou frita.</p>\r\n<p>Fica muito bem em gratinados, mas n&atilde;o &eacute; boa para fazer pur&eacute;.</p>', NULL, NULL, NULL, NULL, NULL, NULL, NULL, NULL, NULL, NULL),
(329, 'Batata Pink Fir Apple (cozida, assada)', NULL, NULL, NULL, 17, '<p>A Batata Pink Fir Apple tem casca rosada e cremosa, a sua polpa &eacute; serosa.</p>\r\n<p>Ela pode ser cozida ou assada. Fica excelente na salada de batatas.</p>', NULL, NULL, NULL, NULL, NULL, NULL, NULL, NULL, NULL, NULL),
(330, 'Batata Spunta (assada, frita, puré, gratinada)', NULL, NULL, NULL, 17, '<p>A Batata Spunta tem casca castanha e polpa dourada.</p>\r\n<p>Ela pode ser assada, frita ou usada em pur&eacute;.</p>\r\n<p>Ela &eacute; boa para gratinados, mas pode desmanchar-se quando cozida.</p>', NULL, NULL, NULL, NULL, NULL, NULL, NULL, NULL, NULL, NULL),
(331, 'Batata Chats ou Batata Nova (cozida, assada)', NULL, NULL, NULL, 17, '<p>A Batata Chats tem a casca fina e transparente e sua polpa &eacute; doce.</p>\r\n<p>Fica boa cozida ou assada.</p>', NULL, NULL, NULL, NULL, NULL, NULL, NULL, NULL, NULL, NULL),
(332, 'Batata Patrone (cozida, salteada, assada)', NULL, NULL, NULL, 17, '<p>A Batata Patrone tem a casca cremosa, a polpa amarela e serosa.</p>\r\n<p>Ela pode ser cozida, salteada ou assada. Fica boa em salda, mas n&atilde;o para pur&eacute;.</p>', NULL, NULL, NULL, NULL, NULL, NULL, NULL, NULL, NULL, NULL),
(333, 'Batata Nicola (cozida)', NULL, NULL, NULL, 17, '<p>A Batata Nicola tem casca cremosa, polpa amarela e serosa.</p>\r\n<p>Ela pode ser cozida ou usada em salada.</p>', NULL, NULL, NULL, NULL, NULL, NULL, NULL, NULL, NULL, NULL),
(334, 'Batata Sebago (cozida, assada, frita, puré)', NULL, NULL, NULL, 17, '<p>A Batata Sebago tem casca cremosa e polpa branca.</p>\r\n<p>Ela pode ser cozida, assada ou frita e &eacute; excelente para pur&eacute;.</p>', NULL, NULL, NULL, NULL, NULL, NULL, NULL, NULL, NULL, NULL),
(335, 'Batata Russet Burbank ou Idaho (frita, assada)', NULL, NULL, NULL, 17, '<p>A Batata Idaho tem casca castanha e polpa amarelo-claro.</p>\r\n<p>Ela pode ser frita ou assada.</p>', NULL, NULL, NULL, NULL, NULL, NULL, NULL, NULL, NULL, NULL),
(336, 'Batata Pink Eye ou Southern Gold ou Sweet Gold ou Pink Gourmet (cozida, frita)', NULL, NULL, NULL, 17, '<p>A Batata Pink Eye tem casca cremosa e polpa amarela e serosa.</p>\r\n<p>Pode ser cozida, frita ou usada em saladas. N&atilde;o serve para pur&eacute;s.</p>', NULL, NULL, NULL, NULL, NULL, NULL, NULL, NULL, NULL, NULL),
(337, 'Batata Purple Congo (cozida, frita)', NULL, NULL, NULL, 17, '<p>A Batata Purple Congo tem casca roxa escuro, polpa roxa e farinhenta.</p>\r\n<p>Fica boa cozida ou frita.</p>', NULL, NULL, NULL, NULL, NULL, NULL, NULL, NULL, NULL, NULL),
(338, 'Batata Pontiac (qualquer preparo, gratinada)', NULL, NULL, NULL, 17, '<p>A Batata Pontiac tem casca vermelha e polpa branca e serosa.</p>\r\n<p>Boa para ser preparada de qualquer modo, mas especialmente para gratinados e saladas.</p>', NULL, NULL, NULL, NULL, NULL, NULL, NULL, NULL, NULL, NULL),
(339, 'Batata King Edward (frita, assada, cozida, purés)', NULL, NULL, NULL, 17, '<p>A Batata King Edward tem casca cremosa com manchas rosadas e polpa branca.</p>\r\n<p>Pode ser frita, assada, cozida ou usada em pur&eacute;s.</p>', NULL, NULL, NULL, NULL, NULL, NULL, NULL, NULL, NULL, NULL),
(340, 'Batata Coliban (assada, cozida em vapor, purés)', NULL, NULL, NULL, 17, '<p>A Batata Coliban tem casca branca e homog&ecirc;nea e sua polpa &eacute; farinhenta.</p>\r\n<p>Ela pode ser assada, cozida em vapor ou usada em pur&eacute;s, podendo desmanchar-se quando fervida.</p>', NULL, NULL, NULL, NULL, NULL, NULL, NULL, NULL, NULL, NULL),
(341, 'Batata Kipfler (cozida, salteada, assada)', NULL, NULL, NULL, 17, '<p>A Batata Kipfler tem casca dourada e polpa amarela e serosa.</p>\r\n<p>Pode ser cozida, salteada, assada ou usada em saladas.</p>', NULL, NULL, NULL, NULL, NULL, NULL, NULL, NULL, NULL, NULL),
(342, 'Batata Estima (cozida, guisados, assada)', NULL, NULL, NULL, 17, '<p>A Batata Estima &eacute; serosa e boa para saladas.</p>\r\n<p>Ela n&atilde;o se desmancha quando cozida, o que a torna ideal para guisados e assados.</p>', NULL, NULL, NULL, NULL, NULL, NULL, NULL, NULL, NULL, NULL),
(343, 'Batata Nadine (salada de batatas)', NULL, NULL, NULL, 17, '<p>A Batata Nadine &eacute; uma variedade prematura de batata serosa com polpa firme.</p>\r\n<p>Ela &eacute; boa para salada de batatas.</p>', NULL, NULL, NULL, NULL, NULL, NULL, NULL, NULL, NULL, NULL),
(344, 'Batata Francine Salad (cozida)', NULL, NULL, NULL, 17, '<p>A Batata Francine Salad &eacute; a t&iacute;pica batata inglesa nova.</p>\r\n<p>Ela &eacute; muito boa para ser cozida e servida com manteiga e cebolinha.</p>', NULL, NULL, NULL, NULL, NULL, NULL, NULL, NULL, NULL, NULL),
(345, 'Batata Pentland Javelin (salada)', NULL, NULL, NULL, 17, '<p>A Batata Pentland Javelin &eacute; uma batata serosa e com polpa firme. Ela &eacute; boa para saladas.</p>', NULL, NULL, NULL, NULL, NULL, NULL, NULL, NULL, NULL, NULL),
(346, 'Batata Jersey Royal (cozida)', NULL, NULL, NULL, 17, '<p>A Batata Jersey Royal &eacute; considerada a rainha das batatas novas.</p>\r\n<p>Ela tem uma casca fina como papel que pode ser retirada com os dedos.</p>\r\n<p>Sua polpa &eacute; serosa, muito amarela e saborosa. Ela &eacute; boa para cozinhar.</p>', NULL, NULL, NULL, NULL, NULL, NULL, NULL, NULL, NULL, NULL),
(347, 'Batata Picasso (assar, cozinhar)', NULL, NULL, NULL, 17, '<p>A Batata Picasso pode ser identificada pelos olhos avermelhados na casca.</p>\r\n<p>Sua consist&ecirc;ncia &eacute; m pouco farinhenta e serve para assar e cozinhar.</p>', NULL, NULL, NULL, NULL, NULL, NULL, NULL, NULL, NULL, NULL),
(348, 'Batata Marfona (salada)', NULL, NULL, NULL, 17, '<p>A Batata Marfona &eacute; uma variedade serosa para ser usada em saladas.</p>', NULL, NULL, NULL, NULL, NULL, NULL, NULL, NULL, NULL, NULL),
(349, 'Batata Truffle Potato ou Truffe de Chine ou Chinese Truffle (cozida)', NULL, NULL, NULL, 17, '<p>A Batata Truffle Potato tem casca preta e polpa branca e roxa.</p>\r\n<p>Ela tem muito amido e um sabor adocicado.</p>\r\n<p>Ela deve ser cozida com casca para n&atilde;o perder a cor da polpa e ser descascada imediatamente depois, pois a casca pode ficar dura.</p>\r\n<p>Pode ser servida com manteiga ou maionese.</p>', NULL, NULL, NULL, NULL, NULL, NULL, NULL, NULL, NULL, NULL),
(350, 'Batata La Ratte (cozida, salada)', NULL, NULL, NULL, 17, '<p>A Batata La Ratte &eacute; uma variedade pequena, longa e nodosa da batata nova com polpa firme.</p>\r\n<p>Tem um gosto de nozes apurado.</p>\r\n<p>Ela &eacute; boa para saladas e para cozinhar.</p>', NULL, NULL, NULL, NULL, NULL, NULL, NULL, NULL, NULL, NULL),
(351, 'Batata Maris Bard (cozinhar, saltear)', NULL, NULL, NULL, 17, '<p>A Batata Maris Bard &eacute; uma batata nova e de bom tamanho.</p>\r\n<p>Ela &eacute; boa para cozinhar e saltear.</p>', NULL, NULL, NULL, NULL, NULL, NULL, NULL, NULL, NULL, NULL),
(352, 'Batata Ambo (cozinhar, assar.)', NULL, NULL, NULL, 17, '<p>A Batata Ambo &eacute; bastante farinhenta para uma variedade nova.</p>\r\n<p>Ela &eacute; boa para cozinhar e assar.</p>', NULL, NULL, NULL, NULL, NULL, NULL, NULL, NULL, NULL, NULL),
(353, 'Batata Roseval (assar)', NULL, NULL, NULL, 17, '<p>A Batata Roseval &eacute; uma variedade de casca vermelha, boa para assar.</p>', NULL, NULL, NULL, NULL, NULL, NULL, NULL, NULL, NULL, NULL),
(354, 'Batata Salad Blue (salada)', NULL, NULL, NULL, 17, '<p>A Batata Salad Blue tem a polpa com tra&ccedil;os de azul, por isso fica interessante em saladas.</p>', NULL, NULL, NULL, NULL, NULL, NULL, NULL, NULL, NULL, NULL),
(355, 'Batata Charlotte (salteada)', NULL, NULL, NULL, 17, '<p>A Batata Charlotte &eacute; pequenina, t&iacute;pica da Fran&ccedil;a.</p>\r\n<p>Sua casca &eacute; firme e precisa ser retirada com faca.</p>\r\n<p>Ela &eacute; boa para ser salteada, mas &eacute; pequena demais para assar.</p>', NULL, NULL, NULL, NULL, NULL, NULL, NULL, NULL, NULL, NULL),
(356, 'Batata Balmoral (qualquer preparo)', NULL, NULL, NULL, 17, '<p>A Batata Balmoral &eacute; da variedade velha, com muito amido, que serve para qualquer preparo.</p>', NULL, NULL, NULL, NULL, NULL, NULL, NULL, NULL, NULL, NULL),
(357, 'Taro', NULL, NULL, NULL, 17, '<p>O Taro &eacute; um tub&eacute;rculo cheio de amido, com polpa ressecada e sabor parecido com o da batata doce.</p>\r\n<p>A cor de sua polpa varia entre creme e rosa.</p>\r\n<p>Se comido cru, &eacute; amargo.</p>\r\n<p>Deve ser descascado antes de comer e para isso, deve-se usar luva.</p>\r\n<p>Deve ser cozido como a batata. Pode ser usado em pratos doces.</p>', NULL, NULL, NULL, NULL, NULL, NULL, NULL, NULL, NULL, NULL),
(358, 'Alcachofra de Jerusalém ', NULL, NULL, NULL, 17, '<p>A Alcachofra de Jerusal&eacute;m nada tem a ver com alcachofra.</p>\r\n<p>Ao ser escolhida, n&atilde;o deve ser muito nodosa, pois &eacute; dif&iacute;cil de descascar.</p>\r\n<p>Deve ser cozida como a batata.</p>\r\n<p>Pode ser usada em sopas, guisados, gratinados e crua, bem picadinha em saladas.</p>', NULL, NULL, NULL, NULL, NULL, NULL, NULL, NULL, NULL, NULL),
(359, 'Nabo', NULL, NULL, NULL, 17, '<p>O Nabo &eacute; um legume vers&aacute;til, que pode ser amassado, cozido inteiro ou em bocados, assado ou ainda cru, cortado em fatias finas.</p>\r\n<p>Suas folhas podem ser cozidas como o espinafre.</p>\r\n<p>Tem o Nabo de T&oacute;quio (branco) e o Nabo Roxo.</p>', NULL, NULL, NULL, NULL, NULL, NULL, NULL, NULL, NULL, NULL),
(360, 'Nabo Branco', NULL, NULL, NULL, 17, '<p>O Nabo Branco &eacute; semelhante a uma cenoura e tem sabor de ervas. Possui muito amido.</p>\r\n<p>Deve ser comprado pequeno ou m&eacute;dio, pois o grande &eacute; duro.</p>\r\n<p>Pode ser usado em sopas, guisados, cru - cortado em fatias bem finas ou ralado - e, como acompanhamento.</p>', NULL, NULL, NULL, NULL, NULL, NULL, NULL, NULL, NULL, NULL),
(361, 'Salsifi Branco ou Oyster Plant', NULL, NULL, NULL, 17, '<p>O Salsifi Branco fica brilhante depois de cozido e sua casca, ent&atilde;o, sai facilmente.</p>\r\n<p>Pode ser cozido ou salteado.</p>', NULL, NULL, NULL, NULL, NULL, NULL, NULL, NULL, NULL, NULL),
(362, 'Salsifi Preto ou Escorcioneira', NULL, NULL, NULL, 17, '<p>O Salsifi Preto pode ser cozido ou salteado. Sua casca sai facilmente depois de cozida.</p>', NULL, NULL, NULL, NULL, NULL, NULL, NULL, NULL, NULL, NULL),
(364, 'Nabo da Suécia ou Rutabaga', NULL, NULL, NULL, 17, '<p>O Nabo da Su&eacute;cia pode ser amassado com batatas.</p>\r\n<p>Usado em sopas quentes, guisados e pur&eacute;s.</p>', NULL, NULL, NULL, NULL, NULL, NULL, NULL, NULL, NULL, NULL),
(365, 'Aipo-Rábano ou Raiz-de-Aipo', NULL, NULL, NULL, 17, '<p>O Aipo R&aacute;bano tem a casca castanha e nodosa, polpa branca e fibrosa e um leve sabor de aipo.</p>\r\n<p>Ele &eacute; cultivado principalmente por sua raiz.</p>\r\n<p>Ele faz parte do molho frio franc&ecirc;s <em>r&eacute;moulade</em> (maionese + aipo-r&aacute;bano ralado), que fica bom em saladas, guisados e gratinados.</p>', NULL, NULL, NULL, NULL, NULL, NULL, NULL, NULL, NULL, NULL),
(367, 'Rabanete', NULL, NULL, NULL, 17, '<p>O Rabanete tem a polpa firme, sumarenta e branca.</p>\r\n<p>O formato e a cor da casca (branco e vermelho) variam muito, bem como a variedade de consist&ecirc;ncias.</p>\r\n<p>Deve-se comprar o de cor brilhante e folhas frescas.</p>\r\n<p>Tanto ele como suas folhas podem ser usados em saladas.</p>\r\n<p>Tamb&eacute;m fica muito bom refogado e em sandu&iacute;ches.</p>', NULL, NULL, NULL, NULL, NULL, NULL, NULL, NULL, NULL, NULL),
(368, 'Daikon ou Rabanete Japonês ou Mooli', NULL, NULL, NULL, 17, '<p>O Daikon tem um sabor adocicado e fresco. Deve-se preferir os de casca branca sem manchas e n&atilde;o muito grandes, pois s&atilde;o fibrosos.</p>\r\n<p>Pode ser usado cru - em saladas, como acompanhamento de sashimi, cozido em sopas e guisados.</p>', NULL, NULL, NULL, NULL, NULL, NULL, NULL, NULL, NULL, NULL),
(369, 'Tomate', NULL, NULL, NULL, 18, '<p>O Tomate tem alto teor de &aacute;gua e &eacute; rico em vitaminas A, B e C.</p>\r\n<p>Muito usado cozido ou cru.</p>\r\n<p>Os melhores aparecem entre o fim do Ver&atilde;o e o Outono.</p>\r\n<p>Existem in&uacute;meras variedades.</p>', NULL, NULL, NULL, NULL, NULL, NULL, NULL, NULL, NULL, NULL),
(370, 'Tomate Redondo', NULL, NULL, NULL, 18, '', NULL, NULL, NULL, NULL, NULL, NULL, NULL, NULL, NULL, NULL),
(371, 'Tomate-Chucha', NULL, NULL, NULL, 18, '', NULL, NULL, NULL, NULL, NULL, NULL, NULL, NULL, NULL, NULL),
(372, 'Tomate de Vinha', NULL, NULL, NULL, 18, '', NULL, NULL, NULL, NULL, NULL, NULL, NULL, NULL, NULL, NULL),
(373, 'Tomate Amarelo', NULL, NULL, NULL, 18, '<p>Os tomates amarelos foram os primeiros tomates introduzidos na Europa.</p>', NULL, NULL, NULL, NULL, NULL, NULL, NULL, NULL, NULL, NULL),
(374, 'Beringela ou Eggplant', NULL, NULL, NULL, 18, '<p>A Beringela &eacute; um fruto brilhante, de casca lisa e se apresenta em diversas cores.</p>\r\n<p>Ela deve ser pesada para o seu tamanho.</p>\r\n<p>Algumas variedades:</p>\r\n<ul>\r\n<li>Black Beauty</li>\r\n<li>Black Enorma</li>\r\n<li>Black Prince</li>\r\n<li>Onita</li>\r\n<li>Short Tom</li>\r\n<li>Small Green</li>\r\n<li>Thai Pera</li>\r\n<li>Thai Apple (verde, pequena e redonda tipo tomate caqui)</li>\r\n<li>Variegated</li>\r\n<li>White</li>\r\n</ul>', NULL, NULL, NULL, NULL, NULL, NULL, NULL, NULL, NULL, NULL),
(375, 'Chuchu', NULL, NULL, NULL, 18, '<p>O Chuchu &eacute; um fruto em forma de p&ecirc;ra, macio e de f&aacute;cil digest&atilde;o.</p>\r\n<p>Ele deve ser pelado em &aacute;gua fria, para que a subst&acirc;ncia viscosa que gruda nas m&atilde;os&nbsp; seja facilmente remov&iacute;vel.</p>\r\n<p>Ele pode ser usado da mesma forma que uma ab&oacute;bora pequena.</p>', NULL, NULL, NULL, NULL, NULL, NULL, NULL, NULL, NULL, NULL),
(376, 'Abacate', NULL, NULL, NULL, 18, '<p>O Abacate pode ser em forma de p&ecirc;ra ou redondo, de casca &aring;spera ou lisa e brilhante.</p>\r\n<p>Sua cor pode ser verde-escura ou castanha arroxeada, com polpa de consist&ecirc;ncia de manteiga.</p>\r\n<p>Ele tem gordura do tipo monoinsaturada, mas &eacute; altamente cal&oacute;rico.</p>\r\n<p>Para que amadure&ccedil;a, coloque-o em um saco de papel junto com uma banana e deixe-o em temperatura ambiente at&eacute; que tocando perto da ponta, ceda um pouco.</p>', NULL, NULL, NULL, NULL, NULL, NULL, NULL, NULL, NULL, NULL),
(377, 'Abacate Fuerte', NULL, NULL, NULL, 18, '<p>O Abacate Fuerte &eacute; uma variedade Mexicana com casca fina e verde, polpa cremosa ou amarela, consist&ecirc;ncia de manteiga e caro&ccedil;o de tamanho m&eacute;dio.</p>\r\n<p>Sua casca &eacute; facilmente remov&iacute;vel quando maduro.</p>', NULL, NULL, NULL, NULL, NULL, NULL, NULL, NULL, NULL, NULL),
(378, 'Tomate Beefsteak', NULL, NULL, NULL, 18, '<p>O Tomate Beefsteak &eacute; carnudo, tem sabor encorpado e &eacute; excelente para saladas.</p>\r\n<p>Quando maduro, deve ser refrigerado, mas servido &aring; temperatura ambiente.</p>', NULL, NULL, NULL, NULL, NULL, NULL, NULL, NULL, NULL, NULL),
(379, 'Tomate Seco', NULL, NULL, NULL, 18, '<p>O Tomate Seco n&atilde;o precisa de muita &aacute;gua para ser reconstitu&iacute;do. Ele pode ser fervido apenas em fogo brando, at&eacute; que fique tenro.</p>', NULL, NULL, NULL, NULL, NULL, NULL, NULL, NULL, NULL, NULL),
(380, 'Beringela Seca', NULL, NULL, NULL, 18, '<p>A Beringela Seca deve ser guardada em lugar seco, fresco e escuro.</p>\r\n<p>Para que seja reconstitu&iacute;da, deve ser mergulhada em &aacute;gua quente por cerca de 2 horas e, ent&atilde;o, fervida at&eacute; ficar macia.</p>', NULL, NULL, NULL, NULL, NULL, NULL, NULL, NULL, NULL, NULL),
(382, 'Cebola Espanhola', NULL, NULL, NULL, 19, '<p>A Cebola Espanhola &eacute; grande e tem cor cobre, &eacute; suave e adocicada. Ela &eacute; ideal para saladas.</p>\r\n<p>Tamb&eacute;m pode ser frita ou assada.</p>', NULL, NULL, NULL, NULL, NULL, NULL, NULL, NULL, NULL, NULL),
(383, 'Cebola', NULL, NULL, NULL, 19, '<p>A Cebola existe seca e verde.</p>\r\n<p>As secas s&atilde;o deixadas no solo para amadurecer e t&ecirc;m uma casca externa mais dura, o que aumenta o seu tempo de dura&ccedil;&atilde;o.</p>\r\n<p>As verdes s&atilde;o novas e imaturas.</p>', NULL, NULL, NULL, NULL, NULL, NULL, NULL, NULL, NULL, NULL),
(384, 'Cebola Chalota', NULL, NULL, NULL, 19, '<p>A Cebola Chalota &eacute; pequena e tem sabor mais leve, delicado e adocicado do que a cebola.</p>\r\n<p>Existem v&aacute;rios tipos, entre eles, a cinza, a rosa e a castanha.</p>\r\n<p>Ela &eacute; mais encontrada na Primavera e no Ver&atilde;o.</p>\r\n<p>Ela &eacute; muito usada em pratos franceses.</p>', NULL, NULL, NULL, NULL, NULL, NULL, NULL, NULL, NULL, NULL),
(385, 'Cebola Vermelha', NULL, NULL, NULL, 19, '<p>A Cebola Vermelha &eacute; suave e adocicada.</p>\r\n<p>Ela &eacute; &oacute;tima crua em saladas ou como entrada.</p>', NULL, NULL, NULL, NULL, NULL, NULL, NULL, NULL, NULL, NULL),
(386, 'Cebolo ou Escalônia', NULL, NULL, NULL, 19, '<p>O Cebolo &eacute; ideal para se fazer <em>pickles</em> quando ainda novo.</p>\r\n<p>Ele pode ser comido cru ou tamb&eacute;m pode ser usado como a cebolinha.</p>', NULL, NULL, NULL, NULL, NULL, NULL, NULL, NULL, NULL, NULL),
(387, 'Alho Porró ou Alho Francês', NULL, NULL, NULL, 36, '<p>O Alho Porr&oacute; fica bom em sopas e guisados, em molhos de massas e em risottos.</p>', NULL, NULL, NULL, NULL, NULL, NULL, NULL, NULL, NULL, NULL),
(388, 'Alho', NULL, NULL, NULL, 19, '<p>O Alho tem sabor forte e &aacute;cido.</p>\r\n<p>Quanto menor o bulbo, mais forte seu sabor.</p>\r\n<p>Ele tem propriedades terap&ecirc;uticas, como por exemplo, baixar o colesterol do sangue. Tamb&eacute;m ajuda na preven&ccedil;&atilde;o de c&acirc;ncer e derrames e ajuda na absor&ccedil;&atilde;o de vitaminas.</p>\r\n<p>Ele deve ser firme e redondo, com a casca clara e tipo papel. Deve ser armazenado em lugar fresco e seco.</p>\r\n<p>Ele &eacute; bastante usado em molhos, salsas, manteigas, saladas, marinadas, sopas e guisados.</p>', NULL, NULL, NULL, NULL, NULL, NULL, NULL, NULL, NULL, NULL),
(389, 'Óleo de Canola', NULL, NULL, NULL, 13, '<p>O &Oacute;leo de Canola &eacute; refinado da semente de colza e &eacute; desenvolvido no Canad&aacute;.</p>\r\n<p>Ele &eacute; rico em gorduras monoinsaturadas, muito pobre em saturados e tem boa dose de polinsaturados de &ocirc;mega-6 e &ocirc;mega-3.</p>', NULL, NULL, NULL, NULL, NULL, NULL, NULL, NULL, NULL, NULL),
(390, 'Azeite de Oliva', NULL, NULL, NULL, 13, '<p>O Azeite de Oliva &eacute; o mais rico dos &oacute;leos em gorduras monoinsaturadas, com uma pequena quantidade de gorduras saturadas e &ocirc;mega-6.</p>\r\n<p>Ele &eacute; bastante usado em tempero para salada.</p>', NULL, NULL, NULL, NULL, NULL, NULL, NULL, NULL, NULL, NULL),
(391, 'Louro', NULL, NULL, NULL, 2, '<p>O Louro pode ser usado fresco, diretamente da &aacute;rvore, ou seco.</p>\r\n<p>Se algumas folhas secas forem colocadas em um vidro de conserva com arroz, dar&atilde;o gosto ao arroz e evitar&atilde;o os gorgulhos.</p>', NULL, NULL, NULL, NULL, NULL, NULL, NULL, NULL, NULL, NULL),
(392, 'Açúcar', NULL, NULL, NULL, 4, '', NULL, NULL, NULL, NULL, NULL, NULL, NULL, NULL, NULL, NULL),
(393, 'Leite de Vaca', NULL, NULL, NULL, 14, '<p>O Leite de Vaca pasteurizado cont&eacute;m 3,9 a 5% de gordura. Quando ele &eacute; homogeneizado, a nata &eacute; distribu&iacute;da por igual.</p>', NULL, NULL, NULL, NULL, NULL, NULL, NULL, NULL, NULL, NULL),
(394, 'Sal', NULL, NULL, NULL, 6, '<p>O Sal &eacute; adicionado &aring; maioria dos pratos, mesmo os doces, para real&ccedil;ar o sabor.</p>', NULL, NULL, NULL, NULL, NULL, NULL, NULL, NULL, NULL, NULL),
(395, 'Sal Grosso', NULL, NULL, NULL, 6, '', NULL, NULL, NULL, NULL, NULL, NULL, NULL, NULL, NULL, NULL),
(396, 'Sal Curado', NULL, NULL, NULL, 6, '', NULL, NULL, NULL, NULL, NULL, NULL, NULL, NULL, NULL, NULL),
(397, 'Sal Refinado', NULL, NULL, NULL, 6, '', NULL, NULL, NULL, NULL, NULL, NULL, NULL, NULL, NULL, NULL),
(398, 'Sal em Pedra', NULL, NULL, NULL, 6, '', NULL, NULL, NULL, NULL, NULL, NULL, NULL, NULL, NULL, NULL),
(399, 'Sal Marinho', NULL, NULL, NULL, 6, '', NULL, NULL, NULL, NULL, NULL, NULL, NULL, NULL, NULL, NULL),
(400, 'Sal Aromatizado', NULL, NULL, NULL, 6, '', NULL, NULL, NULL, NULL, NULL, NULL, NULL, NULL, NULL, NULL),
(401, 'Sal Temperado', NULL, NULL, NULL, 6, '', NULL, NULL, NULL, NULL, NULL, NULL, NULL, NULL, NULL, NULL),
(402, 'Sumac ou Sumak ou Sumagre', NULL, NULL, NULL, 6, '<p>O Sumac &eacute; um p&oacute; vermelho e &aacute;cido extra&iacute;do das frutas da planta sumagre, arbusto que cresce nas montanhas do L&iacute;bano.<span style=\"font-size: 9pt; color: black; font-family: Georgia;\"></span></p>\r\n<p>Ele tem um gosto amargo, parecido com o do lim&atilde;o e &aacute;cido, de fruta silvestre.</p>\r\n<p>Ele &eacute; um dos ingredientes do Zahtar.</p>\r\n<p>Alguns pratos preparados com ele s&atilde;o acelga recheada e tabule.</p>\r\n<p>Fica bem se usado em pratos frios como em saladas e pastas. Misturado com iogurte e ervas, confere um sabor leve e refrescante.</p>\r\n<p>Se misturado com azeite, pode ser servido com p&atilde;o como aperitivo.</p>', NULL, NULL, NULL, NULL, NULL, NULL, NULL, NULL, NULL, NULL),
(403, 'Ovo de Galinha', NULL, NULL, NULL, 15, '', NULL, NULL, NULL, NULL, NULL, NULL, NULL, NULL, NULL, NULL),
(405, 'Abobrinha Amarela ou Courgette Jaune', NULL, NULL, NULL, 18, '', NULL, NULL, NULL, NULL, NULL, NULL, NULL, NULL, NULL, NULL),
(406, 'Abobrinha Verde ou Abobrinha Italiana ou Courgette Verte', NULL, NULL, NULL, 18, '', NULL, NULL, NULL, NULL, NULL, NULL, NULL, NULL, NULL, NULL),
(407, 'Queijo Parmesão ou Parmigiano-Reggiano', NULL, NULL, NULL, 14, '', NULL, NULL, NULL, NULL, NULL, NULL, NULL, NULL, NULL, NULL),
(408, 'Carcaça de Ave', NULL, NULL, NULL, 31, '', NULL, NULL, NULL, NULL, NULL, NULL, NULL, NULL, NULL, NULL),
(409, 'Água Potável Fria', NULL, NULL, NULL, 33, '', NULL, NULL, NULL, NULL, NULL, NULL, NULL, NULL, NULL, NULL),
(410, 'Salsão ou Aipo', NULL, NULL, NULL, 36, '<p>O aipo pode ser comido cru ou cozido.</p>', NULL, NULL, NULL, NULL, NULL, NULL, NULL, NULL, NULL, NULL),
(411, 'Cebola Piquet', NULL, NULL, NULL, 19, '<p>A Cebola Piquet &eacute; uma cebola espetada de cravos para dar sabor ao preparo de alguns pratos.</p>', NULL, NULL, NULL, NULL, NULL, NULL, NULL, NULL, NULL, NULL),
(412, 'Bouquet Garni', NULL, NULL, NULL, 19, '<p>O Bouquet Garni &eacute; um amarrado de temperos:</p>\r\n<p>2 folhas de alho-por&oacute; (a parte verde)</p>\r\n<p>1 talo de sals&atilde;o (aipo) pequeno</p>\r\n<p>1 talo de salsinha</p>\r\n<p>1 ramo de tomilho</p>\r\n<p>1 folha de louro</p>\r\n<p>2 gr&atilde;os de pimenta do reino</p>\r\n<p>Amarre com um barbante o aipo, a salsinha, o tomilho e o louro dentro das folhas de alho-por&oacute;.</p>\r\n<p>&lt;!--  /* Font Definitions */ @font-face 	{font-family:\"Cambria Math\"; 	panose-1:2 4 5 3 5 4 6 3 2 4; 	mso-font-charset:0; 	mso-generic-font-family:auto; 	mso-font-pitch:variable; 	mso-font-signature:-536870145 1107305727 0 0 415 0;}  /* Style Definitions */ p.MsoNormal, li.MsoNormal, div.MsoNormal 	{mso-style-unhide:no; 	mso-style-qformat:yes; 	mso-style-parent:\"\"; 	margin:0cm; 	margin-bottom:.0001pt; 	mso-pagination:widow-orphan; 	font-size:12.0pt; 	font-family:\"Times New Roman\"; 	mso-fareast-font-family:\"Times New Roman\"; 	mso-fareast-language:PT-BR;} .MsoChpDefault 	{mso-style-type:export-only; 	mso-default-props:yes; 	font-size:10.0pt; 	mso-ansi-font-size:10.0pt; 	mso-bidi-font-size:10.0pt;} @page WordSection1 	{size:612.0pt 792.0pt; 	margin:72.0pt 90.0pt 72.0pt 90.0pt; 	mso-header-margin:36.0pt; 	mso-footer-margin:36.0pt; 	mso-paper-source:0;} div.WordSection1 	{page:WordSection1;} --&gt;&nbsp;<a name=\"OLE_LINK1\"> &lt;!--  /* Font Definitions */ @font-face 	{font-family:\"Cambria Math\"; 	panose-1:2 4 5 3 5 4 6 3 2 4; 	mso-font-charset:0; 	mso-generic-font-family:auto; 	mso-font-pitch:variable; 	mso-font-signature:-536870145 1107305727 0 0 415 0;}  /* Style Definitions */ p.MsoNormal, li.MsoNormal, div.MsoNormal 	{mso-style-unhide:no; 	mso-style-qformat:yes; 	mso-style-parent:\"\"; 	margin:0cm; 	margin-bottom:.0001pt; 	mso-pagination:widow-orphan; 	font-size:12.0pt; 	font-family:\"Times New Roman\"; 	mso-fareast-font-family:\"Times New Roman\"; 	mso-fareast-language:PT-BR;} .MsoChpDefault 	{mso-style-type:export-only; 	mso-default-props:yes; 	font-size:10.0pt; 	mso-ansi-font-size:10.0pt; 	mso-bidi-font-size:10.0pt;} @page WordSection1 	{size:612.0pt 792.0pt; 	margin:72.0pt 90.0pt 72.0pt 90.0pt; 	mso-header-margin:36.0pt; 	mso-footer-margin:36.0pt; 	mso-paper-source:0;} div.WordSection1 	{page:WordSection1;} --&gt;&nbsp;<span style=\"font-size: 12.0pt; font-family: &quot;Times New Roman&quot;; mso-fareast-font-family: &quot;Times New Roman&quot;; mso-ansi-language: PT-BR; mso-fareast-language: PT-BR; mso-bidi-language: AR-SA;\"></span></a></p>', NULL, NULL, NULL, NULL, NULL, NULL, NULL, NULL, NULL, NULL),
(413, 'Pimenta do Reino Branca', NULL, NULL, NULL, 6, '', NULL, NULL, NULL, NULL, NULL, NULL, NULL, NULL, NULL, NULL),
(414, 'Pimenta do Reino Preta', NULL, NULL, NULL, 6, '', NULL, NULL, NULL, NULL, NULL, NULL, NULL, NULL, NULL, NULL),
(415, 'Manteiga', NULL, NULL, NULL, 13, '', NULL, NULL, NULL, NULL, NULL, NULL, NULL, NULL, NULL, NULL),
(416, 'Manteiga sem sal', NULL, NULL, NULL, 13, '', NULL, NULL, NULL, NULL, NULL, NULL, NULL, NULL, NULL, NULL),
(417, 'Vieira', NULL, NULL, NULL, 26, '', NULL, NULL, NULL, NULL, NULL, NULL, NULL, NULL, NULL, NULL),
(418, 'Linguine ou Tagliatelle ou Bavette', NULL, NULL, NULL, 25, '', NULL, NULL, NULL, NULL, NULL, NULL, NULL, NULL, NULL, NULL),
(419, 'Frango Inteiro', NULL, NULL, NULL, 31, '', NULL, NULL, NULL, NULL, NULL, NULL, NULL, NULL, NULL, NULL),
(420, 'Vinho Branco', NULL, NULL, NULL, 33, '', NULL, NULL, NULL, NULL, NULL, NULL, NULL, NULL, NULL, NULL),
(421, 'Ossos de Vitelo', NULL, NULL, NULL, 30, '', NULL, NULL, NULL, NULL, NULL, NULL, NULL, NULL, NULL, NULL),
(422, 'Margarina para Culinária', NULL, NULL, NULL, 13, '', NULL, NULL, NULL, NULL, NULL, NULL, NULL, NULL, NULL, NULL),
(423, 'Gema de Ovo de Galinha', NULL, NULL, NULL, 15, '', NULL, NULL, NULL, NULL, NULL, NULL, NULL, NULL, NULL, NULL),
(424, 'Clara de Ovo de Galinha', NULL, NULL, NULL, 15, '', NULL, NULL, NULL, NULL, NULL, NULL, NULL, NULL, NULL, NULL),
(425, 'Vinagre de Sidra ou de Maçã', NULL, NULL, NULL, 12, '<p><span class=\"inbox\">O Vinagre de Sidra ou de Ma&ccedil;&atilde; &eacute; obtido a partir do suco fermentado da ma&ccedil;&atilde;.</span></p>\r\n<p><span class=\"inbox\"> Ele &eacute; o menos &aacute;cido.</span></p>\r\n<p><span class=\"inbox\">Fica &oacute;timo em molhos de saladas, conservas,  pratos agridoces e para acentuar o sabor de molhos que acompanham  carnes. </span></p>', NULL, NULL, NULL, NULL, NULL, NULL, NULL, NULL, NULL, NULL),
(426, 'Vinagre de Malte', NULL, NULL, NULL, 12, '<p><span class=\"inbox\">O Vinagre de Malte &eacute; um produto escuro e fermentado, feito a partir do  malte de cevada.</span></p>\r\n<p><span class=\"inbox\">Ele &eacute; usado tradicionalmente na Inglaterra para companhar o  cl&aacute;ssico peixe e batatas fritas (<em>fish and chips</em>).</span></p>\r\n<p><span class=\"inbox\">&Eacute; tamb&eacute;m usado em  molhos para saladas.</span></p>', NULL, NULL, NULL, NULL, NULL, NULL, NULL, NULL, NULL, NULL),
(427, 'Vinagre de Arroz', NULL, NULL, NULL, 12, '<p>O Vinagre de Arroz <span class=\"inbox\">&eacute; o vinagre japon&ecirc;s obtido a partir da fermenta&ccedil;&atilde;o  do arroz.</span></p>\r\n<p><span class=\"inbox\">Ele &eacute; mais suave e ligeiramente adocicado. &Eacute; misturado ao arroz cozido para fazer  sushi e usado em pratos agridoces. O chin&ecirc;s &eacute; mais forte e ligeiramente  &aacute;cido.</span></p>\r\n<p><span class=\"inbox\">Pode ser encontrado em  lojas de produtos orientais. </span></p>', NULL, NULL, NULL, NULL, NULL, NULL, NULL, NULL, NULL, NULL),
(428, 'Vinagre de Vinho', NULL, NULL, NULL, 12, '<p><span class=\"inbox\">O Vinagre de Vinho &eacute; o mais comum e elaborado a partir do vinho tinto  ou branco.</span></p>\r\n<p><span class=\"inbox\">Sua qualidade difere de uma marca para outra e alguns s&atilde;o bem  &aacute;cidos.</span></p>\r\n<p><span class=\"inbox\">Ele &eacute; &oacute;timo para temperar qualquer alimento e para marinadas. </span></p>', NULL, NULL, NULL, NULL, NULL, NULL, NULL, NULL, NULL, NULL),
(429, 'Vinagre de Álcool', NULL, NULL, NULL, 12, '<p>O Vinagre de &Aacute;lcool <span class=\"inbox\">&eacute; o mais forte de todos.</span></p>\r\n<p><span class=\"inbox\">Ele apresenta elevada porcentagem de &aacute;lcool.</span></p>\r\n<p><span class=\"inbox\">Deve ser usado apenas em conservas.</span></p>', NULL, NULL, NULL, NULL, NULL, NULL, NULL, NULL, NULL, NULL),
(430, 'Vinagre de Champagne ou de Cava ou de Espumante', NULL, NULL, NULL, 12, '<p>O Vinagre de Champagne <span class=\"inbox\">&eacute; um produto de cor p&aacute;lida e sabor elegante.</span></p>', NULL, NULL, NULL, NULL, NULL, NULL, NULL, NULL, NULL, NULL),
(431, 'Vinagre de Xerez', NULL, NULL, NULL, 12, '<p>O Viangre de Xerez &eacute; um <span class=\"inbox\">produto t&iacute;pico da Espanha.</span></p>\r\n<p><span class=\"inbox\">Ele possui sabor delicado e exclusivo.</span></p>\r\n<p><span class=\"inbox\">&Eacute;Ideal para saladas e para aromatizar pescados e carnes brancas.</span></p>', NULL, NULL, NULL, NULL, NULL, NULL, NULL, NULL, NULL, NULL),
(432, 'Vinagre Aromatizado', NULL, NULL, NULL, 12, '<p>Os Vinagres Aromatizados <span class=\"inbox\">podem ser aromatizados com ervas,  especiarias, frutas ou alho.</span></p>\r\n<p><span class=\"inbox\">Eles s&atilde;o indicados para molhos de saladas.</span></p>\r\n<p><span class=\"inbox\">Os  aromatizados com frutas podem ser usados em molhos para sobremesas,  mousses, sorvetes ou, ainda, borrifados sobre panquecas e waffles.</span></p>', NULL, NULL, NULL, NULL, NULL, NULL, NULL, NULL, NULL, NULL),
(433, 'Caldo de Frango Caseiro', NULL, NULL, NULL, 35, '', NULL, NULL, NULL, NULL, NULL, NULL, NULL, NULL, NULL, NULL),
(434, 'Caldo de Carne Caseiro', NULL, NULL, NULL, 35, '', NULL, NULL, NULL, NULL, NULL, NULL, NULL, NULL, NULL, NULL);
INSERT INTO `ingredientes` (`id`, `nome`, `nome_cientifico`, `preco`, `propriedades_nutricionais`, `grupo_id`, `descricao`, `beneficios`, `qualificacoes`, `restricoes`, `picture_updated_at`, `sazonalidade_inicial`, `sazonalidade_final`, `image`, `historico`, `updated_at`, `created_at`) VALUES
(435, 'Caldo de Legumes Caseiro', NULL, NULL, NULL, 35, '', NULL, NULL, NULL, NULL, NULL, NULL, NULL, NULL, NULL, NULL),
(436, 'Caldo de Peixe Caseiro', NULL, NULL, NULL, 35, '', NULL, NULL, NULL, NULL, NULL, NULL, NULL, NULL, NULL, NULL),
(437, 'Caldo de Camarão Caseiro', NULL, NULL, NULL, 35, '', NULL, NULL, NULL, NULL, NULL, NULL, NULL, NULL, NULL, NULL),
(438, 'Caldo de Frango em Tablete', NULL, NULL, NULL, 35, '', NULL, NULL, NULL, NULL, NULL, NULL, NULL, NULL, NULL, NULL),
(439, 'Ervilha em Grãos Fresca', NULL, NULL, NULL, 20, '', NULL, NULL, NULL, NULL, NULL, NULL, NULL, NULL, NULL, NULL),
(440, 'Ervilha em Grãos em Lata', NULL, NULL, NULL, 20, '', NULL, NULL, NULL, NULL, NULL, NULL, NULL, NULL, NULL, NULL),
(441, 'Ervilha em Grãos Congelada', NULL, NULL, NULL, 20, '', NULL, NULL, NULL, NULL, NULL, NULL, NULL, NULL, NULL, NULL),
(442, 'Carne de Boi Moída', NULL, NULL, NULL, 30, '', NULL, NULL, NULL, NULL, NULL, NULL, NULL, NULL, NULL, NULL),
(443, 'Carne de Ave Moída', NULL, NULL, NULL, 31, '', NULL, NULL, NULL, NULL, NULL, NULL, NULL, NULL, NULL, NULL),
(444, 'Carne de Peixe Moída', NULL, NULL, NULL, 26, '', NULL, NULL, NULL, NULL, NULL, NULL, NULL, NULL, NULL, NULL),
(445, 'Sachet d’Épices', NULL, NULL, NULL, 19, '<p>O Sachet d&rsquo;&eacute;pices &eacute; um sachet onde se embrulha em gaze os gr&atilde;os de pimenta do reino, cravo, dente de alho, tomilho e folha de louro.</p>', NULL, NULL, NULL, NULL, NULL, NULL, NULL, NULL, NULL, NULL),
(446, 'Tomate Concassé', NULL, NULL, NULL, 18, '<p>O Tomate <em>Concass&eacute;</em> deve ser feito com tomates maduros, mas firmes.</p>\r\n<p>Fa&ccedil;a um corte em formato de cruz na base do tomate.</p>\r\n<p>Coloque-os na &aacute;gua fervendo  por pouco tempo e em seguida na &aacute;gua com gelo para interromper o cozimento.</p>\r\n<p>Retite a pele e as sementes.</p>\r\n<p>Corte em cubos pequenos e iguais.</p>', NULL, NULL, NULL, NULL, NULL, NULL, NULL, NULL, NULL, NULL),
(447, 'Espinafre', NULL, NULL, NULL, 16, '', NULL, NULL, NULL, NULL, NULL, NULL, NULL, NULL, NULL, NULL),
(448, 'Pó de Espinafre', NULL, NULL, NULL, 6, '', NULL, NULL, NULL, NULL, NULL, NULL, NULL, NULL, NULL, NULL),
(449, 'Sêmola', NULL, NULL, NULL, 7, '', NULL, NULL, NULL, NULL, NULL, NULL, NULL, NULL, NULL, NULL),
(450, 'Papoula', NULL, NULL, NULL, 6, '', NULL, NULL, NULL, NULL, NULL, NULL, NULL, NULL, NULL, NULL),
(451, 'Cebola Brulé', NULL, NULL, NULL, 19, '<p>A Cebola <em>Brul&eacute;</em> &eacute; feita retirando-se a casca da cebola e a cortando ao meio. Em uma frigideira doure e  deixe queimar a parte cortada.Esta cebola &eacute; usada em alguns fundos e <em> consomm&eacute;s</em> para dar a cor marrom.</p>', NULL, NULL, NULL, NULL, NULL, NULL, NULL, NULL, NULL, NULL),
(452, 'Fundo Claro', NULL, NULL, NULL, 35, '<p>O Fundo Claro pode ser um caldo de frango, ou um de legumes ou um de peixe.</p>', NULL, NULL, NULL, NULL, NULL, NULL, NULL, NULL, NULL, NULL),
(453, 'Mirepoix', NULL, NULL, NULL, 1, '<p>O <em>Mirepoix </em>&eacute; acrescentado durante o cozimento de caldos,  molhos e assados, agregando-lhes sabor vegetal e corpo<em>.</em></p>', NULL, NULL, NULL, NULL, NULL, NULL, NULL, NULL, NULL, NULL),
(454, 'Óleo de Milho', NULL, NULL, NULL, 13, '', NULL, NULL, NULL, NULL, NULL, NULL, NULL, NULL, NULL, NULL),
(455, 'Carcaça de Peixe', NULL, NULL, NULL, 26, '', NULL, NULL, NULL, NULL, NULL, NULL, NULL, NULL, NULL, NULL),
(456, 'Cravo', NULL, NULL, NULL, 2, '', NULL, NULL, NULL, NULL, NULL, NULL, NULL, NULL, NULL, NULL),
(457, 'Talos de Cogumelo', NULL, NULL, NULL, 21, '', NULL, NULL, NULL, NULL, NULL, NULL, NULL, NULL, NULL, NULL),
(458, 'Cogumelos', NULL, NULL, NULL, 21, '', NULL, NULL, NULL, NULL, NULL, NULL, NULL, NULL, NULL, NULL),
(459, 'Vinho Branco Seco', NULL, NULL, NULL, 33, '', NULL, NULL, NULL, NULL, NULL, NULL, NULL, NULL, NULL, NULL),
(460, 'Maionese', NULL, NULL, NULL, 9, '', NULL, NULL, NULL, NULL, NULL, NULL, NULL, NULL, NULL, NULL),
(461, 'Iogurte Natural', NULL, NULL, NULL, 14, '', NULL, NULL, NULL, NULL, NULL, NULL, NULL, NULL, NULL, NULL),
(462, 'Dill Fresco', NULL, NULL, NULL, 1, '', NULL, NULL, NULL, NULL, NULL, NULL, NULL, NULL, NULL, NULL),
(463, 'Dill Seco', NULL, NULL, NULL, 2, '', NULL, NULL, NULL, NULL, NULL, NULL, NULL, NULL, NULL, NULL),
(465, 'Estragão Seco', NULL, NULL, NULL, 2, '', NULL, NULL, NULL, NULL, NULL, NULL, NULL, NULL, NULL, NULL),
(466, 'Pontas de Cebolinha Verde ou Cebolinho', NULL, NULL, NULL, 1, '', NULL, NULL, NULL, NULL, NULL, NULL, NULL, NULL, NULL, NULL),
(467, 'Vinagre de Vinho Tinto', NULL, NULL, NULL, 12, '', NULL, NULL, NULL, NULL, NULL, NULL, NULL, NULL, NULL, NULL),
(468, 'Curry ou Caril em Pó', NULL, NULL, NULL, 6, '', NULL, NULL, NULL, NULL, NULL, NULL, NULL, NULL, NULL, NULL),
(469, 'Camarão Tigre do Pacífico (grelhado)', NULL, NULL, NULL, 26, '<p>O Camar&atilde;o Tigre do Pac&iacute;fico chega a atingir 20 cm de comprimento.</p>\r\n<p>&Eacute; delicioso quando grelhado ou usado em saladas.</p>\r\n<p>&nbsp;</p>', NULL, NULL, NULL, NULL, NULL, NULL, NULL, NULL, NULL, NULL),
(470, 'Lagostim ou Lagosta Deep Sea ou Camarão Dublin Bay (frito / grelhado / estufado)', NULL, NULL, NULL, 26, '<p>O Lagostim pode ser frito, grelhado ou estufado.</p>', NULL, NULL, NULL, NULL, NULL, NULL, NULL, NULL, NULL, NULL),
(471, 'Camarão Tigre (cozido / curry / molho tomate / massa / risotto)', NULL, NULL, NULL, 26, '<p>O Camar&atilde;o Tigre fica bom quando cozido e usado em saladas, com molho de <em>curry</em> (caril), molho de tomate e em pratos &aring; base de massa ou arroz.</p>', NULL, NULL, NULL, NULL, NULL, NULL, NULL, NULL, NULL, NULL),
(472, 'Camarão de Viveiro (cozido / recheios)', NULL, NULL, NULL, 26, '<p>O Camar&atilde;o de Viveiro &eacute; excelente quando usado cozido, para recheio de crepes e past&eacute;is.</p>', NULL, NULL, NULL, NULL, NULL, NULL, NULL, NULL, NULL, NULL),
(473, 'Camarão School (cozido / maioneses / cru)', NULL, NULL, NULL, 26, '<p>O Camar&atilde;o School &eacute; pequeno e com bastante sumo. Chega a atingir 6 cm.</p>\r\n<p>Fica bom cozido e servido em saladas, com maionese ou simplesmente com suco de lim&atilde;o.</p>', NULL, NULL, NULL, NULL, NULL, NULL, NULL, NULL, NULL, NULL),
(474, 'Camarão Royal Red (molhos de massa / curries / risotto)', NULL, NULL, NULL, 26, '<p>O Camar&atilde;o Royal Red &eacute; do tamanho de um camar&atilde;o king, chegando a 7 cm e tem cor rosada antes de ser cozido.</p>\r\n<p>Fica muito bom em molhos de massa, <em>curries</em> e arroz.</p>', NULL, NULL, NULL, NULL, NULL, NULL, NULL, NULL, NULL, NULL),
(475, 'Camarão Red Spot King (cru / aferventado)', NULL, NULL, NULL, 26, '<p>O Camar&atilde;o Red Spot King &eacute; excelente ao natural, com lim&atilde;o.</p>\r\n<p>Tamb&eacute;m pode ser cozido, mas aque&ccedil;a-o levemente para impedir que fique duro.</p>', NULL, NULL, NULL, NULL, NULL, NULL, NULL, NULL, NULL, NULL),
(476, 'Camarão King (cru / salteado / grelhado com casca)', NULL, NULL, NULL, 26, '<p>O Camar&atilde;o King Cru &eacute; um camar&atilde;o cor de carne, com patas avermelhadas e cauda azulada.</p>\r\n<p>Normalmente tem 8 cm, mas pode chegar a 11 cm.</p>\r\n<p>Pode ser usado cru em salteados ou grelhado em sua casca.</p>', NULL, NULL, NULL, NULL, NULL, NULL, NULL, NULL, NULL, NULL),
(477, 'Água Potável Morna', NULL, NULL, NULL, 33, '', NULL, NULL, NULL, NULL, NULL, NULL, NULL, NULL, NULL, NULL),
(478, 'Água Potável em Ebulição', NULL, NULL, NULL, 33, '', NULL, NULL, NULL, NULL, NULL, NULL, NULL, NULL, NULL, NULL),
(479, 'Fermento Biológico Fresco', NULL, NULL, NULL, 7, '', NULL, NULL, NULL, NULL, NULL, NULL, NULL, NULL, NULL, NULL),
(480, 'Farinha de Trigo tipo 0', NULL, NULL, NULL, 7, '', NULL, NULL, NULL, NULL, NULL, NULL, NULL, NULL, NULL, NULL),
(481, 'Farinha de Trigo tipo 00', NULL, NULL, NULL, 7, '', NULL, NULL, NULL, NULL, NULL, NULL, NULL, NULL, NULL, NULL),
(482, 'Água com Gás', NULL, NULL, NULL, 33, '', NULL, NULL, NULL, NULL, NULL, NULL, NULL, NULL, NULL, NULL),
(483, 'Azeite de Oliva Extra Virgem', NULL, NULL, NULL, 13, '', NULL, NULL, NULL, NULL, NULL, NULL, NULL, NULL, NULL, NULL),
(484, 'Levedura de Cerveja Desidratada ou Lievito di Birra Italiano (especial para massas)', NULL, NULL, NULL, 7, '', NULL, NULL, NULL, NULL, NULL, NULL, NULL, NULL, NULL, NULL),
(485, 'Fermento Biológico Seco', NULL, NULL, NULL, 7, '', NULL, NULL, NULL, NULL, NULL, NULL, NULL, NULL, NULL, NULL),
(486, 'Puré de Tomate Caseiro', NULL, NULL, NULL, 10, '', NULL, NULL, NULL, NULL, NULL, NULL, NULL, NULL, NULL, NULL),
(487, 'Puré de Tomate Industrial', NULL, NULL, NULL, 10, '', NULL, NULL, NULL, NULL, NULL, NULL, NULL, NULL, NULL, NULL),
(488, 'Filé Mignon - Peça', NULL, NULL, NULL, 30, '', NULL, NULL, NULL, NULL, NULL, NULL, NULL, NULL, NULL, NULL),
(489, 'Filé Mignon - Medalhão', NULL, NULL, NULL, 30, '', NULL, NULL, NULL, NULL, NULL, NULL, NULL, NULL, NULL, NULL),
(490, 'Filé Mignon - Tiras para Strogonoffe', NULL, NULL, NULL, 24, '', NULL, NULL, NULL, NULL, NULL, NULL, NULL, NULL, NULL, NULL),
(491, 'Patinho Moído 2 Vezes', NULL, NULL, NULL, 30, '', NULL, NULL, NULL, NULL, NULL, NULL, NULL, NULL, NULL, NULL),
(492, 'Peça de Lagarto', NULL, NULL, NULL, 30, '', NULL, NULL, NULL, NULL, NULL, NULL, NULL, NULL, NULL, NULL),
(493, 'Picanha', NULL, NULL, NULL, 30, '', NULL, NULL, NULL, NULL, NULL, NULL, NULL, NULL, NULL, NULL),
(494, 'Bacalhau Dessalgado', NULL, NULL, NULL, 26, '', NULL, NULL, NULL, NULL, NULL, NULL, NULL, NULL, NULL, NULL),
(495, 'Massa Folhada', NULL, NULL, NULL, 25, '', NULL, NULL, NULL, NULL, NULL, NULL, NULL, NULL, NULL, NULL),
(496, 'Massa Philo', NULL, NULL, NULL, 25, '', NULL, NULL, NULL, NULL, NULL, NULL, NULL, NULL, NULL, NULL),
(497, 'Creme de Leite Fresco', NULL, NULL, NULL, 14, '', NULL, NULL, NULL, NULL, NULL, NULL, NULL, NULL, NULL, NULL),
(498, 'Creme de Leite em Tetra Pak', NULL, NULL, NULL, 14, '', NULL, NULL, NULL, NULL, NULL, NULL, NULL, NULL, NULL, NULL),
(499, 'Creme de Leite em Lata', NULL, NULL, NULL, 14, '', NULL, NULL, NULL, NULL, NULL, NULL, NULL, NULL, NULL, NULL),
(500, 'Suco do Limão', NULL, NULL, NULL, 25, '', NULL, NULL, NULL, NULL, NULL, NULL, NULL, NULL, NULL, NULL),
(501, 'Zeste do Limão', NULL, NULL, NULL, 22, '', NULL, NULL, NULL, NULL, NULL, NULL, NULL, NULL, NULL, NULL),
(502, 'Zeste da Laranja', NULL, NULL, NULL, 22, '', NULL, NULL, NULL, NULL, NULL, NULL, NULL, NULL, NULL, NULL),
(503, 'Grão-de-Bico em Lata', NULL, NULL, NULL, 20, '', NULL, NULL, NULL, NULL, NULL, NULL, NULL, NULL, NULL, NULL),
(504, 'Grão-de-Bico Seco', NULL, NULL, NULL, 24, '', NULL, NULL, NULL, NULL, NULL, NULL, NULL, NULL, NULL, NULL),
(505, 'Vinho Tinto Seco', NULL, NULL, NULL, 33, '', NULL, NULL, NULL, NULL, NULL, NULL, NULL, NULL, NULL, NULL),
(506, 'Vinho do Porto', NULL, NULL, NULL, 33, '', NULL, NULL, NULL, NULL, NULL, NULL, NULL, NULL, NULL, NULL),
(507, 'Melaço', NULL, NULL, NULL, 4, '', NULL, NULL, NULL, NULL, NULL, NULL, NULL, NULL, NULL, NULL),
(508, 'Tomilho Seco', NULL, NULL, NULL, 2, '', NULL, NULL, NULL, NULL, NULL, NULL, NULL, NULL, NULL, NULL),
(509, 'Codorna ou Quail', NULL, NULL, NULL, 31, '', NULL, NULL, NULL, NULL, NULL, NULL, NULL, NULL, NULL, NULL),
(510, 'Leite em Pó', NULL, NULL, NULL, 14, '', NULL, NULL, NULL, NULL, NULL, NULL, NULL, NULL, NULL, NULL),
(511, 'Chocolate em Pó', NULL, NULL, NULL, 7, '', NULL, NULL, NULL, NULL, NULL, NULL, NULL, NULL, NULL, NULL),
(512, 'Caldo de Ossos de Aves (Frango, Codorna etc.)', NULL, NULL, NULL, 35, '', NULL, NULL, NULL, NULL, NULL, NULL, NULL, NULL, NULL, NULL),
(513, 'Magret de Pato', NULL, NULL, NULL, 31, '', NULL, NULL, NULL, NULL, NULL, NULL, NULL, NULL, NULL, NULL),
(514, 'Coxa de Pato', NULL, NULL, NULL, 31, '', NULL, NULL, NULL, NULL, NULL, NULL, NULL, NULL, NULL, NULL),
(515, 'Confit de Pato', NULL, NULL, NULL, 31, '', NULL, NULL, NULL, NULL, NULL, NULL, NULL, NULL, NULL, NULL),
(518, 'Lula', NULL, NULL, NULL, 26, '', NULL, NULL, NULL, NULL, NULL, NULL, NULL, NULL, NULL, NULL),
(519, 'Marisco ou Mussel', NULL, NULL, NULL, 26, '', NULL, NULL, NULL, NULL, NULL, NULL, NULL, NULL, NULL, NULL),
(520, 'Vôngole ou Clams', NULL, NULL, NULL, 26, '', NULL, NULL, NULL, NULL, NULL, NULL, NULL, NULL, NULL, NULL),
(521, 'Açafrão', NULL, NULL, NULL, 6, '', NULL, NULL, NULL, NULL, NULL, NULL, NULL, NULL, NULL, NULL),
(522, 'Mandioquinha', NULL, NULL, NULL, 17, '', NULL, NULL, NULL, NULL, NULL, NULL, NULL, NULL, NULL, NULL),
(523, 'Cogumelos Selvagens Frescos', NULL, NULL, NULL, 21, '', NULL, NULL, NULL, NULL, NULL, NULL, NULL, NULL, NULL, NULL),
(524, 'Cogumelos Selvagens Secos', NULL, NULL, NULL, 21, '', NULL, NULL, NULL, NULL, NULL, NULL, NULL, NULL, NULL, NULL),
(525, 'Cogumelo Boleto', NULL, NULL, NULL, 21, '', NULL, NULL, NULL, NULL, NULL, NULL, NULL, NULL, NULL, NULL),
(526, 'Cogumelo Míscaro ou Sancha ou Pinheira', NULL, NULL, NULL, 21, '', NULL, NULL, NULL, NULL, NULL, NULL, NULL, NULL, NULL, NULL),
(527, 'Espiga de Milho', NULL, NULL, NULL, 20, '', NULL, NULL, NULL, NULL, NULL, NULL, NULL, NULL, NULL, NULL),
(528, 'Milho Congelado', NULL, NULL, NULL, 20, '', NULL, NULL, NULL, NULL, NULL, NULL, NULL, NULL, NULL, NULL),
(529, 'Milho em Lata', NULL, NULL, NULL, 20, '', NULL, NULL, NULL, NULL, NULL, NULL, NULL, NULL, NULL, NULL),
(530, 'Milho Seco', NULL, NULL, NULL, 20, '', NULL, NULL, NULL, NULL, NULL, NULL, NULL, NULL, NULL, NULL),
(531, 'Noz-Moscada', NULL, NULL, NULL, 6, '', NULL, NULL, NULL, NULL, NULL, NULL, NULL, NULL, NULL, NULL),
(532, 'Xerez Seco', NULL, NULL, NULL, 33, '', NULL, NULL, NULL, NULL, NULL, NULL, NULL, NULL, NULL, NULL),
(533, 'Katsuobushi ou Flocos de Atum Seco', NULL, NULL, NULL, 6, '', NULL, NULL, NULL, NULL, NULL, NULL, NULL, NULL, NULL, NULL),
(534, 'Flocos Desidratados de Bonito ou Katsuobushi', NULL, NULL, NULL, 6, '', NULL, NULL, NULL, NULL, NULL, NULL, NULL, NULL, NULL, NULL),
(535, 'Cogumelo-do-Cardo ou Pleurote du Panicaut', NULL, NULL, NULL, 21, '', NULL, NULL, NULL, NULL, NULL, NULL, NULL, NULL, NULL, NULL),
(536, 'Semente de Cumaru', NULL, NULL, NULL, 6, '<p>A Semente de Cumaru pode substituir&nbsp; a baunilha.</p>', NULL, NULL, NULL, NULL, NULL, NULL, NULL, NULL, NULL, NULL),
(537, 'Nabo Japonês ou Daikon', NULL, NULL, NULL, 17, '', NULL, NULL, NULL, NULL, NULL, NULL, NULL, NULL, NULL, NULL),
(538, 'Kuzu ou Kudzu', NULL, NULL, NULL, 7, '<p>O Kuzu &eacute; um vegetal oriental e de suas ra&iacute;zes faz-se um p&oacute; que &eacute; usado para engrossar l&iacute;quidos e para empanar alimentos.</p>', NULL, NULL, NULL, NULL, NULL, NULL, NULL, NULL, NULL, NULL),
(539, 'Cogumelo Shiitake', NULL, NULL, NULL, 21, '', NULL, NULL, NULL, NULL, NULL, NULL, NULL, NULL, NULL, NULL),
(540, 'Cogumelo Shimeji', NULL, NULL, NULL, 21, '', NULL, NULL, NULL, NULL, NULL, NULL, NULL, NULL, NULL, NULL),
(541, 'Shichimi Togarashi', NULL, NULL, NULL, 2, '<p>O Shichimi Togarashi &eacute; uma mistura de 7 especiarias de sabores fortes e que pode ser suave, m&eacute;dia e picante.</p>\r\n<p>As especiarias s&atilde;o: flocos de sansho (pimenta vermelha japonesa) mo&iacute;do grosso, flocos de casca de tangerina muito finos, sementes de c&acirc;nhamo, sementes de papoula, flocos de alga nori verde muito finos e sementes de gergelim branco.</p>', NULL, NULL, NULL, NULL, NULL, NULL, NULL, NULL, NULL, NULL),
(542, 'Pimenta Cayena', NULL, NULL, NULL, 6, '', NULL, NULL, NULL, NULL, NULL, NULL, NULL, NULL, NULL, NULL),
(543, 'Manjericão Seco', NULL, NULL, NULL, 2, '', NULL, NULL, NULL, NULL, NULL, NULL, NULL, NULL, NULL, NULL),
(544, 'Cream Cheese', NULL, NULL, NULL, 14, '', NULL, NULL, NULL, NULL, NULL, NULL, NULL, NULL, NULL, NULL),
(545, 'Cream Cheese Light', NULL, NULL, NULL, 14, '', NULL, NULL, NULL, NULL, NULL, NULL, NULL, NULL, NULL, NULL),
(546, 'Leite de Vaca Desnatado', NULL, NULL, NULL, 14, '', NULL, NULL, NULL, NULL, NULL, NULL, NULL, NULL, NULL, NULL),
(547, 'Queijo Asiago', NULL, NULL, NULL, 14, '<p>O Queijo Asiago pode ser usado fresco ou envelhecido.</p>\r\n<p>Quando envelhecido, seu sabor assemelha-se um pouco ao do Parmes&atilde;o.</p>', NULL, NULL, NULL, NULL, NULL, NULL, NULL, NULL, NULL, NULL),
(548, 'Broto de Feijão', NULL, NULL, NULL, 36, '', NULL, NULL, NULL, NULL, NULL, NULL, NULL, NULL, NULL, NULL),
(549, 'Broto de Alfafa', NULL, NULL, NULL, 36, '', NULL, NULL, NULL, NULL, NULL, NULL, NULL, NULL, NULL, NULL),
(550, 'Nori ou Alga Marinha', NULL, NULL, NULL, 27, '', NULL, NULL, NULL, NULL, NULL, NULL, NULL, NULL, NULL, NULL),
(551, 'Ovas de Salmon', NULL, NULL, NULL, 26, '', NULL, NULL, NULL, NULL, NULL, NULL, NULL, NULL, NULL, NULL),
(552, 'Vinho Madeira', NULL, NULL, NULL, 33, '', NULL, NULL, NULL, NULL, NULL, NULL, NULL, NULL, NULL, NULL),
(553, 'Aparas de Peixe', NULL, NULL, NULL, 26, '', NULL, NULL, NULL, NULL, NULL, NULL, NULL, NULL, NULL, NULL),
(554, 'Aparas de Carne', NULL, NULL, NULL, 30, '', NULL, NULL, NULL, NULL, NULL, NULL, NULL, NULL, NULL, NULL),
(555, 'Aparas de Frango', NULL, NULL, NULL, 31, '', NULL, NULL, NULL, NULL, NULL, NULL, NULL, NULL, NULL, NULL),
(556, 'Semente de Erva Doce', NULL, NULL, NULL, 2, '', NULL, NULL, NULL, NULL, NULL, NULL, NULL, NULL, NULL, NULL),
(557, 'Fusilli', NULL, NULL, NULL, 25, '', NULL, NULL, NULL, NULL, NULL, NULL, NULL, NULL, NULL, NULL),
(558, 'Penne', NULL, NULL, NULL, 25, '', NULL, NULL, NULL, NULL, NULL, NULL, NULL, NULL, NULL, NULL),
(559, 'Talharim', NULL, NULL, NULL, 25, '', NULL, NULL, NULL, NULL, NULL, NULL, NULL, NULL, NULL, NULL),
(560, 'Zeste de Limão Siciliano', NULL, NULL, NULL, 22, '', NULL, NULL, NULL, NULL, NULL, NULL, NULL, NULL, NULL, NULL),
(561, 'Suco do Limão Siciliano', NULL, NULL, NULL, 22, '', NULL, NULL, NULL, NULL, NULL, NULL, NULL, NULL, NULL, NULL),
(562, 'Queijo Taleggio', NULL, NULL, NULL, 14, '', NULL, NULL, NULL, NULL, NULL, NULL, NULL, NULL, NULL, NULL),
(563, 'Aspargos Frescos', NULL, NULL, NULL, 18, '', NULL, NULL, NULL, NULL, NULL, NULL, NULL, NULL, NULL, NULL),
(564, 'Aspargos Verdes em Conserva', NULL, NULL, NULL, 11, '', NULL, NULL, NULL, NULL, NULL, NULL, NULL, NULL, NULL, NULL),
(565, 'Aspargos Brancos em Conserva', NULL, NULL, NULL, 11, '', NULL, NULL, NULL, NULL, NULL, NULL, NULL, NULL, NULL, NULL),
(566, 'Mostarda de Dijon', NULL, NULL, NULL, 9, '', NULL, NULL, NULL, NULL, NULL, NULL, NULL, NULL, NULL, NULL),
(567, 'Anchova', NULL, NULL, NULL, 26, '', NULL, NULL, NULL, NULL, NULL, NULL, NULL, NULL, NULL, NULL),
(568, 'Anchova em Conserva', NULL, NULL, NULL, 11, '', NULL, NULL, NULL, NULL, NULL, NULL, NULL, NULL, NULL, NULL),
(569, 'Sal Kosher', NULL, NULL, NULL, 6, '', NULL, NULL, NULL, NULL, NULL, NULL, NULL, NULL, NULL, NULL),
(570, 'Alface Lisa', NULL, NULL, NULL, 16, '', NULL, NULL, NULL, NULL, NULL, NULL, NULL, NULL, NULL, NULL),
(571, 'Alface Crespa', NULL, NULL, NULL, 16, '', NULL, NULL, NULL, NULL, NULL, NULL, NULL, NULL, NULL, NULL),
(572, 'Alface Romana', NULL, NULL, NULL, 16, '', NULL, NULL, NULL, NULL, NULL, NULL, NULL, NULL, NULL, NULL),
(573, 'Crouton 1', '', NULL, '', 37, '', '', '', '', NULL, '1970-01-01 00:00:00', '1970-01-01 00:00:00', NULL, NULL, '2017-03-30 22:26:42', NULL),
(579, 'manga rosaf', 'Reprehenderit voluptate in recusandae Ducimus eos cupidatat totam voluptatibus', NULL, 'Sunt fugit amet nihil alias incididunt iure molestiae ut', NULL, NULL, 'Aspernatur culpa veritatis doloremque molestias ducimus soluta delectus accusamus tenetur voluptas adipisci', 'Ipsum sit recusandae Necessitatibus dolor voluptatem Quas quia pariatur Ipsum natus explicabo', 'Ex qui sit quis et sapiente dolor ea nobis suscipit ut ut', NULL, '2017-03-01 00:00:00', '2017-01-01 00:00:00', 'cc1947b4ad9550d4f635bd1c701f7521.png', NULL, '2017-05-03 01:57:50', '2017-03-08 22:16:01'),
(580, 'laramja grande', '', NULL, '', NULL, NULL, '', '', '', NULL, '1970-01-01 00:00:00', '1970-01-01 00:00:00', NULL, NULL, '2017-05-10 23:35:33', '2017-05-10 23:35:33'),
(581, 'laranja grande 2', '', NULL, '', NULL, NULL, '', '', '', NULL, '1970-01-01 00:00:00', '1970-01-01 00:00:00', NULL, 'O tempo histórico tem como agentes os grupos humanos, os quais provocam as mudanças sociais, ao mesmo tempo em que são modificados por elas.\r\n\r\nO tempo <b>\"histórico\"</b> revela e esclarece o processo pelo qual passou ou passa a realidade em estudo. Nos anos 60, por exemplo, em quase todo o Ocidente, a juventude viveu um período agitado, com mudanças, movimentos políticos e contestação aos governos. O rock, os hippies, os jovens revolucionários e , no Brasil, o Tropicalismo (Caetano Veloso, Gal Costa, Gilberto Gil, entre outros) e a Jovem Guarda (Roberto Carlos, entre tantos outros), foram experiências sociais e musicais que deram à década de 60 uma história peculiar e diferente de anos 50 e de anos 70.<br>\r\nteste de inclusão no histórico.', '2017-05-17 02:34:54', '2017-05-10 23:36:06');

CREATE TABLE `ingredientes_caracteristicas` (
  `id` int(11) NOT NULL,
  `ingrediente_id` int(11) NOT NULL,
  `caracteristica_id` int(11) DEFAULT NULL
) ENGINE=InnoDB DEFAULT CHARSET=utf8;

INSERT INTO `ingredientes_caracteristicas` (`id`, `ingrediente_id`, `caracteristica_id`) VALUES
(41, 579, 1),
(42, 579, 3);

CREATE TABLE `ingredientes_grupos` (
  `id` int(11) UNSIGNED NOT NULL,
  `ingrediente_id` int(11) NOT NULL,
  `grupo_id` int(11) NOT NULL
) ENGINE=InnoDB DEFAULT CHARSET=utf8;

INSERT INTO `ingredientes_grupos` (`id`, `ingrediente_id`, `grupo_id`) VALUES
(39, 579, 5),
(40, 579, 8);

CREATE TABLE `ingredientes_historico_revisao` (
  `id` int(11) NOT NULL,
  `descricao` text,
  `ingredientes_id` int(11) DEFAULT NULL,
  `clientes_site_id` int(11) DEFAULT NULL,
  `status` tinyint(1) DEFAULT NULL,
  `created_at` datetime DEFAULT NULL,
  `updated_at` datetime DEFAULT NULL
) ENGINE=InnoDB DEFAULT CHARSET=utf8 COMMENT='Status: Aprovado (1), Reprovado (2)' ROW_FORMAT=COMPACT;

INSERT INTO `ingredientes_historico_revisao` (`id`, `descricao`, `ingredientes_id`, `clientes_site_id`, `status`, `created_at`, `updated_at`) VALUES
(1, 'O tempo histórico tem como agentes os grupos humanos, os quais provocam as mudanças sociais, ao mesmo tempo em que são modificados por elas.\r\n\r\nO tempo <b>\"histórico\"</b> revela e esclarece o processo pelo qual passou ou passa a realidade em estudo. Nos anos 60, por exemplo, em quase todo o Ocidente, a juventude viveu um período agitado, com mudanças, movimentos políticos e contestação aos governos. O rock, os hippies, os jovens revolucionários e , no Brasil, o Tropicalismo (Caetano Veloso, Gal Costa, Gilberto Gil, entre outros) e a Jovem Guarda (Roberto Carlos, entre tantos outros), foram experiências sociais e musicais que deram à década de 60 uma história peculiar e diferente de anos 50 e de anos 70.<br>\r\nteste de inclusão no histórico.', 581, 2, 2, '2017-05-16 03:08:00', '2017-05-17 02:38:51'),
(2, 'O tempo historico tem como agentes os grupos humanos, os quais provocam as mudanças sociais, ao mesmo tempo em que são modificados por elas.\r\n\r\nO tempo <b>\"histórico\"</b> revela e esclarece o processo pelo qual passou ou passa a realidade em estudo. Nos anos 60, por exemplo, em quase todo o Ocidente, a juventude viveu um período agitado, com mudanças, movimentos políticos e contestação aos governos. O rock, os hippies, os jovens revolucionários e , no Brasil, o Tropicalismo (Caetano Veloso, Gal Costa, Gilberto Gil, entre outros) e a Jovem Guarda (Roberto Carlos, entre tantos outros), foram experiências sociais e musicais que deram à década de 60 uma história peculiar e diferente de anos 50 e de anos 70.<br>', 581, 2, NULL, '2017-05-16 03:08:00', '2017-05-17 02:23:48');

CREATE TABLE `ingredientes_relacionados` (
  `id` int(11) UNSIGNED NOT NULL,
  `ingrediente_id_to` int(11) NOT NULL,
  `ingrediente_id_from` int(11) NOT NULL
) ENGINE=InnoDB DEFAULT CHARSET=utf8;

INSERT INTO `ingredientes_relacionados` (`id`, `ingrediente_id_to`, `ingrediente_id_from`) VALUES
(39, 579, 2),
(40, 579, 5),
(41, 579, 7);

CREATE TABLE `ingrediente_bebidas` (
  `id` int(11) NOT NULL,
  `bebida_id` int(11) DEFAULT NULL,
  `ingrediente_id` int(11) DEFAULT NULL
) ENGINE=InnoDB DEFAULT CHARSET=utf8 COLLATE=utf8_unicode_ci;

CREATE TABLE `migrations` (
  `id` int(10) UNSIGNED NOT NULL,
  `migration` varchar(255) COLLATE utf8_unicode_ci NOT NULL,
  `batch` int(11) NOT NULL
) ENGINE=InnoDB DEFAULT CHARSET=utf8 COLLATE=utf8_unicode_ci;

INSERT INTO `migrations` (`id`, `migration`, `batch`) VALUES
(1, '2017_01_02_231020_create_cidades_table', 1),
(2, '2017_01_02_231020_create_estados_table', 1),
(3, '2017_01_02_231021_add_foreign_keys_to_cidades_table', 1),
(4, '2017_01_02_233051_create_bebidas_table', 1),
(5, '2017_01_02_233051_create_cardapios_momentos_table', 1),
(6, '2017_01_02_233051_create_cardapios_ocasiaos_table', 1),
(7, '2017_01_02_233051_create_cardapios_table', 1),
(8, '2017_01_02_233051_create_cliente_cardapios_table', 1),
(9, '2017_01_02_233051_create_clientes_site_table', 1),
(10, '2017_01_02_233051_create_clientes_table', 1),
(11, '2017_01_02_233051_create_especialidades_table', 1),
(12, '2017_01_02_233051_create_estado_civils_table', 1),
(13, '2017_01_02_233051_create_fontes_table', 1),
(14, '2017_01_02_233051_create_fornecedor_especialidades_table', 1),
(15, '2017_01_02_233051_create_fornecedores_site_table', 1),
(16, '2017_01_02_233051_create_fornecedors_ingredientes_table', 1),
(17, '2017_01_02_233051_create_fornecedors_table', 1),
(18, '2017_01_02_233051_create_grupos_table', 1),
(19, '2017_01_02_233051_create_ingrediente_bebidas_table', 1),
(20, '2017_01_02_233051_create_ingrediente_receitas_table', 1),
(21, '2017_01_02_233051_create_ingredientes_table', 1),
(22, '2017_01_02_233051_create_momentos_receitas_table', 1),
(23, '2017_01_02_233051_create_momentos_table', 1),
(24, '2017_01_02_233051_create_ocasiaos_receitas_table', 1),
(25, '2017_01_02_233051_create_ocasiaos_table', 1),
(26, '2017_01_02_233051_create_parceiros_table', 1),
(27, '2017_01_02_233051_create_periodos_table', 1),
(28, '2017_01_02_233051_create_receita_cardapios_table', 1),
(29, '2017_01_02_233051_create_receitas_table', 1),
(30, '2017_01_02_233051_create_sexos_table', 1),
(31, '2017_01_02_233051_create_tipo_cardapios_table', 1),
(32, '2017_01_02_233051_create_tipo_receitas_table', 1),
(33, '2017_01_02_233051_create_unidades_table', 1),
(34, '2017_01_02_233051_create_users_table', 1),
(35, '2017_03_09_014739_create_bebidas_table', 0),
(36, '2017_03_09_014739_create_caracteristicas_table', 0),
(37, '2017_03_09_014739_create_cardapios_table', 0),
(38, '2017_03_09_014739_create_cardapios_momentos_table', 0),
(39, '2017_03_09_014739_create_cardapios_ocasiaos_table', 0),
(40, '2017_03_09_014739_create_cidades_table', 0),
(41, '2017_03_09_014739_create_cliente_cardapios_table', 0),
(42, '2017_03_09_014739_create_clientes_table', 0),
(43, '2017_03_09_014739_create_clientes_site_table', 0),
(44, '2017_03_09_014739_create_especialidades_table', 0),
(45, '2017_03_09_014739_create_estado_civils_table', 0),
(46, '2017_03_09_014739_create_estados_table', 0),
(47, '2017_03_09_014739_create_fontes_table', 0),
(48, '2017_03_09_014739_create_fornecedor_especialidades_table', 0),
(49, '2017_03_09_014739_create_fornecedores_table', 0),
(50, '2017_03_09_014739_create_fornecedores_ingredientes_table', 0),
(51, '2017_03_09_014739_create_fornecedores_site_table', 0),
(52, '2017_03_09_014739_create_grupos_table', 0),
(53, '2017_03_09_014739_create_ingrediente_bebidas_table', 0),
(54, '2017_03_09_014739_create_ingredientes_table', 0),
(55, '2017_03_09_014739_create_ingredientes_caracteristicas_table', 0),
(56, '2017_03_09_014739_create_ingredientes_grupos_table', 0),
(57, '2017_03_09_014739_create_ingredientes_relacionados_table', 0),
(58, '2017_03_09_014739_create_momentos_table', 0),
(59, '2017_03_09_014739_create_momentos_receitas_table', 0),
(60, '2017_03_09_014739_create_ocasiaos_table', 0),
(61, '2017_03_09_014739_create_ocasiaos_receitas_table', 0),
(62, '2017_03_09_014739_create_parceiros_table', 0),
(63, '2017_03_09_014739_create_password_resets_table', 0),
(64, '2017_03_09_014739_create_periodos_table', 0),
(65, '2017_03_09_014739_create_receita_cardapios_table', 0),
(66, '2017_03_09_014739_create_receitas_table', 0),
(67, '2017_03_09_014739_create_receitas_ingredientes_table', 0),
(68, '2017_03_09_014739_create_sexos_table', 0),
(69, '2017_03_09_014739_create_tipo_cardapios_table', 0),
(70, '2017_03_09_014739_create_tipo_receitas_table', 0),
(71, '2017_03_09_014739_create_unidades_table', 0),
(72, '2017_03_09_014739_create_users_table', 0),
(73, '2017_03_09_014740_add_foreign_keys_to_cidades_table', 0),
(74, '2017_03_09_014740_add_foreign_keys_to_ingredientes_caracteristicas_table', 0),
(75, '2017_03_09_014740_add_foreign_keys_to_ingredientes_grupos_table', 0),
(76, '2017_03_09_014740_add_foreign_keys_to_ingredientes_relacionados_table', 0),
(77, '2017_05_02_235945_create_dicionario_table', 2);

CREATE TABLE `momentos` (
  `id` int(11) NOT NULL,
  `nome` varchar(255) COLLATE utf8_unicode_ci DEFAULT NULL
) ENGINE=InnoDB DEFAULT CHARSET=utf8 COLLATE=utf8_unicode_ci;

INSERT INTO `momentos` (`id`, `nome`) VALUES
(1, 'Café-da-Manhã'),
(2, 'Lanche-da-Manhã'),
(3, 'Almoço'),
(4, 'Lanche-da-Tarde'),
(5, 'Happy Hour'),
(6, 'Jantar'),
(7, 'Chá-da-Tarde'),
(8, 'Lanche da Noite');

CREATE TABLE `momentos_receitas` (
  `momento_id` int(11) DEFAULT NULL,
  `receita_id` int(11) DEFAULT NULL
) ENGINE=InnoDB DEFAULT CHARSET=utf8 COLLATE=utf8_unicode_ci;

INSERT INTO `momentos_receitas` (`momento_id`, `receita_id`) VALUES
(3, 23),
(6, 23),
(8, 23),
(3, 2),
(4, 2),
(5, 2),
(6, 2),
(7, 2),
(8, 2),
(3, 3),
(6, 3),
(8, 3),
(3, 4),
(6, 4),
(8, 4),
(3, 5),
(6, 5),
(8, 5),
(3, 6),
(6, 6),
(8, 6),
(3, 8),
(5, 8),
(6, 8),
(7, 8),
(8, 8),
(3, 9),
(6, 9),
(3, 10),
(4, 10),
(5, 10),
(6, 10),
(7, 10),
(8, 10),
(3, 12),
(6, 12),
(7, 12),
(8, 12),
(1, 13),
(3, 13),
(4, 13),
(6, 13),
(7, 13),
(8, 13),
(6, 18),
(8, 18),
(3, 16),
(6, 16),
(3, 17),
(6, 17),
(7, 17),
(8, 17),
(3, 19),
(5, 19),
(6, 19),
(7, 19),
(8, 19),
(3, 20),
(5, 20),
(6, 20),
(8, 20),
(3, 21),
(5, 21),
(6, 21),
(7, 21),
(8, 21),
(3, 22),
(5, 22),
(6, 22),
(7, 22),
(8, 22),
(5, 23),
(3, 24),
(6, 24),
(3, 26),
(6, 26),
(3, 29),
(4, 29),
(5, 29),
(6, 29),
(7, 29),
(3, 30),
(4, 30),
(5, 30),
(6, 30),
(7, 30),
(8, 30),
(3, 31),
(4, 31),
(5, 31),
(6, 31),
(7, 31),
(8, 31);

CREATE TABLE `ocasiaos` (
  `id` int(11) NOT NULL,
  `nome` varchar(255) COLLATE utf8_unicode_ci DEFAULT NULL
) ENGINE=InnoDB DEFAULT CHARSET=utf8 COLLATE=utf8_unicode_ci;

INSERT INTO `ocasiaos` (`id`, `nome`) VALUES
(2, 'Dia-a-Dia'),
(7, 'Queijos & Vinhos'),
(8, 'Verão'),
(9, 'Outono'),
(10, 'Inverno'),
(11, 'Primavera'),
(12, 'Culinária com Criança'),
(13, 'Festa Infantil'),
(14, 'Picnic'),
(15, 'Especial'),
(16, 'Batizado, Primeira Comunhão e Crisma'),
(18, 'Natal'),
(19, 'Páscoa'),
(20, 'Dia-dos-Namorados'),
(21, 'Aniversário de Casamento'),
(22, 'Dia-das-Mães'),
(23, 'Dia-dos-Pais'),
(24, 'Dia-das-Crianças'),
(29, 'Final-de-Semana'),
(30, 'Festa Adolescente'),
(31, 'Gostosura');

CREATE TABLE `ocasiaos_receitas` (
  `ocasiao_id` int(11) DEFAULT NULL,
  `receita_id` int(11) DEFAULT NULL
) ENGINE=InnoDB DEFAULT CHARSET=utf8 COLLATE=utf8_unicode_ci;

INSERT INTO `ocasiaos_receitas` (`ocasiao_id`, `receita_id`) VALUES
(2, 2),
(3, 2),
(4, 2),
(5, 2),
(6, 2),
(8, 2),
(9, 2),
(10, 2),
(11, 2),
(12, 2),
(13, 2),
(14, 2),
(15, 2),
(16, 2),
(17, 2),
(18, 2),
(19, 2),
(20, 2),
(21, 2),
(22, 2),
(23, 2),
(24, 2),
(25, 2),
(26, 2),
(27, 2),
(2, 3),
(3, 3),
(6, 3),
(8, 3),
(9, 3),
(10, 3),
(11, 3),
(12, 3),
(13, 3),
(15, 3),
(16, 3),
(17, 3),
(18, 3),
(19, 3),
(20, 3),
(21, 3),
(22, 3),
(23, 3),
(24, 3),
(25, 3),
(26, 3),
(2, 4),
(3, 4),
(6, 4),
(8, 4),
(9, 4),
(10, 4),
(11, 4),
(12, 4),
(13, 4),
(15, 4),
(16, 4),
(17, 4),
(18, 4),
(19, 4),
(20, 4),
(21, 4),
(22, 4),
(23, 4),
(24, 4),
(25, 4),
(26, 4),
(2, 5),
(3, 5),
(6, 5),
(8, 5),
(9, 5),
(10, 5),
(11, 5),
(12, 5),
(13, 5),
(15, 5),
(16, 5),
(17, 5),
(18, 5),
(19, 5),
(20, 5),
(21, 5),
(22, 5),
(23, 5),
(24, 5),
(25, 5),
(26, 5),
(2, 6),
(3, 6),
(6, 6),
(8, 6),
(9, 6),
(10, 6),
(11, 6),
(12, 6),
(13, 6),
(15, 6),
(16, 6),
(17, 6),
(18, 6),
(19, 6),
(20, 6),
(21, 6),
(22, 6),
(23, 6),
(24, 6),
(25, 6),
(26, 6),
(2, 8),
(3, 8),
(6, 8),
(8, 8),
(9, 8),
(10, 8),
(11, 8),
(12, 8),
(15, 8),
(16, 8),
(17, 8),
(18, 8),
(19, 8),
(20, 8),
(21, 8),
(22, 8),
(23, 8),
(24, 8),
(25, 8),
(26, 8),
(2, 9),
(3, 9),
(8, 9),
(9, 9),
(10, 9),
(11, 9),
(19, 9),
(20, 9),
(21, 9),
(22, 9),
(23, 9),
(24, 9),
(2, 10),
(3, 10),
(4, 10),
(8, 10),
(9, 10),
(10, 10),
(11, 10),
(12, 10),
(13, 10),
(14, 10),
(15, 10),
(16, 10),
(17, 10),
(18, 10),
(19, 10),
(20, 10),
(21, 10),
(22, 10),
(23, 10),
(24, 10),
(25, 10),
(26, 10),
(2, 12),
(3, 12),
(4, 12),
(5, 12),
(6, 12),
(8, 12),
(9, 12),
(10, 12),
(11, 12),
(12, 12),
(13, 12),
(14, 12),
(15, 12),
(16, 12),
(17, 12),
(18, 12),
(19, 12),
(20, 12),
(21, 12),
(22, 12),
(23, 12),
(24, 12),
(25, 12),
(26, 12),
(1, 13),
(2, 13),
(3, 13),
(4, 13),
(5, 13),
(6, 13),
(8, 13),
(9, 13),
(10, 13),
(11, 13),
(12, 13),
(13, 13),
(14, 13),
(15, 13),
(16, 13),
(17, 13),
(18, 13),
(19, 13),
(20, 13),
(21, 13),
(22, 13),
(23, 13),
(24, 13),
(25, 13),
(26, 13),
(2, 16),
(3, 16),
(8, 16),
(9, 16),
(10, 16),
(11, 16),
(12, 16),
(13, 16),
(15, 16),
(16, 16),
(17, 16),
(18, 16),
(19, 16),
(20, 16),
(21, 16),
(22, 16),
(23, 16),
(24, 16),
(25, 16),
(26, 16),
(2, 19),
(3, 19),
(8, 19),
(9, 19),
(10, 19),
(11, 19),
(12, 19),
(13, 19),
(15, 19),
(16, 19),
(17, 19),
(18, 19),
(19, 19),
(20, 19),
(21, 19),
(22, 19),
(23, 19),
(24, 19),
(25, 19),
(26, 19),
(2, 24),
(3, 24),
(8, 24),
(11, 24),
(15, 24),
(17, 24),
(18, 24),
(19, 24),
(20, 24),
(21, 24),
(22, 24),
(23, 24),
(8, 26),
(9, 26),
(10, 26),
(11, 26),
(15, 26),
(16, 26),
(17, 26),
(18, 26),
(19, 26),
(20, 26),
(21, 26),
(22, 26),
(23, 26),
(4, 27),
(5, 27),
(6, 27),
(8, 27),
(9, 27),
(10, 27),
(11, 27),
(12, 27),
(13, 27),
(14, 27),
(22, 27),
(23, 27),
(24, 27),
(27, 27),
(4, 29),
(5, 29),
(6, 29),
(8, 29),
(9, 29),
(10, 29),
(11, 29),
(12, 29),
(13, 29),
(14, 29),
(22, 29),
(23, 29),
(24, 29),
(26, 29),
(4, 30),
(5, 30),
(6, 30),
(8, 30),
(9, 30),
(10, 30),
(11, 30),
(12, 30),
(13, 30),
(14, 30),
(22, 30),
(23, 30),
(24, 30),
(27, 30),
(4, 31),
(5, 31),
(6, 31),
(8, 31),
(9, 31),
(10, 31),
(11, 31),
(12, 31),
(13, 31),
(14, 31),
(22, 31),
(23, 31),
(24, 31),
(26, 31),
(27, 31),
(2, 23),
(8, 23),
(9, 23),
(10, 23),
(11, 23),
(15, 23),
(16, 23),
(18, 23),
(19, 23),
(20, 23),
(21, 23),
(22, 23),
(23, 23),
(24, 23),
(29, 23),
(30, 23),
(29, 4),
(30, 4),
(29, 2),
(30, 2),
(29, 3),
(30, 3),
(29, 5),
(30, 5),
(29, 6),
(30, 6),
(7, 8),
(14, 8),
(29, 8),
(15, 9),
(16, 9),
(18, 9),
(29, 9),
(29, 10),
(30, 10),
(29, 12),
(30, 12),
(29, 13),
(30, 13),
(31, 13),
(2, 18),
(9, 18),
(10, 18),
(15, 18),
(16, 18),
(29, 18),
(29, 16),
(30, 16),
(2, 17),
(8, 17),
(9, 17),
(10, 17),
(11, 17),
(15, 17),
(16, 17),
(18, 17),
(19, 17),
(20, 17),
(21, 17),
(22, 17),
(23, 17),
(24, 17),
(29, 17),
(30, 17),
(29, 19),
(30, 19),
(2, 20),
(8, 20),
(9, 20),
(10, 20),
(11, 20),
(12, 20),
(15, 20),
(16, 20),
(18, 20),
(19, 20),
(20, 20),
(21, 20),
(22, 20),
(23, 20),
(24, 20),
(29, 20),
(30, 20),
(2, 21),
(8, 21),
(9, 21),
(10, 21),
(11, 21),
(12, 21),
(15, 21),
(16, 21),
(18, 21),
(19, 21),
(20, 21),
(21, 21),
(22, 21),
(23, 21),
(29, 21),
(30, 21),
(2, 22),
(8, 22),
(9, 22),
(10, 22),
(11, 22),
(12, 22),
(15, 22),
(16, 22),
(18, 22),
(19, 22),
(20, 22),
(21, 22),
(22, 22),
(23, 22),
(29, 22),
(30, 22),
(12, 23),
(29, 24),
(29, 26),
(15, 29),
(29, 29),
(30, 29),
(15, 30),
(29, 30),
(30, 30),
(15, 31),
(29, 31),
(30, 31);

CREATE TABLE `parceiros` (
  `id` int(11) NOT NULL,
  `nome` varchar(255) COLLATE utf8_unicode_ci DEFAULT NULL,
  `apelido` varchar(255) COLLATE utf8_unicode_ci DEFAULT NULL,
  `profissao` varchar(255) COLLATE utf8_unicode_ci DEFAULT NULL,
  `url` varchar(255) COLLATE utf8_unicode_ci DEFAULT NULL,
  `email` varchar(255) COLLATE utf8_unicode_ci DEFAULT NULL,
  `telefone` varchar(255) COLLATE utf8_unicode_ci DEFAULT NULL,
  `endereco` varchar(255) COLLATE utf8_unicode_ci DEFAULT NULL,
  `bairro` varchar(255) COLLATE utf8_unicode_ci DEFAULT NULL,
  `cidade` varchar(255) COLLATE utf8_unicode_ci DEFAULT NULL,
  `cep` varchar(255) COLLATE utf8_unicode_ci DEFAULT NULL,
  `estado` varchar(255) COLLATE utf8_unicode_ci DEFAULT NULL,
  `pais` varchar(255) COLLATE utf8_unicode_ci DEFAULT NULL,
  `numero` int(11) DEFAULT NULL,
  `complemento` varchar(255) COLLATE utf8_unicode_ci DEFAULT NULL,
  `created_at` timestamp NULL DEFAULT NULL,
  `updated_at` timestamp NULL DEFAULT NULL
) ENGINE=InnoDB DEFAULT CHARSET=utf8 COLLATE=utf8_unicode_ci;

INSERT INTO `parceiros` (`id`, `nome`, `apelido`, `profissao`, `url`, `email`, `telefone`, `endereco`, `bairro`, `cidade`, `cep`, `estado`, `pais`, `numero`, `complemento`, `created_at`, `updated_at`) VALUES
(2, 'Das', 'asdsa', 'asda', 'adsa', 'asda', 'asda', 'asd', 'adsa', 'ads', 'asda', 'asda', NULL, NULL, NULL, '2016-12-15 04:39:45', '2016-12-15 04:39:45'),
(3, 'Ana Cecilia Doria', 'Ana Cecilia', 'Publicitária', 'www.casadamariajoana.com.br', 'cicadoria@ahoo.com.br', '11 996182722', 'Rua Malvinas', 'Jardim Guedala', 'São Paulo', '05609-010', 'São Paulo', NULL, 41, '', '2016-12-15 20:29:52', '2016-12-15 20:29:52'),
(4, 'Ana Ceclia Doria', 'Ana Cecilia', 'Publicitaria', '', 'cicadoria@yahoo.com.br', '(11) 99618-2722', 'Rua Malvinas', 'Jardim Guedala', 'São Paulo', '05609-010', 'São Paulo', NULL, 41, '', '2016-12-22 17:21:14', '2016-12-22 17:21:14');

CREATE TABLE `password_resets` (
  `id` int(11) NOT NULL,
  `email` varchar(255) DEFAULT NULL,
  `token` varchar(255) DEFAULT NULL,
  `created_at` datetime DEFAULT NULL,
  `updated_at` datetime DEFAULT NULL
) ENGINE=InnoDB DEFAULT CHARSET=utf8;

INSERT INTO `password_resets` (`id`, `email`, `token`, `created_at`, `updated_at`) VALUES
(14, 'admin@admin.com', 'ce2e72cc23c4cddcb3b89c423c420badeffe831cb4051820ea2090ad3c7c4383', '2017-03-09 00:34:01', NULL);

CREATE TABLE `periodos` (
  `id` int(11) NOT NULL,
  `desc` varchar(255) COLLATE utf8_unicode_ci DEFAULT NULL,
  `dias` int(11) DEFAULT NULL
) ENGINE=InnoDB DEFAULT CHARSET=utf8 COLLATE=utf8_unicode_ci;

INSERT INTO `periodos` (`id`, `desc`, `dias`) VALUES
(1, 'Diário', 1),
(2, 'Semanal', 7),
(3, 'Quinzenal', 15),
(4, 'Mensal', 30),
(5, 'Trimestral', 90),
(6, 'Semestral', 180);

CREATE TABLE `receitas` (
  `id` int(11) NOT NULL,
  `titulo` varchar(255) COLLATE utf8_unicode_ci DEFAULT NULL,
  `subtitulo` varchar(255) COLLATE utf8_unicode_ci NOT NULL,
  `tipo_receita_id` int(11) DEFAULT NULL,
  `data` date DEFAULT NULL,
  `congela` int(11) DEFAULT NULL,
  `bebida_id` int(11) DEFAULT NULL,
  `fonte_id` int(11) DEFAULT NULL,
  `picture_file_name` varchar(255) COLLATE utf8_unicode_ci DEFAULT NULL,
  `qtd_porcao` int(11) DEFAULT NULL,
  `observacoes` text COLLATE utf8_unicode_ci,
  `preparo` text COLLATE utf8_unicode_ci,
  `updated_at` datetime DEFAULT NULL,
  `created_at` datetime DEFAULT NULL
) ENGINE=InnoDB DEFAULT CHARSET=utf8 COLLATE=utf8_unicode_ci;

INSERT INTO `receitas` (`id`, `titulo`, `subtitulo`, `tipo_receita_id`, `data`, `congela`, `bebida_id`, `fonte_id`, `picture_file_name`, `qtd_porcao`, `observacoes`, `preparo`, `updated_at`, `created_at`) VALUES
(2, 'Molho de Tomate', '', 27, NULL, 180, 0, 1, NULL, NULL, '<p class=\"MsoNormal\" style=\"margin-top: .1pt; margin-right: 0cm; margin-bottom: .1pt; margin-left: 0cm; mso-para-margin-top: .01gd; mso-para-margin-right: 0cm; mso-para-margin-bottom: .01gd; mso-para-margin-left: 0cm;\">Lavar bem os tomates com uma escovinha para legumes e deix&aacute;-los de molho por 10 minutos no Hydrosteril. Depois, tirar as sementes e cortar em cubinhos.<br />Lavar as cebolas, descascar e ralar.</p>\r\n<p class=\"MsoNormal\" style=\"margin-top: .1pt; margin-right: 0cm; margin-bottom: .1pt; margin-left: 0cm; mso-para-margin-top: .01gd; mso-para-margin-right: 0cm; mso-para-margin-bottom: .01gd; mso-para-margin-left: 0cm;\">Lavar os alhos, descascar, tirar o fio branco central de cada dente e esprem&ecirc;-los.</p>\r\n<p class=\"MsoNormal\" style=\"margin-top: .1pt; margin-right: 0cm; margin-bottom: .1pt; margin-left: 0cm; mso-para-margin-top: .01gd; mso-para-margin-right: 0cm; mso-para-margin-bottom: .01gd; mso-para-margin-left: 0cm;\">Lavar bem os ramos de salsa e deix&aacute;-los junto com os tomates de molho por 10 minutos no Hydrosteril. Depois, com um barbante, amarrar os 8 ramos juntos, pois ser&atilde;o retirados do molho ao final.</p>\r\n<p class=\"MsoNormal\" style=\"margin-top: .1pt; margin-right: 0cm; margin-bottom: .1pt; margin-left: 0cm; mso-para-margin-top: .01gd; mso-para-margin-right: 0cm; mso-para-margin-bottom: .01gd; mso-para-margin-left: 0cm;\">Em uma panela, colocar as cebolas, o alho, o azeite e o &oacute;leo. Deixar dourar um pouco.<br /> Acrescentar os tomates, o a&ccedil;&uacute;car, as ervas finas, o louro, os ramos de salsa, o leite, o sal e a pimenta dedo-de-mo&ccedil;a inteira. Deixar ferver bem at&eacute; o molho ficar bem encorpado.<br /> Retirar a panela do fogo, retirar as folhas de louro, a pimenta vermelha dedo-de-mo&ccedil;a e o amarrado de salsa, levar ao liquidificador e bater bem.</p>\r\n<p class=\"MsoNormal\" style=\"margin-top: .1pt; margin-right: 0cm; margin-bottom: .1pt; margin-left: 0cm; mso-para-margin-top: .01gd; mso-para-margin-right: 0cm; mso-para-margin-bottom: .01gd; mso-para-margin-left: 0cm;\">Deixar esfriar, distribuir em v&aacute;rios potes, deixar um na geladeira para ser usado e levar os outros ao <em>freezer</em> para congelar.</p>\r\n<p class=\"MsoNormal\" style=\"margin-top: .1pt; margin-right: 0cm; margin-bottom: .1pt; margin-left: 0cm; mso-para-margin-top: .01gd; mso-para-margin-right: 0cm; mso-para-margin-bottom: .01gd; mso-para-margin-left: 0cm;\">Pode-se usar tamb&eacute;m forminhas de gelo para congelar o molho em pequenas por&ccedil;&otilde;es. Depois de congelados os cubinhos, retire-os das forminhas de gelo e coloque-os em um saco pl&aacute;stico para congelamento, bem fechado e amarrado. Quando precisar, tire a quantidade necess&aacute;ria.</p>\r\n<p><span style=\"font-size: 12.0pt; font-family: Arial; mso-fareast-font-family: &quot;Times New Roman&quot;; mso-bidi-font-family: &quot;Times New Roman&quot;; mso-ansi-language: PT-BR; mso-fareast-language: PT-BR; mso-bidi-language: AR-SA;\">&nbsp;</span></p>', NULL, NULL, NULL),
(3, 'Caldo de Frango Elaborado', '', 1, NULL, NULL, 0, 0, NULL, NULL, '<ol>\r\n<li><span style=\"mso-bidi-font-family: Verdana; font-variant: small-caps; mso-ansi-language: EN-US;\" lang=\"EN-US\">Antes de qualquer coisa, para limpar as impurezas, coloque as carcassas numa &aacute;gua fervendo por 5 minutos, tire desta </span><span style=\"mso-bidi-font-family: Verdana; font-variant: small-caps; mso-ansi-language: EN-US;\" lang=\"EN-US\">&aacute;gua</span><span style=\"mso-bidi-font-family: Verdana; font-variant: small-caps; mso-ansi-language: EN-US;\" lang=\"EN-US\"> e lave bem debaixo da torneira com </span><span style=\"mso-bidi-font-family: Verdana; font-variant: small-caps; mso-ansi-language: EN-US;\" lang=\"EN-US\">&aacute;gua</span><span style=\"mso-bidi-font-family: Verdana; font-variant: small-caps; mso-ansi-language: EN-US;\" lang=\"EN-US\"> fria corrente, limpando sangue e impurezas.</span></li>\r\n<li><span style=\"mso-bidi-font-family: Verdana; font-variant: small-caps; mso-ansi-language: EN-US;\" lang=\"EN-US\">Numa panela, coloque os 5 litros de </span><span style=\"mso-bidi-font-family: Verdana; font-variant: small-caps; mso-ansi-language: EN-US;\" lang=\"EN-US\">&aacute;gua</span><span style=\"mso-bidi-font-family: Verdana; font-variant: small-caps; mso-ansi-language: EN-US;\" lang=\"EN-US\">, as carcassas e leve &aring; ebuli&ccedil;&atilde;o.</span></li>\r\n<li><span style=\"mso-bidi-font-family: Verdana; font-variant: small-caps; mso-ansi-language: EN-US;\" lang=\"EN-US\">Passe a escumadeira e retire toda a espuma e sujeirinha que subiu para a superf&iacute;cie. Jogue fora.</span></li>\r\n<li><span style=\"mso-bidi-font-family: Verdana; font-variant: small-caps; mso-ansi-language: EN-US;\" lang=\"EN-US\">prepare as cebolas <em>piquet</em> e o <em>bouquet garni </em>(abaixo descri&ccedil;&atilde;o)<br /></span></li>\r\n<li><span style=\"mso-bidi-font-family: Verdana; font-variant: small-caps; mso-ansi-language: EN-US;\" lang=\"EN-US\">Junte, ent&atilde;o, o alho-porr&oacute;, o sals&atilde;o e a cenoura picados grosseiramente. Junte tamb&eacute;m as cebolas <em>piquet</em> e o <em>bouquet garni</em>.</span></li>\r\n<li><span style=\"mso-bidi-font-family: Verdana; font-variant: small-caps; mso-ansi-language: EN-US;\" lang=\"EN-US\">Coloque sal, pimenta e deixe tudo cozinhando devagar, em fogo baixo, por 2 a 3 horas. </span></li>\r\n<li><span style=\"mso-bidi-font-family: Verdana; font-variant: small-caps; mso-ansi-language: EN-US;\" lang=\"EN-US\">Neste tempo, enquanto est&aacute; cozinhando, v&aacute; retirando toda a gordura que eventualmente suba &aring; superf&iacute;cie. Para isso, use a escumadeira.</span></li>\r\n<li><span style=\"mso-bidi-font-family: Verdana; font-variant: small-caps; mso-ansi-language: EN-US;\" lang=\"EN-US\">Ao final do tempo, passe o caldo pelo <em>chinois</em>. Se for utiliz</span><span style=\"mso-bidi-font-family: Verdana; font-variant: small-caps; mso-ansi-language: EN-US;\" lang=\"EN-US\">&aacute;</span><span style=\"mso-bidi-font-family: Verdana; font-variant: small-caps; mso-ansi-language: EN-US;\" lang=\"EN-US\">-lo de imediato, fa&ccedil;a-o. Caso contr&aacute;rio, esfrie o caldo, coloque-o em forminhas de gelo, congele e depois de congelados, desenforme e guarde congelado, dentro de sacos pl&aacute;sticos ou <em>tupperware</em> dentro do congelador para uso posterior.</span></li>\r\n</ol>\r\n<p class=\"MsoNormal\" style=\"line-height: 150%;\"><em><strong><span style=\"font-variant: small-caps;\" lang=\"EN-US\">Bouquet Garni</span></strong></em></p>\r\n<p class=\"MsoNormal\" style=\"line-height: 150%;\"><span style=\"mso-bidi-font-family: Verdana; font-variant: small-caps; mso-ansi-language: EN-US;\" lang=\"EN-US\">1 ramo de tomilho </span></p>\r\n<p class=\"MsoNormal\" style=\"line-height: 150%;\"><span style=\"mso-bidi-font-family: Verdana; font-variant: small-caps; mso-ansi-language: EN-US;\" lang=\"EN-US\">1 ramo de alecrim </span></p>\r\n<p class=\"MsoNormal\" style=\"line-height: 150%;\"><span style=\"mso-bidi-font-family: Verdana; font-variant: small-caps; mso-ansi-language: EN-US;\" lang=\"EN-US\">1 talo de salsa </span></p>\r\n<p class=\"MsoNormal\" style=\"line-height: 150%;\"><span style=\"mso-bidi-font-family: Verdana; font-variant: small-caps; mso-ansi-language: EN-US;\" lang=\"EN-US\">1 folha de louro</span></p>\r\n<p class=\"MsoNormal\" style=\"line-height: 150%;\"><span style=\"mso-bidi-font-family: Verdana; font-variant: small-caps; mso-ansi-language: EN-US;\" lang=\"EN-US\">3 gr&atilde;os de pimenta do reino branca amassados</span></p>\r\n<p class=\"MsoNormal\" style=\"line-height: 150%;\"><span style=\"mso-bidi-font-family: Verdana; font-variant: small-caps; mso-ansi-language: EN-US;\" lang=\"EN-US\">1 folha de alho-porr&oacute; para embrulhar tudo<br /></span></p>\r\n<p class=\"MsoNormal\" style=\"line-height: 150%;\"><span style=\"mso-bidi-font-family: Verdana; font-variant: small-caps; mso-ansi-language: EN-US;\" lang=\"EN-US\">enrolar tudo dentro da folha do alho-porr&oacute; e amarrar bem com um barbante. apertar bem.</span></p>\r\n<p class=\"MsoNormal\" style=\"line-height: 150%;\"><strong><span style=\"font-variant: small-caps;\" lang=\"EN-US\">cebola <em>piquet </em></span></strong><span style=\"font-variant: small-caps;\" lang=\"EN-US\">&eacute; </span><span style=\"font-variant: small-caps;\" lang=\"EN-US\">uma cebola espetada de cravos para dar sabor ao preparo de alguns pratos.<br /></span></p>', NULL, NULL, NULL),
(4, 'Caldo de Frango Simples', '', 1, NULL, 30, 0, 0, NULL, NULL, '<ol>\r\n<li><span style=\"mso-bidi-font-family: Verdana; font-variant: small-caps; mso-ansi-language: EN-US;\" lang=\"EN-US\">Antes de qualquer coisa, para limpar as impurezas, coloque as carca&ccedil;as numa &aacute;gua fervendo por 5 minutos, tire desta </span><span style=\"mso-bidi-font-family: Verdana; font-variant: small-caps; mso-ansi-language: EN-US;\" lang=\"EN-US\">&aacute;gua</span><span style=\"mso-bidi-font-family: Verdana; font-variant: small-caps; mso-ansi-language: EN-US;\" lang=\"EN-US\"> e lave bem debaixo da torneira com </span><span style=\"mso-bidi-font-family: Verdana; font-variant: small-caps; mso-ansi-language: EN-US;\" lang=\"EN-US\">&aacute;gua</span><span style=\"mso-bidi-font-family: Verdana; font-variant: small-caps; mso-ansi-language: EN-US;\" lang=\"EN-US\"> fria corrente, limpando sangue e impurezas.</span></li>\r\n<li><span style=\"mso-bidi-font-family: Verdana; font-variant: small-caps; mso-ansi-language: EN-US;\" lang=\"EN-US\">coloque o frango em uma panela e cubra totalmente com &aacute;gua. Acrescente a cenoura, a cebola, o sals&atilde;o e as ervas picados grosseiramente. </span></li>\r\n<li><span style=\"mso-bidi-font-family: Verdana; font-variant: small-caps; mso-ansi-language: EN-US;\" lang=\"EN-US\">cozinhe por 30 a 40 minutos e coe com a ajuda de um <em>chinois</em>.</span></li>\r\n<li><span style=\"mso-bidi-font-family: Verdana; font-variant: small-caps; mso-ansi-language: EN-US;\" lang=\"EN-US\">Ao final do tempo, passe o caldo pelo <em>chinois</em>. Se for utiliz</span><span style=\"mso-bidi-font-family: Verdana; font-variant: small-caps; mso-ansi-language: EN-US;\" lang=\"EN-US\">&aacute;</span><span style=\"mso-bidi-font-family: Verdana; font-variant: small-caps; mso-ansi-language: EN-US;\" lang=\"EN-US\">-lo  de imediato, fa&ccedil;a-o. Caso contr&aacute;rio, esfrie o caldo, coloque-o em  forminhas de gelo, congele e depois de congelados, desenforme e guarde  congelado, dentro de sacos pl&aacute;sticos ou <em>tupperware</em> dentro do congelador para uso posterior.</span></li>\r\n</ol><ol> </ol>', NULL, NULL, NULL),
(5, 'Caldo de Legumes', '', 1, NULL, 30, 0, 0, NULL, NULL, '<p class=\"MsoNormal\" style=\"line-height: 150%;\"><span style=\"mso-bidi-font-family: Verdana; font-variant: small-caps; mso-ansi-language: EN-US;\" lang=\"EN-US\">Cortar a cenoura, a cebola, o sals&atilde;o e o alho-porr&oacute; em peda&ccedil;os grandes.</span></p>\r\n<p class=\"MsoNormal\" style=\"line-height: 150%;\"><span style=\"mso-bidi-font-family: Verdana; font-variant: small-caps; mso-ansi-language: EN-US;\" lang=\"EN-US\">Coloc&aacute;-los em uma panela juntamente com as folhas de louro e os dentes de alho (pode ser com casca).</span></p>\r\n<p class=\"MsoNormal\" style=\"line-height: 150%;\"><span style=\"mso-bidi-font-family: Verdana; font-variant: small-caps; mso-ansi-language: EN-US;\" lang=\"EN-US\">Juntar o vinho branco e deixar ferver.</span></p>\r\n<p class=\"MsoNormal\" style=\"line-height: 150%;\"><span style=\"mso-bidi-font-family: Verdana; font-variant: small-caps; mso-ansi-language: EN-US;\" lang=\"EN-US\">Assim que ferver, adicionar os 2 litros de &aacute;gua e deixar fervendo por aproximadamente 40 minutos.</span></p>\r\n<p class=\"MsoNormal\" style=\"line-height: 150%;\"><span style=\"mso-bidi-font-family: Verdana; font-variant: small-caps; mso-ansi-language: EN-US;\" lang=\"EN-US\">ap&oacute;s os 40 minutos, os legumes estar&atilde;o cozidos e o caldo bem saboroso e perfumado. coar o caldo.</span></p>\r\n<p class=\"MsoNormal\" style=\"line-height: 150%;\"><span style=\"mso-bidi-font-family: Verdana; font-variant: small-caps; mso-ansi-language: EN-US;\" lang=\"EN-US\">se for utiliz&aacute;-lo de imediato, fa&ccedil;a-o. caso contr&aacute;rio, esfrie o caldo, coloque em forminhas de gelo, congele e depois de congelados, desenforme e guarde congelado, dentro de sacos pl&aacute;sticos ou <em>tupperware</em>, dentro do congelador, para uso posterior.<br /></span></p>', NULL, NULL, NULL),
(6, 'Caldo de Carne Claro (3 litros)', '', 1, NULL, 30, 0, 0, NULL, NULL, '<ol>\r\n<li><span style=\"mso-bidi-font-family: Verdana; font-variant: small-caps; mso-ansi-language: EN-US;\" lang=\"EN-US\">Antes de qualquer coisa, para limpar as impurezas, coloque os ossos numa &aacute;gua fervendo por 5 minutos, tire desta </span><span style=\"mso-bidi-font-family: Verdana; font-variant: small-caps; mso-ansi-language: EN-US;\" lang=\"EN-US\">&aacute;gua</span><span style=\"mso-bidi-font-family: Verdana; font-variant: small-caps; mso-ansi-language: EN-US;\" lang=\"EN-US\"> e lave bem debaixo da torneira com </span><span style=\"mso-bidi-font-family: Verdana; font-variant: small-caps; mso-ansi-language: EN-US;\" lang=\"EN-US\">&aacute;gua</span><span style=\"mso-bidi-font-family: Verdana; font-variant: small-caps; mso-ansi-language: EN-US;\" lang=\"EN-US\"> fria corrente, limpando sangue e impurezas.</span></li>\r\n<li><span style=\"mso-bidi-font-family: Verdana; font-variant: small-caps; mso-ansi-language: EN-US;\" lang=\"EN-US\">Numa panela, coloque os 5 litros de </span><span style=\"mso-bidi-font-family: Verdana; font-variant: small-caps; mso-ansi-language: EN-US;\" lang=\"EN-US\">&aacute;gua</span><span style=\"mso-bidi-font-family: Verdana; font-variant: small-caps; mso-ansi-language: EN-US;\" lang=\"EN-US\">, os ossos e leve &aring; ebuli&ccedil;&atilde;o.</span></li>\r\n<li><span style=\"mso-bidi-font-family: Verdana; font-variant: small-caps; mso-ansi-language: EN-US;\" lang=\"EN-US\">Passe a escumadeira e retire toda a espuma e sujeirinha que subiu para a superf&iacute;cie. Jogue fora.</span></li>\r\n<li><span style=\"mso-bidi-font-family: Verdana; font-variant: small-caps; mso-ansi-language: EN-US;\" lang=\"EN-US\">Junte, ent&atilde;o, o alho-porr&oacute;, o sals&atilde;o e a cenoura picados grosseiramente. Junte tamb&eacute;m as cebolas <em>piquet</em> e o <em>bouquet garni</em>.</span></li>\r\n<li><span style=\"mso-bidi-font-family: Verdana; font-variant: small-caps; mso-ansi-language: EN-US;\" lang=\"EN-US\">Coloque sal, pimenta e deixe tudo cozinhando devagar, em fogo baixo, por 5 a 7 horas. </span></li>\r\n<li><span style=\"mso-bidi-font-family: Verdana; font-variant: small-caps; mso-ansi-language: EN-US;\" lang=\"EN-US\">Neste tempo, enquanto est&aacute; cozinhando, v&aacute; retirando toda a gordura que eventualmente suba a superf&iacute;cie. Para isso, use a escumadeira.</span></li>\r\n<li><span style=\"mso-bidi-font-family: Verdana; font-variant: small-caps; mso-ansi-language: EN-US;\" lang=\"EN-US\">ao final do tempo, passe o caldo pelo <em>chinois</em>. se for utiliz&aacute;-lo de imediato, fa&ccedil;a-o. caso contr&aacute;rio, esfrie o caldo, coloque-o em forminhas de gelo, congele e depois de congelado, desenforme e guarde congelado dentro de sacos pl&aacute;sticos ou <em>tupperware</em>, dentro do congelador para uso posterior.<br /></span></li>\r\n</ol>', NULL, NULL, NULL),
(8, 'Tomates Confit', '', 14, NULL, NULL, 0, 56, NULL, 2, '<ol>\r\n<li> <!--  /* Font Definitions */ @font-face 	{font-family:Arial; 	panose-1:2 11 6 4 2 2 2 2 2 4; 	mso-font-charset:0; 	mso-generic-font-family:auto; 	mso-font-pitch:variable; 	mso-font-signature:-536859905 -1073711037 9 0 511 0;} @font-face 	{font-family:Verdana; 	panose-1:2 11 6 4 3 5 4 4 2 4; 	mso-font-charset:0; 	mso-generic-font-family:auto; 	mso-font-pitch:variable; 	mso-font-signature:-1593833729 1073750107 16 0 415 0;} @font-face 	{font-family:\"Cambria Math\"; 	panose-1:2 4 5 3 5 4 6 3 2 4; 	mso-font-charset:0; 	mso-generic-font-family:auto; 	mso-font-pitch:variable; 	mso-font-signature:-536870145 1107305727 0 0 415 0;}  /* Style Definitions */ p.MsoNormal, li.MsoNormal, div.MsoNormal 	{mso-style-unhide:no; 	mso-style-qformat:yes; 	mso-style-parent:\"\"; 	margin:0cm; 	margin-bottom:.0001pt; 	mso-pagination:widow-orphan; 	font-size:12.0pt; 	font-family:Arial; 	mso-fareast-font-family:\"Times New Roman\"; 	mso-bidi-font-family:\"Times New Roman\"; 	mso-fareast-language:PT-BR;} .MsoChpDefault 	{mso-style-type:export-only; 	mso-default-props:yes;} @page WordSection1 	{size:612.0pt 792.0pt; 	margin:72.0pt 90.0pt 72.0pt 90.0pt; 	mso-header-margin:36.0pt; 	mso-footer-margin:36.0pt; 	mso-paper-source:0;} div.WordSection1 	{page:WordSection1;} --> <span style=\"mso-bidi-font-family: Verdana; font-variant: small-caps; mso-ansi-language: EN-US;\" lang=\"EN-US\">lave bem e higienize os tomates</span></li>\r\n<li><span style=\"mso-bidi-font-family: Verdana; font-variant: small-caps; mso-ansi-language: EN-US;\" lang=\"EN-US\">Corte os tomates em quatro, retire e descarte as sementes</span></li>\r\n<li><span style=\"mso-bidi-font-family: Verdana; font-variant: small-caps; mso-ansi-language: EN-US;\" lang=\"EN-US\">Em um tabuleiro, coloque os tomates com a pele virada para cima. Tempere com sal, pimenta, uma pitada de a&ccedil;&uacute;car e alho. Regue com um bom azeite e asse por aproximadamente 40 minutos a 180 graus</span></li>\r\n<li><span style=\"mso-bidi-font-family: Verdana; font-variant: small-caps; mso-ansi-language: EN-US;\" lang=\"EN-US\">Retire do&nbsp;forno e mexa um pouco</span></li>\r\n<li><span style=\"mso-bidi-font-family: Verdana; font-variant: small-caps; mso-ansi-language: EN-US;\" lang=\"EN-US\">montagem: em um prato, coloque a mussarela de b&uacute;fala no centro, com a r&uacute;cula e os tomates <em>confit</em> em volta. regue com um bom azeite e sirva<br /></span></li>\r\n</ol>', NULL, NULL, NULL),
(9, 'Linguine com Vieiras', '', 12, NULL, NULL, 0, 56, NULL, 2, '<ol>\r\n<li><span style=\"mso-bidi-font-family: Verdana; font-variant: small-caps; mso-ansi-language: EN-US;\" lang=\"EN-US\">lave, higienize a cebola, o lim&atilde;o e a salsa</span></li>\r\n<li><span style=\"mso-bidi-font-family: Verdana; font-variant: small-caps; mso-ansi-language: EN-US;\" lang=\"EN-US\">corte a cebola em rodelas bem finas</span></li>\r\n<li><span style=\"mso-bidi-font-family: Verdana; font-variant: small-caps; mso-ansi-language: EN-US;\" lang=\"EN-US\">raspe a casca do lim&atilde;o e esprema o suco dele. reserve ambos</span></li>\r\n<li><span style=\"mso-bidi-font-family: Verdana; font-variant: small-caps; mso-ansi-language: EN-US;\" lang=\"EN-US\">pique bem pequenininho a salsinha<br /></span></li>\r\n<li><span style=\"mso-bidi-font-family: Verdana; font-variant: small-caps; mso-ansi-language: EN-US;\" lang=\"EN-US\">Cozinhe a massa em &aacute;gua com sal pelo tempo indicado na embalagem. Escorra e reserve</span></li>\r\n<li><span style=\"mso-bidi-font-family: Verdana; font-variant: small-caps; mso-ansi-language: EN-US;\" lang=\"EN-US\">Em uma panela, derreta a manteiga e coloque as rodelas de cebola. Deixe fritar</span></li>\r\n<li><span style=\"mso-bidi-font-family: Verdana; font-variant: small-caps; mso-ansi-language: EN-US;\" lang=\"EN-US\">Em uma tigela, tempere as vieiras com o suco do lim&atilde;o, sal e pimenta do reino mo&iacute;da na hora, reserve</span></li>\r\n<li><span style=\"mso-bidi-font-family: Verdana; font-variant: small-caps; mso-ansi-language: EN-US;\" lang=\"EN-US\">Adicione as raspas de lim&atilde;o &agrave; panela com a cebola. Quando a cebola estiver moreninha, coloque as vieiras e sele por 30 segundos de cada lado</span></li>\r\n<li><span style=\"mso-bidi-font-family: Verdana; font-variant: small-caps; mso-ansi-language: EN-US;\" lang=\"EN-US\">Adicione a massa na panela com as vieiras. Jogue a salsinha picada e sirva</span></li>\r\n</ol>', NULL, NULL, NULL),
(10, 'Massa Podre Salgada para Torta e Empada', '', 1, NULL, NULL, 0, 5, NULL, NULL, '<ol>\r\n<li> &lt;!--  /* Font Definitions */ @font-face 	{font-family:Arial; 	panose-1:2 11 6 4 2 2 2 2 2 4; 	mso-font-charset:0; 	mso-generic-font-family:auto; 	mso-font-pitch:variable; 	mso-font-signature:-536859905 -1073711037 9 0 511 0;} @font-face 	{font-family:\"Cambria Math\"; 	panose-1:2 4 5 3 5 4 6 3 2 4; 	mso-font-charset:0; 	mso-generic-font-family:auto; 	mso-font-pitch:variable; 	mso-font-signature:-536870145 1107305727 0 0 415 0;}  /* Style Definitions */ p.MsoNormal, li.MsoNormal, div.MsoNormal 	{mso-style-unhide:no; 	mso-style-qformat:yes; 	mso-style-parent:\"\"; 	margin:0cm; 	margin-bottom:.0001pt; 	mso-pagination:widow-orphan; 	font-size:12.0pt; 	font-family:Arial; 	mso-fareast-font-family:\"Times New Roman\"; 	mso-bidi-font-family:\"Times New Roman\"; 	mso-fareast-language:PT-BR;} .MsoChpDefault 	{mso-style-type:export-only; 	mso-default-props:yes;} @page WordSection1 	{size:612.0pt 792.0pt; 	margin:72.0pt 90.0pt 72.0pt 90.0pt; 	mso-header-margin:36.0pt; 	mso-footer-margin:36.0pt; 	mso-paper-source:0;} div.WordSection1 	{page:WordSection1;} --&gt;      <span style=\"font-size: 12.0pt; font-family: Arial; mso-fareast-font-family: &quot;Times New Roman&quot;; mso-bidi-font-family: &quot;Times New Roman&quot;; mso-ansi-language: PT-BR; mso-fareast-language: PT-BR; mso-bidi-language: AR-SA;\">Misturar a farinha com a margarina e o sal. Amassar bem.</span></li>\r\n<li><span style=\"font-size: 12.0pt; font-family: Arial; mso-fareast-font-family: &quot;Times New Roman&quot;; mso-bidi-font-family: &quot;Times New Roman&quot;; mso-ansi-language: PT-BR; mso-fareast-language: PT-BR; mso-bidi-language: AR-SA;\">Acrescentar as gemas e amassar bem.</span></li>\r\n<li><span style=\"font-size: 12.0pt; font-family: Arial; mso-fareast-font-family: &quot;Times New Roman&quot;; mso-bidi-font-family: &quot;Times New Roman&quot;; mso-ansi-language: PT-BR; mso-fareast-language: PT-BR; mso-bidi-language: AR-SA;\">Deixar a massa homog&ecirc;nea, formar uma bola, embrulhar no filme pl&aacute;stico e levar &aring; geladeira para gelar um pouco antes do manuseio.</span></li>\r\n<li><span style=\"font-size: 12.0pt; font-family: Arial; mso-fareast-font-family: &quot;Times New Roman&quot;; mso-bidi-font-family: &quot;Times New Roman&quot;; mso-ansi-language: PT-BR; mso-fareast-language: PT-BR; mso-bidi-language: AR-SA;\">Para us&aacute;-la, pegue pequenos peda&ccedil;os, abra com os dedos para que fique bem fina e v&aacute; colocando na forma de fundo solto at&eacute; cobr&iacute;-la completamente.</span></li>\r\n<li><span style=\"font-size: 12.0pt; font-family: Arial; mso-fareast-font-family: &quot;Times New Roman&quot;; mso-bidi-font-family: &quot;Times New Roman&quot;; mso-ansi-language: PT-BR; mso-fareast-language: PT-BR; mso-bidi-language: AR-SA;\">Fa&ccedil;a furinhos com um garfo e d&ecirc; uma pr&eacute;-assada na massa, antes de colocar o recheio desejado.</span></li>\r\n<li><span style=\"font-size: 12.0pt; font-family: Arial; mso-fareast-font-family: &quot;Times New Roman&quot;; mso-bidi-font-family: &quot;Times New Roman&quot;; mso-ansi-language: PT-BR; mso-fareast-language: PT-BR; mso-bidi-language: AR-SA;\">Coloque o recheio. Cubra com massa e leve para assar.<br /></span></li>\r\n</ol>', NULL, NULL, NULL),
(12, 'Recheio de Frango para Torta (1 torta grande), Empada, Panqueca', '', 1, NULL, NULL, 0, 5, NULL, 6, '<ol>\r\n<li> &lt;!--  /* Font Definitions */ @font-face 	{font-family:Arial; 	panose-1:2 11 6 4 2 2 2 2 2 4; 	mso-font-charset:0; 	mso-generic-font-family:auto; 	mso-font-pitch:variable; 	mso-font-signature:-536859905 -1073711037 9 0 511 0;} @font-face 	{font-family:\"Cambria Math\"; 	panose-1:2 4 5 3 5 4 6 3 2 4; 	mso-font-charset:0; 	mso-generic-font-family:auto; 	mso-font-pitch:variable; 	mso-font-signature:-536870145 1107305727 0 0 415 0;}  /* Style Definitions */ p.MsoNormal, li.MsoNormal, div.MsoNormal 	{mso-style-unhide:no; 	mso-style-qformat:yes; 	mso-style-parent:\"\"; 	margin:0cm; 	margin-bottom:.0001pt; 	mso-pagination:widow-orphan; 	font-size:12.0pt; 	font-family:Arial; 	mso-fareast-font-family:\"Times New Roman\"; 	mso-bidi-font-family:\"Times New Roman\"; 	mso-fareast-language:PT-BR;} .MsoChpDefault 	{mso-style-type:export-only; 	mso-default-props:yes;} @page WordSection1 	{size:612.0pt 792.0pt; 	margin:72.0pt 90.0pt 72.0pt 90.0pt; 	mso-header-margin:36.0pt; 	mso-footer-margin:36.0pt; 	mso-paper-source:0;} div.WordSection1 	{page:WordSection1;} --&gt;        Colocar em uma panela grande o frango inteiro, limpo para cozinhar com o vinagre e o sal at&eacute; que o frango fique bem cozido e molinho.</li>\r\n<li>Deixe o frango esfriar.</li>\r\n<li>Reserve o caldo onde cozinhou o frango.</li>\r\n<li>Depois de frio, desfiar o frango bem pequenino, bem desfiadinho. N&atilde;o colocar a pele, jogue ela fora.</li>\r\n<li>Coloque numa panela, azeite, cebola, alho e o frango e v&aacute; refogando e colocando, aos poucos, um pouco do caldo onde cozinhou o frango, para que ele n&atilde;o fique ressecado.</li>\r\n<li>Depois, colocar o cubo de caldo de frango e ir refogando. Sempre que precisar, coloque um pouco do caldo do frango para que ele n&atilde;o resseque.</li>\r\n<li>Num copo, coloque um pouco do caldo FRIO onde cozinhou o frango, e dissolva a Maisena. Misture bem.</li>\r\n<li>V&aacute; colocando aos poucos esta Maisena no refogado somente para dar uma encorpadinha. CUIDADO para n&atilde;o engrossar demais e n&atilde;o ficar seco.</li>\r\n<li>Desligar o fogo, colocar a azeitona preta e a azeitona verde SEM caro&ccedil;os e bem picadinhas, a salsinha e a ervilha em lata.</li>\r\n<li>Deixe esfriar.</li>\r\n<li>Use para rechear a torta depois que a massa tiver sido previamente assada muito de leve no forno.</li>\r\n</ol>', NULL, NULL, NULL),
(13, 'Massa Podre de Torta Doce, Tartelete', '', 1, NULL, NULL, 0, 5, NULL, 6, '<ol>\r\n<li>Medir e peneirar bem a farinha e o a&ccedil;&uacute;car.</li>\r\n<li>Misturar bem os ingredientes secos e a margarina.</li>\r\n<li>Por &uacute;ltimo, acrescentar as gemas e amassar bem.</li>\r\n<li>Deixar a massa homog&ecirc;nea, formar uma bola, embrulhar no filme pl&aacute;stico e levar &aring; geladeira para gelar um pouco antes do manuseio.</li>\r\n<li>Para us&aacute;-la, pegue pequenos peda&ccedil;os, abra com os dedos para que fique bem fina e v&aacute; colocando na forma de fundo solto at&eacute; cobr&iacute;-la completamente.</li>\r\n<li>Fa&ccedil;a furinhos com um garfo e d&ecirc; uma pr&eacute;-assada na massa, antes de colocar o recheio desejado.</li>\r\n<li>Coloque o recheio e dependendo do que for volte ao forno ou sirva imediatamente.</li>\r\n</ol>', NULL, NULL, NULL),
(16, 'Massa de Macarrão Básica', '', 1, NULL, NULL, 0, 5, NULL, 4, '<p>Misture bem todos os ingredientes at&eacute; a massa ficar homog&ecirc;nea.</p>\r\n<p>Sove.</p>\r\n<p>Passe na m&aacute;quina de macarr&atilde;o para abr&iacute;-la e depois escolha qual o formato de massa vai querer para usar a m&aacute;quina novamente e finalizar a massa.</p>\r\n<p>Deixe secar.</p>\r\n<p>Cozinhe em &aacute;gua fervendo com sal e azeite at&eacute; que fique al dente.</p>\r\n<p>Coloque o molho ou o ingrediente de sua prefer&ecirc;ncia e sirva.</p>', NULL, NULL, NULL),
(17, 'Mirepoix', '', 1, NULL, NULL, 0, 0, NULL, 2, '<p>O <em>Mirepoix</em> &eacute; preparado, higienizando-se os ingredientes e depois cortando-os em quadradinhos pequenos para serem usados como aromatizantes de prepara&ccedil;&otilde;es.</p>\r\n<p>Depois de cortados, eles s&atilde;o refogados na manteiga e ent&atilde;o acrescentados durante o cozimento de caldos,  molhos e assados, agregando-lhes sabor vegetal e corpo<em>.</em></p>\r\n<p>As propor&ccedil;&otilde;es s&atilde;o:</p>\r\n<p><span style=\"text-decoration: underline;\">Receita do <em>Mirepoix</em></span><br /> 50% de cebola<br /> 25% sals&atilde;o<br /> 25% cenoura</p>\r\n<p>Op&ccedil;&atilde;o com alho-porr&oacute;<br /> 40% de cebola&nbsp; + 20%  sals&atilde;o + 20% cenoura + 20% alho-porr&oacute;</p>\r\n<ul>\r\n<li><strong>Mirepoix</strong> (2 partes de cebola, 1 parte de sals&atilde;o e 1  parte de cenoura. Em cubos) &ndash; este &eacute; o principal arom&aacute;tico. Por ter  cenoura, o mirepoix interfere na cor do preparo, escurecendo-o. Para  preparos mais escuros, a cebola e a cenoura podem ser refogados  (acrescentar o sals&atilde;o s&oacute; no final, para n&atilde;o ficar amargo) at&eacute; ficarem  marrons (caramelizados). Para uma cor ainda mais escura, &eacute; poss&iacute;vel  adicionar, no fim, molho/massa/polpa de tomate e caramelizar tamb&eacute;m  (chamada de pin&ccedil;age). Al&eacute;m da cor morrom, a carameliza&ccedil;&atilde;o confere sabor  de assado no preparo.</li>\r\n<li><strong>Mirepoix branco 1</strong> (2 partes de cebola, 1 parte de sals&atilde;o, 1 parte de alho por&oacute;. Em cubos)  &ndash; alternativa ao mirepoix, para preparos de cor clara. Como tem alho  por&oacute; no lugar da cenoura, n&atilde;o interfere na cor do preparo.</li>\r\n<li><strong>Mirepoix branco 2</strong> (1 parte de cebola, 1 parte de  nabo japon&ecirc;s, 1 parte de sals&atilde;o, 1 parte de alho por&oacute;) &ndash; outra op&ccedil;&atilde;o de  mirepoix branco, muito usado em preparos com peixe.</li>\r\n<li><strong>Matignon</strong> (mirepoix + 1 parte de gordura (presunto  ou bacon)) &ndash; &eacute; comum us&aacute;-lo em preparos em que o mirepoix permanece at&eacute; o  fim (n&atilde;o &eacute; coado). Assim, costuma se cortado em cubos pequenos e bem  regulares.</li>\r\n</ul>\r\n<p>&nbsp;</p>', NULL, NULL, NULL),
(18, 'Consommé Básico de Carne (800 ml)', '', 14, NULL, 60, 0, 5, NULL, NULL, '<p>&lt;!--  /* Font Definitions */ @font-face 	{font-family:Arial; 	panose-1:2 11 6 4 2 2 2 2 2 4; 	mso-font-charset:0; 	mso-generic-font-family:auto; 	mso-font-pitch:variable; 	mso-font-signature:-536859905 -1073711037 9 0 511 0;} @font-face 	{font-family:Arial; 	panose-1:2 11 6 4 2 2 2 2 2 4; 	mso-font-charset:0; 	mso-generic-font-family:auto; 	mso-font-pitch:variable; 	mso-font-signature:-536859905 -1073711037 9 0 511 0;}  /* Style Definitions */ p.MsoNormal, li.MsoNormal, div.MsoNormal 	{mso-style-unhide:no; 	mso-style-qformat:yes; 	mso-style-parent:\"\"; 	margin:0cm; 	margin-bottom:.0001pt; 	mso-pagination:widow-orphan; 	font-size:12.0pt; 	font-family:Arial; 	mso-fareast-font-family:\"Times New Roman\"; 	mso-bidi-font-family:\"Times New Roman\"; 	mso-fareast-language:PT-BR;} .MsoChpDefault 	{mso-style-type:export-only; 	mso-default-props:yes;} @page WordSection1 	{size:612.0pt 792.0pt; 	margin:72.0pt 90.0pt 72.0pt 90.0pt; 	mso-header-margin:36.0pt; 	mso-footer-margin:36.0pt; 	mso-paper-source:0;} div.WordSection1 	{page:WordSection1;} -</p>\r\n<ol>\r\n<li><span style=\"font-size: 12.0pt; font-family: Arial; mso-fareast-font-family: &quot;Times New Roman&quot;; mso-bidi-font-family: &quot;Times New Roman&quot;; mso-ansi-language: PT-BR; mso-fareast-language: PT-BR; mso-bidi-language: AR-SA;\">Misture todos os ingredientes e leve ao fogo moderado mexendo sempre.</span></li>\r\n<li><span style=\"font-size: 12.0pt; font-family: Arial; mso-fareast-font-family: &quot;Times New Roman&quot;; mso-bidi-font-family: &quot;Times New Roman&quot;; mso-ansi-language: PT-BR; mso-fareast-language: PT-BR; mso-bidi-language: AR-SA;\">Deixar ferver em fogo lento at&eacute; que se forme uma espuma (esta espuma s&atilde;o as impurezas coaguladas que formam um tamp&atilde;o). <br /></span></li>\r\n<li><span style=\"font-size: 12.0pt; font-family: Arial; mso-fareast-font-family: &quot;Times New Roman&quot;; mso-bidi-font-family: &quot;Times New Roman&quot;; mso-ansi-language: PT-BR; mso-fareast-language: PT-BR; mso-bidi-language: AR-SA;\">Fa&ccedil;a um furo neste tamp&atilde;o e siga com a coc&ccedil;&atilde;o por 30 a 40 minutos.</span></li>\r\n<li><span style=\"font-size: 12.0pt; font-family: Arial; mso-fareast-font-family: &quot;Times New Roman&quot;; mso-bidi-font-family: &quot;Times New Roman&quot;; mso-ansi-language: PT-BR; mso-fareast-language: PT-BR; mso-bidi-language: AR-SA;\">Coe o <em>consomm&eacute;&nbsp; </em><span style=\"text-decoration: underline;\">com cuidado</span> em filtro de papel ou pano etamine.</span></li>\r\n<li><span style=\"font-size: 12.0pt; font-family: Arial; mso-fareast-font-family: &quot;Times New Roman&quot;; mso-bidi-font-family: &quot;Times New Roman&quot;; mso-ansi-language: PT-BR; mso-fareast-language: PT-BR; mso-bidi-language: AR-SA;\">Ajuste o tempero (sal e pimenta) e decore com a guarni&ccedil;&atilde;o.</span></li>\r\n</ol>\r\n<p><span style=\"text-decoration: underline;\">Receita do <em>mirepoix</em></span><br /> 50% de cebola<br /> 25% sals&atilde;o<br /> 25% cenoura</p>\r\n<p>Op&ccedil;&atilde;o com alho por&oacute;<br /> 40% de cebola&nbsp; + 20%  sals&atilde;o + 20% cenoura + 20% alho porr&oacute;</p>', NULL, NULL, NULL),
(19, 'Fummet de Peixe', '', 1, NULL, 90, 0, 59, NULL, NULL, '<ol>\r\n<li> &lt;!--  /* Font Definitions */ @font-face 	{font-family:Arial; 	panose-1:2 11 6 4 2 2 2 2 2 4; 	mso-font-charset:0; 	mso-generic-font-family:auto; 	mso-font-pitch:variable; 	mso-font-signature:3 0 0 0 1 0;} @font-face 	{font-family:Arial; 	panose-1:2 11 6 4 2 2 2 2 2 4; 	mso-font-charset:0; 	mso-generic-font-family:auto; 	mso-font-pitch:variable; 	mso-font-signature:3 0 0 0 1 0;}  /* Style Definitions */ p.MsoNormal, li.MsoNormal, div.MsoNormal 	{mso-style-unhide:no; 	mso-style-qformat:yes; 	mso-style-parent:\"\"; 	margin:0cm; 	margin-bottom:.0001pt; 	mso-pagination:widow-orphan; 	font-size:12.0pt; 	font-family:Arial; 	mso-fareast-font-family:\"Times New Roman\"; 	mso-bidi-font-family:\"Times New Roman\"; 	mso-fareast-language:PT-BR;} .MsoChpDefault 	{mso-style-type:export-only; 	mso-default-props:yes;} @page WordSection1 	{size:612.0pt 792.0pt; 	margin:72.0pt 90.0pt 72.0pt 90.0pt; 	mso-header-margin:36.0pt; 	mso-footer-margin:36.0pt; 	mso-paper-source:0;} div.WordSection1 	{page:WordSection1;} --&gt; </li>\r\n<li><span style=\"mso-bidi-font-family: Verdana; font-variant: small-caps; mso-ansi-language: EN-US;\" lang=\"EN-US\">Antes de qualquer coisa, para limpar as impurezas, coloque as carcassas numa &aacute;gua fervendo por 5 minutos, tire desta </span><span style=\"mso-bidi-font-family: Verdana; font-variant: small-caps; mso-ansi-language: EN-US;\" lang=\"EN-US\">&aacute;gua</span><span style=\"mso-bidi-font-family: Verdana; font-variant: small-caps; mso-ansi-language: EN-US;\" lang=\"EN-US\"> e lave bem debaixo da torneira com </span><span style=\"mso-bidi-font-family: Verdana; font-variant: small-caps; mso-ansi-language: EN-US;\" lang=\"EN-US\">&aacute;gua</span><span style=\"mso-bidi-font-family: Verdana; font-variant: small-caps; mso-ansi-language: EN-US;\" lang=\"EN-US\"> fria corrente, limpando sangue e impurezas.</span></li>\r\n<li><span style=\"font-size: 12.0pt; font-family: Arial; mso-fareast-font-family: &quot;Times New Roman&quot;; mso-bidi-font-family: &quot;Times New Roman&quot;; mso-ansi-language: PT-BR; mso-fareast-language: PT-BR; mso-bidi-language: AR-SA;\">Lave bem e higienize os vegetais.</span></li>\r\n<li><span style=\"font-size: 12.0pt; font-family: Arial; mso-fareast-font-family: &quot;Times New Roman&quot;; mso-bidi-font-family: &quot;Times New Roman&quot;; mso-ansi-language: PT-BR; mso-fareast-language: PT-BR; mso-bidi-language: AR-SA;\">Corte os vegetais em cubos pequenos para fazer o <em>Mirepoix</em>.</span></li>\r\n<li><span style=\"font-size: 12.0pt; font-family: Arial; mso-fareast-font-family: &quot;Times New Roman&quot;; mso-bidi-font-family: &quot;Times New Roman&quot;; mso-ansi-language: PT-BR; mso-fareast-language: PT-BR; mso-bidi-language: AR-SA;\">Aque&ccedil;a o &oacute;leo e acrescente o <em>mirepoix</em>, a carca&ccedil;a e deixe suar por 3 a 5 minutos.</span></li>\r\n<li><span style=\"font-size: 12.0pt; font-family: Arial; mso-fareast-font-family: &quot;Times New Roman&quot;; mso-bidi-font-family: &quot;Times New Roman&quot;; mso-ansi-language: PT-BR; mso-fareast-language: PT-BR; mso-bidi-language: AR-SA;\">Acrescente os cogumelos, a &aacute;gua, o vinho e o <em>bouquet garni </em>e cozinhar em <em>simmer</em> por 30 a 40 minutos.</span> </li>\r\n</ol>', NULL, NULL, NULL),
(20, 'Cebola Brulé', '', 1, NULL, NULL, 0, 0, NULL, 1, '<p><strong>Cebola Br&ucirc;l&eacute;</strong>: meia cebola, com o lado cortado caramelizado em uma frigideira seca &ndash; usado para dar cor marrom aos preparos.</p>', NULL, NULL, NULL),
(21, 'Cebola Piquet', '', 1, NULL, NULL, 0, 60, NULL, 1, '<p><strong>Cebola piqu&eacute;</strong>: 1 cebola, com 1 folha de louro e 3 ou 4  cravos espetados nela &ndash; &eacute; o arom&aacute;tico caracter&iacute;stico do molho <em>b&eacute;chamel</em> (molho branco) e de algumas sopas.</p>', NULL, NULL, NULL),
(22, 'Sachet D\'épice', '', 1, NULL, NULL, 0, 60, NULL, 1, '<p><strong>Sachet d&rsquo;&eacute;pices</strong>: 1 folha de louro, 4 gr&atilde;os de pimenta  do reino, 1 ramo de tomilho, 2 talos de salsa, 1 dente de alho, 1 cravo.  Tudo em uma trouxinha de tecido &ndash; fica muito bom combinado com o <em> mirepoix</em>. Em vez da trouxinha de tecido, uma alternativa pr&aacute;tica &eacute; usar  aqueles infusores de inox para ch&aacute;.</p>', NULL, NULL, NULL),
(23, 'Bouquet Garni', '', 1, NULL, NULL, 0, 60, NULL, 1, '<p><strong>Bouquet Garni</strong>: 1 peda&ccedil;o de talo de sals&atilde;o, 2 talos de  salsinha, 1 ramo de tomilho, 1 folha de louro, envolvidos em 1 folha de  alho-por&oacute;. Tudo amarrado com um barbante &ndash; &eacute; muito usado em assados e  guisados.</p>', NULL, NULL, NULL),
(24, 'Molho Verde para Peixes e Frutos do Mar', '', 27, NULL, NULL, 0, 59, NULL, NULL, '<ol>\r\n<li>Lave e higienize todas as ervas frescas.</li>\r\n<li>Coloque todos os ingredientes numa processadora ou liquidificador e misture tudo muito bem para formar um creme homog&ecirc;neo.</li>\r\n</ol>', NULL, NULL, NULL),
(26, 'Camarões ao Curry', '', 12, NULL, 30, 0, 59, NULL, 2, '<ol>\r\n<li>Lave a cebola e o alho. Descasque-os. Tire o filete branco de dentro do centro do alho.</li>\r\n<li>Lave bem os camar&otilde;es, limpe, tire a barrigueira e enxugue de leve em papel toalha os camar&otilde;es.</li>\r\n<li>Misture a farinha e o <em>curry</em>.</li>\r\n<li>Pique a cebola e corte o alho bem fininho.</li>\r\n<li>Em frigideira grande, aque&ccedil;a a manteiga e o &oacute;leo em fogo m&eacute;dio, junte a cebola e sue por 5 minutos, at&eacute; que fique macia.</li>\r\n<li>Junte o alho e doure-o mexendo sempre, por mais 2 minutos.</li>\r\n<li>Coloque os camar&otilde;es em uma tigela e salpique sobre eles a farinha com o <em>curry</em>.</li>\r\n<li>Na frigideira, acrescente os camar&otilde;es e refogue-os, mexendo sempre, por 2 minutos ou at&eacute; que fiquem rosados.</li>\r\n<li>Reduza a chama, coloque o iogurte e aque&ccedil;a por 1 minuto ou at&eacute; que comece a borbulhar.</li>\r\n<li>Desligue, tempere com sal e pimenta e sirva.</li>\r\n</ol>', NULL, NULL, NULL),
(27, 'Massa para Pizza Básica', '', 1, NULL, 0, 0, 61, NULL, 30, '<ol>\r\n<li>Separar todos os ingredientes e utens&iacute;lios.</li>\r\n<li>Colocar a farinha sobre uma bancada de pedra e fazer uma cratera no centro.</li>\r\n<li>Colocar o azeite nesta cratera e misturar um pouco.</li>\r\n<li>Misturar a &aacute;gua com o a&ccedil;&uacute;car e o fermento, bem misturado.</li>\r\n<li>Colocar a mistura de &aacute;gua com a&ccedil;&uacute;car e fermento aos poucos, misturando bem.</li>\r\n<li>Chegando no ponto, sovar muito a massa at&eacute; ficar lisa.</li>\r\n<li>Deixar a massa descansar, embrulhada em um pano de prato, em local morno.</li>\r\n<li>Pode tamb&eacute;m j&aacute; fracionar a massa em pequenas bolas para cada disco de pizza e deixar a massa descansar, coberta pelo pano, em local morno, j&aacute; fracionada.</li>\r\n</ol>', NULL, NULL, NULL),
(29, 'Massa para Pizza Elaborada', '', 1, NULL, 0, 0, 62, NULL, 40, '<ol>\r\n<li> &lt;!--  /* Font Definitions */ @font-face 	{font-family:Arial; 	panose-1:2 11 6 4 2 2 2 2 2 4; 	mso-font-charset:0; 	mso-generic-font-family:auto; 	mso-font-pitch:variable; 	mso-font-signature:3 0 0 0 1 0;} @font-face 	{font-family:\"Cambria Math\"; 	panose-1:2 4 5 3 5 4 6 3 2 4; 	mso-font-charset:0; 	mso-generic-font-family:auto; 	mso-font-pitch:variable; 	mso-font-signature:3 0 0 0 1 0;}  /* Style Definitions */ p.MsoNormal, li.MsoNormal, div.MsoNormal 	{mso-style-unhide:no; 	mso-style-qformat:yes; 	mso-style-parent:\"\"; 	margin:0cm; 	margin-bottom:.0001pt; 	mso-pagination:widow-orphan; 	font-size:12.0pt; 	font-family:Arial; 	mso-fareast-font-family:\"Times New Roman\"; 	mso-bidi-font-family:\"Times New Roman\"; 	mso-fareast-language:PT-BR;} .MsoChpDefault 	{mso-style-type:export-only; 	mso-default-props:yes;} @page WordSection1 	{size:612.0pt 792.0pt; 	margin:72.0pt 90.0pt 72.0pt 90.0pt; 	mso-header-margin:36.0pt; 	mso-footer-margin:36.0pt; 	mso-paper-source:0;} div.WordSection1 	{page:WordSection1;} --&gt; Em uma vasilha grande, coloque a &aacute;gua com g&aacute;s, metade da farinha (1 kg) e os demais ingredientes.</li>\r\n<li>Misture bem com a ajuda de um garfo.</li>\r\n<li>O restante da farinha deve ser colocado gradualmente, at&eacute; que a massa comece a se desprender das m&atilde;os e da vasilha.</li>\r\n<li>Retire toda a massa da vasilha e coloque-a sobre uma superf&iacute;cie lisa, preferencialmente de m&aacute;rmore, previamente enfarinhada.</li>\r\n<li>Sove bem a massa nesta superf&iacute;cie. Se ainda estiver pegajosa, coloque um pouco de mais de farinha e continue sovando, at&eacute; ficar macia, lisa e el&aacute;stica. Este processo dura em torno de 30 minutos</li>\r\n<li>Para levedar a massa, devolva-a &aring; vasilha, cubra-a com pl&aacute;stico e deixe-a descansar na parte inferior da geladeira por cerca de 4 a 6 horas.</li>\r\n<li>Quando for fazer a pizza, retire a massa da geladeira 2 horas antes. Pegue peda&ccedil;os desta massa, cerca de 200 g cada peda&ccedil;o, e fa&ccedil;a bolas pequenas (panetto)</li>\r\n<li>Coloque estas bolas em caixas, bandejas ou recipientes pl&aacute;sticos grandes e deixe levedar novamente, em temperatura ambiente, cobertas com um pano de prato, por cerca de 1 hora e meia. A&iacute; ent&atilde;o a massa estar&aacute; pronta para ser usada</li>\r\n<li>Com um movimento do centro para a parte externa, e com a press&atilde;o dos dedos das duas m&atilde;os, fa&ccedil;a um disco de massa de cerca de 35 cm, de modo que a borda n&atilde;o seja superior a 1 ou 2 cm, ficando um pouco mais alta que o centro e formando, assim, o cornicione.</li>\r\n</ol>\r\n<p>Na falta do Lievito, pode substitu&iacute;-lo por fermento biol&oacute;gico seco.</p>', NULL, NULL, NULL),
(30, 'Molho de Tomate para Pizza Rápido', '', 1, NULL, 90, 0, 62, NULL, 40, '<ol>\r\n<li> &lt;!--  /* Font Definitions */ @font-face 	{font-family:Arial; 	panose-1:2 11 6 4 2 2 2 2 2 4; 	mso-font-charset:0; 	mso-generic-font-family:auto; 	mso-font-pitch:variable; 	mso-font-signature:3 0 0 0 1 0;} @font-face 	{font-family:\"Cambria Math\"; 	panose-1:2 4 5 3 5 4 6 3 2 4; 	mso-font-charset:0; 	mso-generic-font-family:auto; 	mso-font-pitch:variable; 	mso-font-signature:3 0 0 0 1 0;}  /* Style Definitions */ p.MsoNormal, li.MsoNormal, div.MsoNormal 	{mso-style-unhide:no; 	mso-style-qformat:yes; 	mso-style-parent:\"\"; 	margin:0cm; 	margin-bottom:.0001pt; 	mso-pagination:widow-orphan; 	font-size:12.0pt; 	font-family:Arial; 	mso-fareast-font-family:\"Times New Roman\"; 	mso-bidi-font-family:\"Times New Roman\"; 	mso-fareast-language:PT-BR;} .MsoChpDefault 	{mso-style-type:export-only; 	mso-default-props:yes;} @page WordSection1 	{size:612.0pt 792.0pt; 	margin:72.0pt 90.0pt 72.0pt 90.0pt; 	mso-header-margin:36.0pt; 	mso-footer-margin:36.0pt; 	mso-paper-source:0;} div.WordSection1 	{page:WordSection1;} --&gt;        Lave e higienize bem os tomates.</li>\r\n<li>Retire a pele e as sementes dos tomates e depois bata-os levemente no liquidificador, ou no mixer, ou no moedor de carne manual. O molho n&atilde;o deve ficar fluido, mas em peda&ccedil;os grosseiramente desfeitos.</li>\r\n<li>Para finalizar, acrescente o sal e o a&ccedil;&uacute;car e misture bem.</li>\r\n</ol>', NULL, NULL, NULL),
(31, 'Molho de Tomate para Pizza Elaborado', '', 1, NULL, 90, 0, 63, NULL, 4, '<ol>\r\n<li> &lt;!--  /* Font Definitions */ @font-face 	{font-family:Arial; 	panose-1:2 11 6 4 2 2 2 2 2 4; 	mso-font-charset:0; 	mso-generic-font-family:auto; 	mso-font-pitch:variable; 	mso-font-signature:3 0 0 0 1 0;} @font-face 	{font-family:\"Cambria Math\"; 	panose-1:2 4 5 3 5 4 6 3 2 4; 	mso-font-charset:0; 	mso-generic-font-family:auto; 	mso-font-pitch:variable; 	mso-font-signature:3 0 0 0 1 0;}  /* Style Definitions */ p.MsoNormal, li.MsoNormal, div.MsoNormal 	{mso-style-unhide:no; 	mso-style-qformat:yes; 	mso-style-parent:\"\"; 	margin:0cm; 	margin-bottom:.0001pt; 	mso-pagination:widow-orphan; 	font-size:12.0pt; 	font-family:Arial; 	mso-fareast-font-family:\"Times New Roman\"; 	mso-bidi-font-family:\"Times New Roman\"; 	mso-fareast-language:PT-BR;} .MsoChpDefault 	{mso-style-type:export-only; 	mso-default-props:yes;} @page WordSection1 	{size:612.0pt 792.0pt; 	margin:72.0pt 90.0pt 72.0pt 90.0pt; 	mso-header-margin:36.0pt; 	mso-footer-margin:36.0pt; 	mso-paper-source:0;} div.WordSection1 	{page:WordSection1;} --&gt;        Lave e higienize os tomates, a cebola, o alho e as ervas.</li>\r\n<li>Fa&ccedil;a a cebola batidinha.</li>\r\n<li>Esprema o alho.</li>\r\n<li>Pique os tomates.</li>\r\n<li>Pique bem as ervas. Todas as ervas juntas e picadas, devem dar uma colher de sopa.</li>\r\n<li>Aque&ccedil;a o azeite na panela, acrescente a cebola e o alho e frite-os por cerca de 5 minutos, at&eacute; que estejam macios.</li>\r\n<li>Adicione os tomates, o pur&ecirc; de tomate, as ervas, o a&ccedil;&uacute;car e os temperos.</li>\r\n<li>Cozinhe lentamente, sem tampa, mexendo &agrave;s vezes, por 15 a 20 minutos, ou at&eacute; reduzir o molho a uma pasta ligeiramente grossa.</li>\r\n</ol>', NULL, NULL, NULL),
(32, 'Dolore aut molestiae sunt est voluptas quis corrupti in', 'Sit eum architecto rerum deleniti nostrud proident eu ab quis cum mollitia officia voluptas deleniti quis officia', 17, NULL, NULL, 0, 5, NULL, NULL, '<p>teste <u>2</u><br></p>', '<p><b>teste <u>1</u></b></p>', '2017-03-09 01:37:29', NULL);

CREATE TABLE `receitas_ingredientes` (
  `id` int(11) NOT NULL,
  `receita_id` int(11) DEFAULT NULL,
  `ingrediente_id` int(11) DEFAULT NULL,
  `unidade_id` int(11) DEFAULT NULL,
  `quantidade` double DEFAULT NULL
) ENGINE=InnoDB DEFAULT CHARSET=utf8 COLLATE=utf8_unicode_ci;

INSERT INTO `receitas_ingredientes` (`id`, `receita_id`, `ingrediente_id`, `unidade_id`, `quantidade`) VALUES
(1, 1, 42, 1, 6),
(2, 1, 154, 2, 3),
(3, 1, 301, 2, 34),
(4, 1, 394, 3, 5),
(5, 2, 42, 1, 6),
(6, 2, 389, 4, 3),
(7, 2, 301, 2, 34),
(8, 2, 154, 2, 3),
(9, 2, 390, 4, 3),
(10, 2, 3, 5, 4),
(11, 2, 259, 6, 8),
(12, 2, 392, 3, 1),
(13, 2, 254, 4, 1),
(14, 2, 393, 7, 1),
(15, 2, 74, 3, 5),
(16, 2, 43, 2, 1),
(17, 3, 408, 2, 2),
(18, 3, 409, 8, 5),
(19, 3, 387, 2, 2),
(20, 3, 410, 2, 3),
(21, 3, 36, 2, 5),
(22, 3, 411, 2, 1),
(23, 3, 412, 2, 1),
(24, 3, 394, 9, 2),
(25, 3, 413, 4, 1),
(26, 4, 419, 2, 1),
(27, 4, 409, 8, 2),
(28, 4, 36, 2, 1),
(29, 4, 383, 2, 1),
(30, 4, 410, NULL, 2),
(31, 5, 42, 1, 3),
(32, 5, 36, 2, 1),
(33, 5, 383, 2, 1),
(34, 5, 410, 10, 1),
(35, 5, 387, 10, 1),
(36, 5, 3, 5, 2),
(37, NULL, 3, NULL, NULL),
(38, 5, 420, 11, 500),
(39, 5, 409, 12, 2),
(40, 6, 421, 13, 3),
(41, 6, 409, 8, 5),
(42, 6, 387, 2, 2),
(43, 6, 410, 2, 3),
(44, 6, 36, 2, 5),
(45, 6, 411, 2, 2),
(46, 6, 412, 2, 1),
(47, 6, 3, 2, 1),
(48, 6, 394, 9, 2),
(49, 6, 413, 4, 1),
(50, 7, 1, NULL, 0),
(51, 8, 369, 2, 6),
(52, 8, 394, 14, NULL),
(53, 8, 414, 14, NULL),
(54, 8, 392, 15, 1),
(55, 8, 42, 1, 1),
(56, 8, 390, 14, NULL),
(57, 9, 418, 16, 200),
(58, 9, 383, 2, 1),
(59, 9, 415, 16, 60),
(60, 9, 47, 2, 1),
(61, 9, 417, 2, 12),
(62, 9, 259, 14, NULL),
(63, 9, 394, 14, NULL),
(64, 9, 413, 14, NULL),
(65, 10, 195, 16, 250),
(66, 10, 422, 17, 1),
(67, 10, 423, 2, 2),
(68, 10, 394, 14, NULL),
(69, 11, 419, 2, 1),
(70, 11, 64, NULL, NULL),
(71, 12, 419, 2, 1),
(72, 12, 428, 18, 1),
(73, 12, 390, 14, NULL),
(74, 12, 383, 14, NULL),
(75, 12, 42, 14, NULL),
(76, 12, 433, 14, NULL),
(77, 12, 438, 17, 1),
(78, 12, 198, 3, 1),
(79, 12, 305, 14, NULL),
(80, 12, 306, 14, NULL),
(81, 12, 259, 14, NULL),
(82, 12, 440, 14, NULL),
(83, 13, 195, 16, 250),
(84, 13, 422, 17, 1),
(85, 13, 423, 2, 2),
(86, 13, 392, 4, 2),
(87, NULL, 1, NULL, 0),
(88, 15, 403, 2, 4),
(89, 15, 195, 16, 400),
(90, 15, 84, NULL, NULL),
(91, 16, 403, 2, 4),
(92, 16, 195, 16, 200),
(93, 16, 83, 16, 200),
(94, 17, 154, 2, 2),
(95, 17, 410, 2, 1),
(96, 17, 36, 2, 1),
(97, 18, 442, 16, 250),
(98, 18, 424, 2, 3),
(99, 18, 446, 16, 85),
(100, 18, 445, 2, 1),
(101, 18, 451, 2, 1),
(102, 18, 452, 12, 1),
(103, 18, 394, 14, NULL),
(104, 18, 453, 16, 125),
(105, 18, 413, 14, NULL),
(106, 19, 454, 11, 15),
(107, 19, 455, 16, 500),
(108, 19, 453, 16, 60),
(109, 20, 154, NULL, 0),
(110, 21, 154, NULL, 0),
(111, 21, 3, 5, 1),
(112, NULL, 3, NULL, NULL),
(113, 21, 456, 2, 4),
(114, 22, 3, 5, 1),
(115, 22, 414, 19, 4),
(116, 22, 141, 6, 1),
(117, 22, 259, 10, 2),
(118, 22, 42, 1, 1),
(119, 22, 456, 2, 1),
(120, 23, 410, 21, 1),
(121, 23, 259, 10, 2),
(122, 23, 141, 6, 1),
(123, 23, 3, 5, 1),
(124, 23, 387, 5, 1),
(125, 19, 458, 16, 30),
(126, 19, 459, 11, 100),
(127, 19, 412, 2, 1),
(128, 24, 460, 22, 1),
(129, 24, 461, 7, 1),
(130, 24, 462, 4, 2),
(131, 24, 466, 4, 2),
(132, 24, 259, 4, 2),
(133, 24, 465, 3, 1),
(134, 24, 467, NULL, NULL),
(135, 25, 384, NULL, 0),
(136, 26, 384, 2, 1),
(137, 26, 42, 1, 1),
(138, 26, 416, 4, 2),
(139, 26, 389, 4, 1),
(140, 26, 474, 16, 300),
(141, 26, 195, 4, 1),
(142, 26, 468, 4, 2),
(143, 26, 461, 7, 1),
(144, 26, 394, 14, NULL),
(145, 26, 413, 14, NULL),
(146, 26, 259, 23, NULL),
(147, 27, 195, 13, 1),
(148, 27, 390, 4, 3),
(149, 27, 477, 11, 750),
(150, 27, 392, 3, 3),
(151, 27, 479, 17, 2),
(152, 28, 1, NULL, 0),
(153, 29, 480, 13, 1),
(154, 29, 481, 16, 500),
(155, 29, 482, 12, 1),
(156, 29, 394, 16, 30),
(157, 29, 392, 16, 60),
(158, 29, 483, 11, 20),
(159, 29, 484, 16, 5),
(160, 30, 301, 13, 2),
(161, 30, 394, 16, 5),
(162, 30, 392, 16, 10),
(163, 31, 390, 4, 1),
(164, 31, 383, 2, 1),
(165, 31, 42, 1, 1),
(166, 31, 301, 16, 400),
(167, 31, 486, 4, 1),
(168, 31, 259, 3, 1),
(169, 31, 141, 3, 1),
(170, 31, 14, 3, 1),
(171, 31, 263, 3, 1),
(172, 31, 392, 15, 1),
(173, 31, 394, 14, NULL),
(174, 31, 414, 14, NULL),
(178, NULL, 392, NULL, NULL),
(179, 33, 184, NULL, 0),
(180, NULL, 1, NULL, NULL),
(181, 33, 394, NULL, NULL),
(195, 32, 323, NULL, NULL),
(196, 32, 326, NULL, NULL),
(197, 32, 329, NULL, NULL),
(198, 32, 331, NULL, NULL),
(199, 32, 333, NULL, NULL),
(200, 32, 383, NULL, NULL),
(201, 32, 557, NULL, NULL),
(202, 32, 564, NULL, NULL),
(203, 32, 565, NULL, NULL),
(204, 32, 567, NULL, NULL),
(205, 32, 569, NULL, NULL),
(206, 32, 571, NULL, NULL),
(207, 32, 579, NULL, NULL);

CREATE TABLE `receita_cardapios` (
  `id` int(11) NOT NULL,
  `receita_id` int(11) DEFAULT NULL,
  `cardapio_id` int(11) DEFAULT NULL,
  `dia` int(11) DEFAULT NULL,
  `refeicao` int(11) DEFAULT NULL
) ENGINE=InnoDB DEFAULT CHARSET=utf8 COLLATE=utf8_unicode_ci;

CREATE TABLE `sexos` (
  `id` int(11) NOT NULL,
  `tipo` varchar(255) COLLATE utf8_unicode_ci DEFAULT NULL
) ENGINE=InnoDB DEFAULT CHARSET=utf8 COLLATE=utf8_unicode_ci;

INSERT INTO `sexos` (`id`, `tipo`) VALUES
(1, 'Masculino'),
(2, 'Feminino');

CREATE TABLE `tipo_cardapios` (
  `id` int(11) NOT NULL,
  `tipo` varchar(255) COLLATE utf8_unicode_ci DEFAULT NULL
) ENGINE=InnoDB DEFAULT CHARSET=utf8 COLLATE=utf8_unicode_ci;

INSERT INTO `tipo_cardapios` (`id`, `tipo`) VALUES
(1, 'Residencial'),
(2, 'Comercial');

CREATE TABLE `tipo_receitas` (
  `id` int(11) NOT NULL,
  `nome` varchar(255) COLLATE utf8_unicode_ci DEFAULT NULL
) ENGINE=InnoDB DEFAULT CHARSET=utf8 COLLATE=utf8_unicode_ci;

INSERT INTO `tipo_receitas` (`id`, `nome`) VALUES
(1, 'Receita-Base'),
(2, 'Aperitivo'),
(3, 'Sopa'),
(4, 'Salada'),
(5, 'Prato Principal: Carne Bovina'),
(6, 'Prato Principal: Carne de Caça Silvestre'),
(7, 'Prato Principal: Carne de Ave'),
(8, 'Prato Principal: Carne de Ovino'),
(9, 'Prato Principal: Carne de Suíno'),
(10, 'Prato Principal: Carne de Caça Selvagem'),
(11, 'Prato Principal: Carne Exótica'),
(12, 'Prato Principal: Pescados'),
(13, 'Prato Principal: Vegetariano'),
(14, 'Acompanhamento'),
(15, 'Sobremesa'),
(16, 'Papinha Infantil'),
(17, 'Lanche Escolar'),
(18, 'Bebida: Suco'),
(19, 'Bebida: Chá'),
(20, 'Bebida: Café'),
(21, 'Bebida: Chocolate'),
(22, 'Bebida: Frapé'),
(23, 'Bebida: Smoothie'),
(24, 'Conserva: Geléia'),
(25, 'Conserva: Chutney'),
(26, 'Manteiga'),
(27, 'Molhos');

CREATE TABLE `unidades` (
  `id` int(11) NOT NULL,
  `unidade` varchar(255) COLLATE utf8_unicode_ci DEFAULT NULL
) ENGINE=InnoDB DEFAULT CHARSET=utf8 COLLATE=utf8_unicode_ci;

INSERT INTO `unidades` (`id`, `unidade`) VALUES
(1, 'dente'),
(2, 'unidade'),
(3, 'colher de chá'),
(4, 'colher de sopa'),
(5, 'folha'),
(6, 'ramo'),
(7, 'xícara de chá'),
(9, 'colher de café'),
(10, 'talo'),
(11, 'ml'),
(12, 'litro'),
(13, 'kg'),
(14, 'Q.B.'),
(15, 'pitada'),
(16, 'gramas'),
(17, 'tablete'),
(18, 'colher de sobremesa'),
(19, 'grão'),
(20, 'pedaço médio'),
(21, 'pedaço pequeno'),
(25, 'xícara de cháara de chá');

CREATE TABLE `users` (
  `id` int(11) NOT NULL,
  `created_at` timestamp NULL DEFAULT NULL,
  `updated_at` timestamp NULL DEFAULT NULL,
  `name` varchar(255) COLLATE utf8_unicode_ci DEFAULT NULL,
  `email` varchar(255) COLLATE utf8_unicode_ci NOT NULL,
  `password` varchar(255) COLLATE utf8_unicode_ci NOT NULL,
  `password_salt` varchar(255) COLLATE utf8_unicode_ci NOT NULL,
  `remember_token` varchar(255) COLLATE utf8_unicode_ci NOT NULL,
  `login_count` int(11) NOT NULL DEFAULT '0',
  `last_request_at` datetime DEFAULT NULL,
  `last_login_at` datetime DEFAULT NULL,
  `current_login_at` datetime DEFAULT NULL,
  `last_login_ip` varchar(255) COLLATE utf8_unicode_ci DEFAULT NULL,
  `current_login_ip` varchar(255) COLLATE utf8_unicode_ci DEFAULT NULL
) ENGINE=InnoDB DEFAULT CHARSET=utf8 COLLATE=utf8_unicode_ci;

INSERT INTO `users` (`id`, `created_at`, `updated_at`, `name`, `email`, `password`, `password_salt`, `remember_token`, `login_count`, `last_request_at`, `last_login_at`, `current_login_at`, `last_login_ip`, `current_login_ip`) VALUES
(1, '2011-03-12 08:02:39', '2013-08-15 21:02:44', NULL, 'juliano', '6e3728ce62ac4ad4ff4f3bd585c7760183f28ac973528e6042d19dcc5cb0acc5c4723bb5a6e58cd3a918f5b2fcabd23be1d6027a78a232ae29d88b5052bbbcf0', 'YlEAdnHkO8tHp6BikmCB', '201a548516ff6ade0507d1350dd64ba1b692d9d861b44cae82d48e9bbdb9e0f95b1559130ef1268c3b5ce5316c3aaf6f141b85a2579b42f88b9f5da0ee4acac7', 210, '2013-08-15 18:02:44', '2013-07-07 21:25:29', '2013-08-15 14:44:22', '177.62.126.6', '189.121.201.233'),
(2, '2011-12-12 22:19:08', '2013-01-31 23:36:36', NULL, 'lp360', '05f9575a7b48e0c26a3c13fd52a0f5699eea3f6e1b9261f92859e13587a541b9a3c4b0e4bcb902cb90c1439801c70b5c672a498ddc5cccdb86a8f814c4c46695', 'IqdwzhBR1kCvQQukjCVk', '0ad0095b5a41992cd14e6febc328d44ea33a687abda8d69dd4fdd2139053a6129d6c13734d10f871ec0681628b776888edbd57ea54828acacbaa7b75d1a85ec4', 37, '2013-01-31 21:36:36', '2013-01-31 18:29:00', '2013-01-31 18:35:27', '190.242.128.50', '189.126.197.26'),
(3, '2013-07-20 06:53:18', '2013-07-20 06:56:35', NULL, 'graziellaluna', '7f9ef47b3e3ebf585d2ca66416699105dede1471247bec836b09727fa32c4417bf6c39a8c20700bd55c20b0a472eb0f653bc3ba7e4a149fd05fbd23de6fb2b1c', 'CN9jDsl462fMgbW6wQCM', 'bbc3c9a9e12c1fd9a8fa294c88611b11e8b9bef245f89eeef65d772c9d39db6d4b5f790fc95efa20ee67f352c90e0f16f74027159f7544a908f01c566aad8e18', 1, '2013-07-20 03:56:35', NULL, '2013-07-20 03:53:27', NULL, '177.97.155.223'),
(4, '2017-03-09 00:16:15', '2017-03-09 03:07:31', 'admin', 'admin@admin.com', '$2y$10$GXvPOxqsmSyKaqrEE.Zg5eK86aOyUZQQloNjQRQ4iqx9SySRIxEbq', '', 'MNYjei17HnWghySGIIIrNxtqJSiiPRy8nX0nFvZ0LfJNgu3OzvNE2qn4aevM', 0, NULL, NULL, NULL, NULL, NULL);


ALTER TABLE `bebidas`
  ADD PRIMARY KEY (`id`);

ALTER TABLE `caracteristicas`
  ADD PRIMARY KEY (`id`);

ALTER TABLE `cardapios`
  ADD PRIMARY KEY (`id`);

ALTER TABLE `cidades`
  ADD PRIMARY KEY (`id`),
  ADD KEY `fk_Cidade_estado` (`estado_id`);

ALTER TABLE `clientes`
  ADD PRIMARY KEY (`id`);

ALTER TABLE `clientes_site`
  ADD PRIMARY KEY (`id`);

ALTER TABLE `cliente_cardapios`
  ADD PRIMARY KEY (`id`);

ALTER TABLE `dicionario`
  ADD PRIMARY KEY (`id`);

ALTER TABLE `distribuidores`
  ADD PRIMARY KEY (`id`);

ALTER TABLE `especialidades`
  ADD PRIMARY KEY (`id`);

ALTER TABLE `estados`
  ADD PRIMARY KEY (`id`);

ALTER TABLE `estado_civils`
  ADD PRIMARY KEY (`id`);

ALTER TABLE `fontes`
  ADD PRIMARY KEY (`id`);

ALTER TABLE `fornecedores`
  ADD PRIMARY KEY (`id`);

ALTER TABLE `fornecedores_distribuidores`
  ADD KEY `fd_distribuidor_id` (`fornecedor_id`);

ALTER TABLE `fornecedores_site`
  ADD PRIMARY KEY (`id`);

ALTER TABLE `fornecedor_especialidades`
  ADD PRIMARY KEY (`id`);

ALTER TABLE `grupos`
  ADD PRIMARY KEY (`id`);

ALTER TABLE `ingredientes`
  ADD PRIMARY KEY (`id`);

ALTER TABLE `ingredientes_caracteristicas`
  ADD PRIMARY KEY (`id`),
  ADD KEY `ingrediente_id` (`ingrediente_id`),
  ADD KEY `caracteristica_id` (`caracteristica_id`);

ALTER TABLE `ingredientes_grupos`
  ADD PRIMARY KEY (`id`),
  ADD KEY `ingrediente_id` (`ingrediente_id`),
  ADD KEY `grupo_id` (`grupo_id`);

ALTER TABLE `ingredientes_historico_revisao`
  ADD PRIMARY KEY (`id`),
  ADD KEY `ingredientes_historico_fk` (`ingredientes_id`),
  ADD KEY `ingredientes_historico_cliente_id` (`clientes_site_id`);

ALTER TABLE `ingredientes_relacionados`
  ADD PRIMARY KEY (`id`),
  ADD KEY `ingrediente_id_to` (`ingrediente_id_to`),
  ADD KEY `ingrediente_id_from` (`ingrediente_id_from`);

ALTER TABLE `ingrediente_bebidas`
  ADD PRIMARY KEY (`id`);

ALTER TABLE `migrations`
  ADD PRIMARY KEY (`id`);

ALTER TABLE `momentos`
  ADD PRIMARY KEY (`id`);

ALTER TABLE `ocasiaos`
  ADD PRIMARY KEY (`id`);

ALTER TABLE `parceiros`
  ADD PRIMARY KEY (`id`);

ALTER TABLE `password_resets`
  ADD PRIMARY KEY (`id`);

ALTER TABLE `periodos`
  ADD PRIMARY KEY (`id`);

ALTER TABLE `receitas`
  ADD PRIMARY KEY (`id`);

ALTER TABLE `receitas_ingredientes`
  ADD PRIMARY KEY (`id`);

ALTER TABLE `receita_cardapios`
  ADD PRIMARY KEY (`id`);

ALTER TABLE `sexos`
  ADD PRIMARY KEY (`id`);

ALTER TABLE `tipo_cardapios`
  ADD PRIMARY KEY (`id`);

ALTER TABLE `tipo_receitas`
  ADD PRIMARY KEY (`id`);

ALTER TABLE `unidades`
  ADD PRIMARY KEY (`id`);

ALTER TABLE `users`
  ADD PRIMARY KEY (`id`),
  ADD KEY `index_users_on_login` (`email`),
  ADD KEY `index_users_on_persistence_token` (`remember_token`),
  ADD KEY `index_users_on_last_request_at` (`last_request_at`);


ALTER TABLE `bebidas`
  MODIFY `id` int(11) NOT NULL AUTO_INCREMENT;
ALTER TABLE `caracteristicas`
  MODIFY `id` int(11) NOT NULL AUTO_INCREMENT, AUTO_INCREMENT=40;
ALTER TABLE `cardapios`
  MODIFY `id` int(11) NOT NULL AUTO_INCREMENT;
ALTER TABLE `cidades`
  MODIFY `id` int(11) NOT NULL AUTO_INCREMENT, AUTO_INCREMENT=5565;
ALTER TABLE `clientes`
  MODIFY `id` int(11) NOT NULL AUTO_INCREMENT, AUTO_INCREMENT=7;
ALTER TABLE `clientes_site`
  MODIFY `id` int(11) NOT NULL AUTO_INCREMENT, AUTO_INCREMENT=8;
ALTER TABLE `cliente_cardapios`
  MODIFY `id` int(11) NOT NULL AUTO_INCREMENT, AUTO_INCREMENT=2;
ALTER TABLE `dicionario`
  MODIFY `id` int(11) NOT NULL AUTO_INCREMENT;
ALTER TABLE `distribuidores`
  MODIFY `id` int(11) NOT NULL AUTO_INCREMENT, AUTO_INCREMENT=27;
ALTER TABLE `especialidades`
  MODIFY `id` int(11) NOT NULL AUTO_INCREMENT, AUTO_INCREMENT=188;
ALTER TABLE `estados`
  MODIFY `id` int(11) NOT NULL AUTO_INCREMENT, AUTO_INCREMENT=28;
ALTER TABLE `estado_civils`
  MODIFY `id` int(11) NOT NULL AUTO_INCREMENT, AUTO_INCREMENT=3;
ALTER TABLE `fontes`
  MODIFY `id` int(11) NOT NULL AUTO_INCREMENT, AUTO_INCREMENT=64;
ALTER TABLE `fornecedores`
  MODIFY `id` int(11) NOT NULL AUTO_INCREMENT, AUTO_INCREMENT=144;
ALTER TABLE `fornecedores_site`
  MODIFY `id` int(11) NOT NULL AUTO_INCREMENT, AUTO_INCREMENT=5;
ALTER TABLE `fornecedor_especialidades`
  MODIFY `id` int(11) NOT NULL AUTO_INCREMENT, AUTO_INCREMENT=741;
ALTER TABLE `grupos`
  MODIFY `id` int(11) NOT NULL AUTO_INCREMENT, AUTO_INCREMENT=39;
ALTER TABLE `ingredientes`
  MODIFY `id` int(11) NOT NULL AUTO_INCREMENT, AUTO_INCREMENT=582;
ALTER TABLE `ingredientes_caracteristicas`
  MODIFY `id` int(11) NOT NULL AUTO_INCREMENT, AUTO_INCREMENT=43;
ALTER TABLE `ingredientes_grupos`
  MODIFY `id` int(11) UNSIGNED NOT NULL AUTO_INCREMENT, AUTO_INCREMENT=41;
ALTER TABLE `ingredientes_historico_revisao`
  MODIFY `id` int(11) NOT NULL AUTO_INCREMENT, AUTO_INCREMENT=3;
ALTER TABLE `ingredientes_relacionados`
  MODIFY `id` int(11) UNSIGNED NOT NULL AUTO_INCREMENT, AUTO_INCREMENT=42;
ALTER TABLE `ingrediente_bebidas`
  MODIFY `id` int(11) NOT NULL AUTO_INCREMENT;
ALTER TABLE `migrations`
  MODIFY `id` int(10) UNSIGNED NOT NULL AUTO_INCREMENT, AUTO_INCREMENT=78;
ALTER TABLE `momentos`
  MODIFY `id` int(11) NOT NULL AUTO_INCREMENT, AUTO_INCREMENT=9;
ALTER TABLE `ocasiaos`
  MODIFY `id` int(11) NOT NULL AUTO_INCREMENT, AUTO_INCREMENT=32;
ALTER TABLE `parceiros`
  MODIFY `id` int(11) NOT NULL AUTO_INCREMENT, AUTO_INCREMENT=5;
ALTER TABLE `password_resets`
  MODIFY `id` int(11) NOT NULL AUTO_INCREMENT, AUTO_INCREMENT=15;
ALTER TABLE `periodos`
  MODIFY `id` int(11) NOT NULL AUTO_INCREMENT, AUTO_INCREMENT=7;
ALTER TABLE `receitas`
  MODIFY `id` int(11) NOT NULL AUTO_INCREMENT, AUTO_INCREMENT=33;
ALTER TABLE `receitas_ingredientes`
  MODIFY `id` int(11) NOT NULL AUTO_INCREMENT, AUTO_INCREMENT=208;
ALTER TABLE `receita_cardapios`
  MODIFY `id` int(11) NOT NULL AUTO_INCREMENT;
ALTER TABLE `sexos`
  MODIFY `id` int(11) NOT NULL AUTO_INCREMENT, AUTO_INCREMENT=3;
ALTER TABLE `tipo_cardapios`
  MODIFY `id` int(11) NOT NULL AUTO_INCREMENT, AUTO_INCREMENT=3;
ALTER TABLE `tipo_receitas`
  MODIFY `id` int(11) NOT NULL AUTO_INCREMENT, AUTO_INCREMENT=28;
ALTER TABLE `unidades`
  MODIFY `id` int(11) NOT NULL AUTO_INCREMENT, AUTO_INCREMENT=26;
ALTER TABLE `users`
  MODIFY `id` int(11) NOT NULL AUTO_INCREMENT, AUTO_INCREMENT=5;

ALTER TABLE `cidades`
  ADD CONSTRAINT `fk_cidade_estado` FOREIGN KEY (`estado_id`) REFERENCES `estados` (`id`) ON DELETE CASCADE ON UPDATE CASCADE;

ALTER TABLE `fornecedores_distribuidores`
  ADD CONSTRAINT `fd_distribuidor_id` FOREIGN KEY (`fornecedor_id`) REFERENCES `fornecedores` (`id`),
  ADD CONSTRAINT `fd_fornecedor_id` FOREIGN KEY (`fornecedor_id`) REFERENCES `fornecedores` (`id`);

ALTER TABLE `ingredientes_caracteristicas`
  ADD CONSTRAINT `ingredientes_caracteristicas_ibfk_1` FOREIGN KEY (`ingrediente_id`) REFERENCES `ingredientes` (`id`) ON DELETE CASCADE ON UPDATE CASCADE,
  ADD CONSTRAINT `ingredientes_caracteristicas_ibfk_2` FOREIGN KEY (`caracteristica_id`) REFERENCES `caracteristicas` (`id`) ON DELETE CASCADE ON UPDATE CASCADE;

ALTER TABLE `ingredientes_grupos`
  ADD CONSTRAINT `ingredientes_grupos_ibfk_1` FOREIGN KEY (`ingrediente_id`) REFERENCES `ingredientes` (`id`) ON DELETE CASCADE ON UPDATE CASCADE,
  ADD CONSTRAINT `ingredientes_grupos_ibfk_2` FOREIGN KEY (`grupo_id`) REFERENCES `grupos` (`id`) ON DELETE CASCADE ON UPDATE CASCADE;

ALTER TABLE `ingredientes_historico_revisao`
  ADD CONSTRAINT `ingredientes_historico_cliente_id` FOREIGN KEY (`clientes_site_id`) REFERENCES `clientes_site` (`id`),
  ADD CONSTRAINT `ingredientes_historico_fk` FOREIGN KEY (`ingredientes_id`) REFERENCES `ingredientes` (`id`) ON DELETE CASCADE ON UPDATE CASCADE;

ALTER TABLE `ingredientes_relacionados`
  ADD CONSTRAINT `ingredientes_relacionados_ibfk_1` FOREIGN KEY (`ingrediente_id_to`) REFERENCES `ingredientes` (`id`) ON DELETE CASCADE ON UPDATE CASCADE,
  ADD CONSTRAINT `ingredientes_relacionados_ibfk_2` FOREIGN KEY (`ingrediente_id_from`) REFERENCES `ingredientes` (`id`) ON DELETE CASCADE ON UPDATE CASCADE;

/*!40101 SET CHARACTER_SET_CLIENT=@OLD_CHARACTER_SET_CLIENT */;
/*!40101 SET CHARACTER_SET_RESULTS=@OLD_CHARACTER_SET_RESULTS */;
/*!40101 SET COLLATION_CONNECTION=@OLD_COLLATION_CONNECTION */;
